Acetanaerobacterium,Acidaminococcus,Actinomyces,Akkermansia,Alistipes,Allisonella,Anaerofilum,Anaerosporobacter,Anaerostipes,Anaerotruncus,Anaerovorax,Bacteroides,Barnesiella,Bifidobacterium,Blautia,Butyricicoccus,Butyricimonas,Catenibacterium,Clostridium_III,Clostridium_IV,Clostridium_XI,Clostridium_XVIII,Clostridium_XlVa,Clostridium_XlVb,Clostridium_sensu_stricto,Collinsella,Coprobacillus,Coprococcus,Desulfovibrio,Dialister,Dorea,Eggerthella,Enterobacter,Erysipelotrichaceae_incertae_sedis,Escherichia/Shigella,Eubacterium,Faecalibacterium,Flavonifractor,Gemmiger,Gordonibacter,Haemophilus,Hespellia,Holdemania,Howardella,Lachnobacterium,Lachnospira,Lachnospiracea_incertae_sedis,Lactobacillus,Lactococcus,Megasphaera,Methanobrevibacter,Mogibacterium,Odoribacter,Oscillibacter,Parabacteroides,Paraprevotella,Parasutterella,Phascolarctobacterium,Porphyromonas,Prevotella,Pseudoflavonifractor,Roseburia,Ruminococcus,Ruminococcus2,Sporobacter,Streptococcus,Subdoligranulum,Sutterella,Turicibacter,Veillonella,Victivallis,true_label
0.016361930488975773,0.0,-0.004330867518493653,-0.011230805575242142,0.0059119629762718895,0.0011049935729309235,0.01135995394242556,0.0009975341851602981,0.0,5.551115123125783e-17,0.010233271390081844,-0.0015355417529330784,0.0009975341851602981,-0.003333333333333355,-0.005717654503821945,0.011797791580400285,0.020000000000000073,0.0155068736733312,-0.014211232027637466,-0.0015355417529330784,-0.004635603696184487,-0.006666666666666654,0.0,0.019108734232220814,-0.0014277977788415552,-0.0030710835058661012,-0.014737714277616387,0.0033333333333332438,0.004162569165958696,0.002335799148173001,-0.006193632136440919,-0.023520204400918843,0.02849343668445231,0.005725111598797072,-0.014868875086266387,5.551115123125783e-17,-0.004962201576418468,-0.00030437752819834074,-0.0054572632151107525,-0.014133590728573342,-0.00316632051502147,-0.003333333333333355,-0.024133590728573406,0.0,-0.03654901373308239,-0.0031317486555098584,0.002746803743245041,-0.004564138908575377,-0.009461164386214582,-0.02435587133410111,0.002102527758091166,-0.006666666666666654,0.0,-0.0399913206318408,0.0,5.551115123125783e-17,0.0,0.007779845419454867,-0.003015707475140239,-0.010000000000000009,0.011993478723683226,0.013568513725881526,0.0015355417529330229,0.0,-0.038102151429819375,-0.0781169301952927,0.001797791580400332,-0.013595583160800562,-0.003333333333333355,-0.013372304481897801,0.0,0
-5.551115123125783e-17,-0.013828854550882452,-0.006508826717824545,-0.009064295977011583,-0.002206937636716255,-0.002600485239929007,0.004114130772199964,-0.002766347328175267,-0.0249956782859852,-0.012166509598230735,0.026971002113611475,0.0015355417529329674,-5.551115123125783e-17,-5.551115123125783e-17,-0.0023357991481730567,0.02124032405625409,-5.551115123125783e-17,-0.004409348468878915,0.006928916494133852,-0.03772953253886663,-0.016654180710458766,0.006128659098893818,-0.006874387081059308,-5.551115123125783e-17,-0.028464458247067004,-0.0033333333333334103,-0.01496285732042163,0.013935322741245537,0.0031029132740220677,-5.551115123125783e-17,-0.010538007567772845,-0.022576646851954152,0.041607076774889895,-0.023896891876795445,0.01886116814221006,0.01210252775809112,-5.551115123125783e-17,-0.0036463223713648074,-5.417139690161443e-05,-0.001797791580400332,-0.00666666666666671,-5.551115123125783e-17,-0.015406682881057121,0.0042690373563218365,-0.009002465814839822,0.010763542593092978,0.008202208419599621,0.0,-0.007897472241908954,-0.007292915743103645,0.011647467889855434,0.009400162270055357,-0.01723365267182486,0.005973868659197301,-0.004868875086266378,0.0015355417529330229,-0.018805473611240353,0.026765617028127242,0.0033333333333332438,0.0006367330933743642,-5.551115123125783e-17,-0.05749032855428887,-0.010800257395240098,0.007897472241908676,-0.001473711590761373,-0.011162271746729846,0.0033333333333332993,-0.005131124913733687,0.001797791580400221,0.00010221425946338458,-0.0009357040229885927,0
0.0033333333333332993,0.03423790724096876,0.04277521439466031,-0.014283298363358954,-0.035036180781273685,0.02692891649413398,0.0017977915804002764,0.0012117463496148506,0.007434802749145986,0.015462737890809652,0.0013022703628512433,-0.007800638676982885,-0.009002465814839766,-0.011768813143014922,-0.007664200851827063,-0.022944200586120678,-0.0017977915804002764,-0.0017977915804003874,-0.0012308055752422442,-0.0024712457759216155,0.0,-0.0025365033997893915,0.0,-0.013102913274022243,0.020220785433873956,0.007897472241908843,0.007172107095973823,0.002102527758091055,-0.004848060831903478,-0.005131124913733687,0.0,0.020234262587489393,0.038130743631990704,0.0,-0.001435295653388291,-0.01333333333333342,-0.013438682146755698,0.002102527758091166,-0.015964234033760016,0.0,-0.011690332192629715,0.0,0.0,0.0015355417529330229,-0.0015355417529331339,0.015375845904915586,0.017635222414441598,0.03147542413469928,0.0033333333333334103,0.014521350726015014,-0.00666666666666671,0.0007387118193890041,0.0033333333333334103,-0.03821896208303699,0.0027809398046505507,0.006340528365289533,0.0033066887008794676,0.015876935925758118,0.0033333333333332993,-0.021464076965324153,0.03123080557524216,0.00734119824118884,-0.009180199019829915,-0.021797791580400405,0.00666666666666671,0.00023042005931117604,-0.006283622424617552,0.008726708074534129,0.0033333333333334103,-0.0015355417529331339,-0.0033333333333334103,1
0.0006324350570526271,0.0005669860051580877,-0.003333333333333466,0.026868108288592457,-0.009783263253706542,0.01069018979707348,-0.007725746427677926,-0.007466924061906743,-0.026989479217532863,-0.003333333333333466,0.013595583160800506,0.013649656041447022,-0.0018431292613946826,-0.005669132481506467,-0.00026224982746725356,-0.011945996903805323,0.0033333333333332438,6.183016217170545e-05,0.006531220038918095,-0.006210208943315421,0.0033333333333332438,-1.1102230246251565e-16,0.0005681013280179892,0.010411004595071882,-0.029802723210079873,0.0033333333333332438,0.02510164778130916,-0.009264715642307075,0.004072045152722414,0.017075812722982503,-0.005131124913733742,-1.1102230246251565e-16,-1.1102230246251565e-16,-5.551115123125783e-17,-1.1102230246251565e-16,-0.022175598651736128,0.005104055478814484,-0.010800257395240043,0.011797791580400174,-0.004207906846953102,0.0023357991481729456,-0.012031062970482287,-0.04815972206937624,-0.0025946215139443507,-1.1102230246251565e-16,-0.028462438624923425,-0.002335799148173112,0.015026808401338021,-1.1102230246251565e-16,-0.02391328762663547,0.01566913248150631,0.003645113540558298,-0.006928916494133963,0.015743571130731326,0.0006539106105910575,0.0033333333333332438,-0.00026224982746730907,-0.013333333333333475,0.009907039722475142,-0.009433013994841977,0.006549602483588102,0.0009490121628446535,0.003493875010483205,-0.016375613801993594,-0.006666666666666765,-0.05021360527430657,-0.0015355417529331339,-0.0059313823089737205,-1.1102230246251565e-16,-0.014081130415792675,-0.001797791580400332,1
-0.0033333333333334103,0.02475189721748383,0.02160340402724037,0.020520814901689777,0.00380979532525505,0.0,0.002299804548011486,-0.0039331710632778405,0.0,0.018054586457362798,-0.005669132481506356,0.0,0.02051449892381918,0.0028072205345214263,-0.02194762117396931,0.01362843488558707,0.0033333333333334103,0.0033333333333332993,0.01372151130753696,-0.005001885449726351,-0.006958056170903393,0.010000000000000009,-0.02457983645503825,0.010028978437385372,-0.002102527758091055,0.06446218615819854,0.010807974548302512,0.0004924944865991598,0.004193953678990003,-0.009999999999999898,0.009199742604760086,0.028072968955592414,0.0,-0.003746609310754656,0.0,-0.005131124913733687,0.0,-0.0033333333333334103,-0.014410845468331046,0.004072045152722414,0.011040020535383888,-0.018253493048850045,0.01336819678301715,-0.004392413094344461,-0.010406082282542362,0.03835315679728157,-0.01856849017314166,0.03864368485479264,0.010712742323145674,0.10671278380540072,-0.005669132481506356,-0.00720467423443949,0.0033333333333332993,0.005830583685024315,0.0,-0.00026224982746725356,-0.0026849213343465017,-0.011978751289322354,0.012019740640093812,0.0,-0.07717372717531723,0.0039331710632778405,0.01059943699919852,0.00380939459450913,0.004072045152722414,-0.01820220841959963,0.0019855498893083245,0.00666666666666671,0.0006413021235378569,-0.0005669860051581432,-0.008895006427068974,1
0.0,-0.004868875086266433,0.0612619960248727,0.0033333333333331883,-0.0033333333333334103,0.006666666666666599,0.0,0.006404416839199345,-0.004868875086266433,0.003638069511024189,-0.006478732957579059,-0.013900319338491451,0.0007387118193890041,0.0019741114144947725,-0.005869836733122691,0.022102527758091073,-0.0059851644019297545,0.0033333333333331883,-0.0033333333333334103,-0.0008002573952400338,-0.004218644579864095,0.008769194424757654,0.04146589340740814,0.00483230555484937,0.0033333333333331883,0.07419219220384943,0.039246638699305225,-1.1102230246251565e-16,0.10176284914620737,0.018831024586929535,0.013868489570335152,0.07071598248101008,0.06043397564169817,0.014570055727382125,0.0015355417529330229,0.03538007047361236,0.0,-0.004133590728573444,0.0015355417529329118,0.025383497935308363,-0.002733495603388869,0.010511195387346017,-0.0010492029551190107,0.0033333333333331883,0.0,0.004133590728573333,-0.0017977915804003874,0.0033629237119082722,-1.1102230246251565e-16,0.06575336781164409,0.015866409271426574,-0.017691662630279104,0.0023647775855584197,-0.0248458580498232,0.045885210438735835,0.015085095827488515,-0.0017977915804002764,0.022717048384779948,0.011543563234492682,0.018541845540687607,-1.1102230246251565e-16,0.003238732260375632,0.001615347508957088,0.02620157027320058,0.002594621513944184,0.0008620875574116837,0.0024028127488531226,-0.00666666666666671,-1.1102230246251565e-16,-7.431611837971364e-05,0.0033333333333331883,1
0.008221668375973046,0.0023357991481730567,0.004655063652557856,-0.02420790684695301,-0.012921844378958436,0.0,-0.0030710835058660457,-0.006666666666666654,0.010304540412019059,-0.017528754224078458,-0.006666666666666654,0.006236118486664499,0.011797791580400285,-0.002700898276280672,0.006128659098893985,0.0015355417529330784,-0.010854584673564815,-0.006666666666666654,5.551115123125783e-17,-0.004868875086266378,-5.551115123125783e-17,-0.026449929920373094,0.006708752286144315,0.029569451819997872,0.004995678285985072,0.01686365887026603,0.004794558967886664,0.0003047361776909452,0.006592350548286996,5.551115123125783e-17,0.004088253047579038,-0.0035241183731914982,-0.01290134469904547,0.0219436031637793,-0.0025946215139442397,-0.006666666666666654,-5.551115123125783e-17,-0.016655217065566497,0.02862885312355823,0.005545754421598992,-0.007466924061906632,-0.007880937598120474,0.000664395701009457,-0.007897472241908843,0.005131124913733631,-0.002335799148173112,-0.004133590728573333,0.0015355417529331339,-0.0014930554027093867,-0.0022742535723221935,0.008263753995450596,0.04649836831413179,0.0,0.012702365488035716,-0.0019928561530364597,-0.003407649451713013,0.007725746427677815,-0.007204674234439434,-0.005794944483817621,-0.003333333333333355,5.551115123125783e-17,-0.008004931629679468,0.0017977915804002764,-0.002766347328175156,-0.005131124913733576,0.012561769789157906,0.0009975341851602981,0.00805357618284036,0.003333333333333355,0.0023976293103448176,-0.01274952809806601,1
-0.0038196721311473114,0.020962994758707887,0.0017977915804002764,0.0,0.0,-0.0023976293103448176,0.0,0.008940920238988959,-0.006940366095233963,0.06055545607830748,-0.0009975341851602426,2.220446049250313e-16,1.1102230246251565e-16,-0.0015355417529330229,0.005131124913733576,0.006666666666666821,0.0022055221998740215,0.0015355417529331339,0.0033333333333335213,0.023050126550040684,-0.0017977915804001654,-0.016404416839199465,0.04439478180870948,0.0,0.0033333333333334103,0.056021440052109184,0.021969517394631266,0.0,0.0005998377299445412,0.008030482605368872,0.018391746631706285,0.04622095107893387,0.028516821403183124,-0.0033333333333332993,0.0002622498274673646,0.0011378452977173215,0.0036698992791802665,-0.0009975341851601316,-0.004130163266877318,0.0033333333333334103,0.006329812144487801,-0.0033333333333332993,0.022102527758091184,0.0015355417529331339,0.018123349516664056,0.03185102239990978,-0.0025330759380931545,0.010232622126534419,0.019772483567957133,0.09674692101646165,0.01873524154677475,-0.026958916888149664,0.00279532576556063,0.0007387118193892261,0.0013022703628512433,0.0017977915804003874,0.0,0.006666666666666821,0.0007968299335441298,0.005342994180129401,-0.0014612256345531982,-0.007405378486055603,0.0015355417529331339,0.0021849332568543156,0.03692356226684124,0.06487302393826977,1.1102230246251565e-16,0.004868875086266433,0.0036380695110243,1.1102230246251565e-16,0.010735284357693109,1
0.0,-0.005131124913733687,-5.551115123125783e-17,0.0,0.0011653565233475383,-0.006099680661508566,0.007466924061906632,0.009044551434317316,-0.012264372894162046,0.010225362683701944,-0.01513112491373364,-0.008292732432836014,-0.00666666666666671,0.0028521457652473936,-0.008202208419599732,0.0,0.003333333333333355,0.0,-0.02821132616986577,0.004564138908575488,-0.00900246581483971,-0.002594621513944184,0.011797791580400258,-0.03157844042955832,0.004868875086266433,-0.0017977915804002764,-0.021782159816469138,-0.008542939197452193,0.022737098883459872,0.005623218669586649,0.00822166837597299,0.005131124913733576,-0.006666666666666654,0.008522576361221806,-0.0012308055752421332,0.003333333333333355,0.0,0.0,0.0,0.0018561966027607069,0.0,0.0,-5.551115123125783e-17,-0.00895695273366609,-0.023292403604719458,-0.03154783085640239,-0.0015355417529330784,-0.0343049158120583,0.025669132481506374,0.006928916494133852,0.007739054567534015,0.031032876062266596,0.0,-0.05151718676294814,0.005730962643678172,0.012594780390454613,0.0022701765126006967,0.0,-0.006245753112101793,0.0,-0.0021239298817773977,0.009369032154702334,-0.001797791580400332,-0.006592350548286996,-0.03551657853311635,0.0,0.006232691024968429,0.0,-0.016273931057578406,0.0004920937558530181,-0.003333333333333355,0
-0.0015355417529330784,-0.028571964207478373,0.007972364491214023,-0.00846445824706693,0.012795325765560639,0.00666666666666671,0.0017977915804002764,5.551115123125783e-17,-0.06531848249189592,-0.013438895094304515,0.006666666666666654,-0.014355961961754815,-0.001043047266333863,0.0012094034515560126,-0.0025330759380932655,-0.005131124913733631,-0.011326929146595166,0.0021025277580912216,0.0033333333333334103,0.0070399733112627705,0.0004696069866970687,-0.010262249827467262,0.004868875086266489,0.0033333333333334103,-0.00440934846887886,-0.002598048975640199,-0.003136056543413035,-0.0033333333333332993,-0.0015355417529329674,0.005131124913733631,0.0015355417529331339,-0.011797791580400285,-0.010630227043814833,-0.001797791580400332,0.0030710835058661567,0.020278506670810326,-3.142875375172771e-06,0.0,-0.030919064099759586,0.0,-0.004868875086266378,0.0025980489756403102,0.005561673093735842,-0.02511783315787558,-0.0006638195700840455,-0.025509581948204185,-0.016184894682481576,-0.0017688131430148024,0.004088789548987004,-0.0031259761741034287,-0.003333333333333355,-0.005633521998983593,-0.006666666666666654,-0.004088077647399768,-0.01769339463274827,-0.010411004595071993,-0.0023357991481730567,0.006564958516349473,-0.0008002573952399228,0.006666666666666654,-0.009540473382612491,0.001797791580400332,0.003919862923421613,-0.010000000000000009,-0.0023389727827711204,-0.001797791580400221,-0.0027468037432449854,0.00666666666666671,0.001797791580400332,0.0017977915804002764,-0.00016821472397804405,0
0.008202208419599732,0.018353693389328907,-0.0072976345119641906,0.039704898447746606,-0.011535758063919044,0.016138293724331176,0.024639031157880797,0.005730962643678228,-0.015755857313957233,-0.002208995948454251,0.018004931629679533,0.013997729034342932,0.003009253343694507,-0.009588995404927969,0.01606682893672229,-0.007463496600210506,-0.0031000619432514087,0.024195420890745223,0.014868875086266442,-0.017187547431878225,0.0015355417529331339,0.011535541752933143,0.0033333333333335213,0.01700739744451918,-0.00622648386122715,-0.00991862214149175,0.0030327190034959983,0.0033333333333334103,0.00666666666666671,-0.02794094978953976,0.0023357991481731677,0.0024268075207122264,0.0,0.0009975341851604647,-0.0033333333333332993,-0.02447907284189843,0.0014612256345535313,-0.012568000957468128,-0.0032252243475371367,0.003439801523696606,0.005594816363126753,0.00900547475598168,0.0,0.01394280568871531,0.005804579109255026,0.005435861091424576,0.009261288180611116,-0.025499842931563932,0.0105380075677729,-0.015263187336370443,0.0010293639533164312,-0.006209819093758506,0.0,-0.004489822790195719,0.007466924061906854,0.0015355417529331339,0.014466029559921378,0.007664200851827063,0.0044188669498911315,-0.014868875086266331,0.04944921199906693,0.01347456225094934,-0.009413470409911695,0.0012308055752422442,0.0,-0.0008002573952399228,0.0003365659458470782,0.0009975341851603536,0.006635536551313659,0.0033333333333334103,0.015911922352600416,1
0.008202208419599732,-0.02817303020923223,-0.0033333333333334103,0.0191571628883066,0.003410998486490402,-0.00880176156322321,0.00017737316448240836,-0.0142690373563219,0.025370603467556596,0.057560713535152463,0.008599904874815323,-0.0017977915804002764,-0.003503783363836055,0.0033333333333332993,-0.02633637951328649,0.01029539309685834,0.0002536526863218258,0.009261288180610894,0.01723365267182486,-0.004868875086266322,-0.0013720069512572763,0.005561673093735786,-0.0009975341851602426,0.0028543467595725236,0.0033333333333334103,0.004195420890745205,0.0033333333333332993,-0.008665162498683432,0.019737350311886503,0.013206530133614502,0.002196225405925678,0.024195420890745223,0.027972079904893254,0.011878455305409208,0.0030251696939463946,0.002102527758091166,-0.008875462842138915,-0.006666666666666599,0.014868875086266442,0.023333333333333206,-0.03744757449134506,0.022598048975640328,0.003397315173472637,-0.08096882603667177,-0.002125466411978416,0.02973174230311526,0.007160146162037306,0.04497633447403715,-1.1102230246251565e-16,0.02433086751849356,0.0033333333333332993,0.006666666666666599,0.007494242736591716,-0.04893429800876559,0.019504478782450985,-1.1102230246251565e-16,2.6644632453720618e-05,0.0,0.0009357040229885927,-0.01393317106327785,0.01973978065739579,0.0033087755975630406,-0.014943191204645934,-0.0007387118193891151,0.017467186740131924,0.004133590728573444,0.0008297201697017309,-0.0032293014072588555,-0.004758979434207333,0.0039331710632778405,0.00666666666666671,1
0.0018267700177856394,0.018904641052506554,0.017600103737362316,-0.002228339760402487,0.015482017083799371,-0.008769194424757765,0.007528754224078504,0.01361827569369467,-0.013290846983109783,-0.009737750172532755,-0.0031360565434130905,0.0028599484168826406,0.034161108026792286,0.007078862232128169,-0.014797410298657332,0.02671258047858638,0.0069709528389761966,-0.02292232873826139,0.0033333333333334103,-0.021154811514895844,-0.002795325765560519,0.009011984295851705,-0.03189606634811504,0.0015355417529330229,-0.01667773831521646,-1.1102230246251565e-16,-1.1102230246251565e-16,0.008202208419599732,0.000999155354827086,-0.003566604723415301,-0.0007259412768603202,0.030945222504000558,0.0,-0.0033333333333334103,0.0023976293103448176,0.009999999999999898,0.0,0.0,-0.005669132481506356,0.0,-0.02746069647765048,0.0,0.01614069979997701,0.013970342923311452,0.006404416839199345,0.013310362286707011,-0.017054728496445182,-1.1102230246251565e-16,0.0,-0.027477117607720647,0.0023357991481729456,0.0,0.011626350352490156,0.029695307169702034,0.050925884211327155,0.00839702703713574,0.004868875086266433,0.004471178631050621,-0.0011689754130704832,-0.0179770310133478,0.005131124913733687,-0.007204674234439379,0.0017977915804003874,0.004868875086266322,0.034226266648849535,-1.1102230246251565e-16,0.0033333333333332993,0.0023357991481730567,0.001872107698779879,-0.0182132112631328,-0.00309054346223947,0
-0.01159708732878384,-0.0026614429943540574,-0.001797791580400221,0.00686547318808467,0.004819741122761234,-0.004868875086266322,-0.010862087557411693,-0.004330867518493597,0.0022898853362534055,-0.011552744550969551,-0.008464458247066986,-0.025259716618089956,-0.03272386097795155,-0.0038398819409535823,-0.026746472422690848,0.057133847252900494,-0.002284130378214455,-0.0009975341851602981,-0.0050695793378827125,0.013068077597354844,-0.004195420890745094,0.008202208419599788,-0.03388617361958335,-0.015749030671897868,-0.010333522721672261,-0.1237917576472396,-0.0016456093510994751,0.01296509245182248,-0.08215406625668559,0.0013842130178950973,-0.009773601052416314,-0.0007387118193890041,0.003333333333333466,0.0005111953873461195,-0.00030473617769083416,-0.011535541752933032,0.004133590728573333,-0.004438326906264223,-0.016227777710439373,0.003497949408401979,-0.011230805575242142,-0.010692798007469362,-0.005588485274162391,-0.051001777921250824,-0.005131124913733576,-0.005131124913733576,-0.005131124913733576,0.003333333333333355,-0.003815393801787692,5.551115123125783e-17,-0.012205316467049365,-0.02508260289141817,-0.004133590728573333,-0.08640579690333466,-0.020046797099313507,-0.0033333333333332438,-0.0033333333333332438,0.00720467423443949,-0.00010927432589247221,-0.01819075881849952,-0.031243309059161783,-0.0019855498893084356,0.008759559799320693,-0.013100061943251418,-0.004930705248438139,-0.0033333333333332438,0.0056691324815064115,0.009388590897789761,-0.01090457390763544,-0.003900319338491498,-0.002122071343021281,0
0.009524229775988213,-0.02669334035562576,-0.0023357991481729456,-0.0015355417529330229,0.01353624598349723,0.04405639798707517,-0.002630900700426486,0.014868875086266442,1.1102230246251565e-16,0.03227186164130824,0.011246618236506745,-0.000630967845297703,-0.009999999999999898,1.1102230246251565e-16,0.002125228003517887,0.026568305303304784,0.0002622498274673646,0.00012736301320859233,0.0150573596339314,0.0,-0.008234846586282707,0.007466924061906743,-0.0015355417529329118,-0.001256356550931259,2.220446049250313e-16,0.04943178679141513,1.1102230246251565e-16,0.008464458247067097,-0.0017977915804002764,-0.005730962643678006,-0.01247764497705639,0.011872107698779999,0.04281201421060987,-0.0033333333333332993,-0.0015355417529330229,0.024733428458517892,-0.0015355417529329118,-0.02193680457121694,-0.0012246275394147688,0.021439402541822195,1.1102230246251565e-16,0.0026685225658419354,-0.0066666666666664876,0.023038231781079888,0.005108186259846659,1.1102230246251565e-16,-0.007495373210204104,-0.014427678948587097,-0.0033333333333330772,0.01000000000000012,0.00044222452761777387,0.003227064915952149,0.0015015888749499995,-0.026326547830003766,-0.004791006077070725,-0.0024151581466299588,-0.0033333333333331883,-0.003595583160800442,0.024664977834725432,-0.060107523681371844,0.016856616893001775,-0.0027707680297901494,0.011797791580400285,-0.009433013994841755,-0.0023395849747026576,0.017968937029517962,0.0,0.006047572836387238,0.009477805093491831,-0.0017977915804001654,1.1102230246251565e-16,0
0.0017977915804002487,-0.0314282455165574,-0.0002942735062410884,0.010492093755853055,0.002744945204489063,0.0014000951251844918,0.029906017765844783,-0.003900319338491498,-0.021157388882647593,-0.020031577853068888,-0.005623218669586649,0.0012732919254658248,-0.013204411766474883,-0.004166442453359731,0.0042690373563218365,0.01913791244258825,0.0015355417529330784,-0.0008620875574117393,0.0005090291303873618,-0.002464754025859439,0.003333333333333327,-0.0017492695580847428,-0.013120636020925142,0.007466924061906688,-0.01393317106327796,-0.010538007567772789,0.0,-0.0042169163806609344,0.0073401208621879654,-0.003333333333333327,-0.01470057673373154,-0.025119054024007798,-0.004762122309582395,0.0015355417529330784,0.008202208419599705,0.0033333333333333826,0.0042690373563218365,0.0,0.0,0.012733495603388795,0.006361930488975764,0.019979712684523254,2.7755575615628914e-17,0.0,0.003152425099367473,-0.020858316657959147,0.0050584989858644125,-0.01218585341017872,-0.014107711802392703,-5.551115123125783e-17,-0.026066828936722214,-0.020298244427628925,-0.0036380695110242722,-0.0017977915804002487,0.005131124913733659,0.0,-0.005244623845863966,0.013002320446564852,-0.006666666666666682,-0.004868875086266433,-0.0005380075677727525,0.0,0.0002597252456283672,0.016757190679902917,-0.013823103465111564,-0.024243770966953432,-5.551115123125783e-17,0.0,0.0015222336130767677,-0.011853698103499122,0.0012597840126274684,0
0.007793062363283809,-0.012950116205257156,-0.010753459065119986,-0.011933238208148789,-0.0026450437444835995,-0.012796493957754507,0.004578769299435181,0.005730962643678117,-0.014849331501336271,-0.019601487747556157,0.010010277536638412,-0.014564138908575441,-0.0014544759432022492,0.011215289015816365,0.011600799376800863,0.003333333333333355,0.006292006342973999,-0.0023357991481730567,-0.029717302795418343,0.004635603696184487,-0.00356660472341519,-0.004330867518493597,0.0,-0.008697729637148821,-0.003333333333333355,-0.01924525568593366,-0.03763683692049563,-0.003333333333333355,0.00514463282657196,0.0007547443140663579,-0.0048493315013362626,0.003333333333333355,-0.007515446084222166,0.00621200752917711,-0.004868875086266433,0.0,-0.00671217974784033,0.004697149272035406,-0.020693988977858957,0.026236118486664517,0.011830358718865841,0.0,-0.008202208419599732,-0.04307360808770494,-0.004716692856965576,-0.030493919934385993,-0.0017977915804002764,-0.011312098508343582,0.0008002573952400338,0.010767781261810827,0.014843389195473955,0.012442183709979349,-0.00017172581423097188,-0.011006873393725192,0.009770948359519971,-0.02165531421088468,0.01220879617547227,0.019261288180611014,-0.013711233770898612,0.0,0.002361065537541507,0.003333333333333355,-0.0006846105057273233,-0.006066828936722113,-0.020418178368219464,0.0016744158423775968,0.0009975341851602981,-0.013890884486036259,0.002056613946171515,0.0029311874597911514,0.0015645201903184414,1
0.018707648848906744,0.0023976293103449287,0.0009975341851602426,0.0033333333333332993,0.03761391517484258,0.031872107698779906,0.0033333333333332993,2.220446049250313e-16,0.03727482288965045,0.06512826369233116,0.020042486350223654,0.0,0.004072045152722303,0.017939958592132488,0.037972364491213884,0.02125128754560368,0.0033333333333335213,2.220446049250313e-16,0.019002465814839775,0.02172093639897521,0.013975657413501485,0.0017977915804002764,0.0,0.007870421191504051,-0.0033333333333332993,0.0,0.0,-0.0019695173946310263,0.0009975341851602426,0.0,0.002073549320705692,0.06415227808990875,0.0,-0.004147334425982807,0.0033333333333332993,2.220446049250313e-16,-0.01110499357293071,0.0,0.0033333333333332993,0.0,0.0,0.011273291925465778,-0.0004863387978143452,0.0,-0.0015355417529330229,0.08847204179383117,0.0016075297942110822,-0.0033333333333332993,0.008464458247066986,0.021609857871312643,-2.220446049250313e-16,0.004606625258799069,0.0015355417529330229,0.03578930214581988,0.03410652552044724,0.008202208419599732,0.010489217067253809,0.00666666666666671,0.014868875086266331,0.01433086751849355,-0.0033333333333332993,0.020679543172325898,0.0033333333333332993,-0.0033333333333332993,0.0007387118193890041,-0.0015355417529330229,0.0,0.0257116188317299,-2.220446049250313e-16,0.006433395276584597,0.0033333333333332993,0
-0.006695645104052128,-0.03077457148079371,-0.009297567367093418,0.003857832988267751,0.0,-0.006203712587583066,0.00026224982746725356,-0.004868875086266433,-0.031966089932935204,-0.014335674565509271,0.0033333333333332993,-0.004868875086266433,-0.001797791580400332,0.004088077647399657,-0.006666666666666765,0.0009907355851742072,-0.005730962643678172,-0.003333333333333355,0.008605495861609247,-0.01167098838068159,0.005869836733122691,0.003595583160800553,-0.008230358810972505,-0.004868875086266378,0.0017977915804002764,-0.012795325765560639,-0.0009975341851602981,0.0033333333333332438,0.006666666666666654,0.02969526382230911,-0.0033333333333334103,-0.0068021132944152685,-0.03316941046896921,0.01573096264367818,0.00026224982746725356,0.0,0.0,-0.011211261990312027,0.0004899699047602457,0.0036539881831609833,-0.00636193048897582,0.019523938738824187,0.0033333333333332993,0.0,0.005435861091424465,-0.012789146110064042,0.006531220038918151,-0.002428666059468343,-0.0008002573952400338,-0.009038238701588763,0.01435032747486692,0.015623619400332744,0.002364777585558364,-0.005131124913733631,0.0,0.0,0.001797791580400332,-0.010974306985228333,0.0015355417529330784,0.009504478782450865,0.0,0.0033333333333332993,-0.011958333257550302,-0.00666666666666671,0.011795639902432653,-0.03970478230332125,0.0,0.0033333333333332993,0.007035384684497048,-0.01640441683919952,0.003333333333333355,1
-0.006899938056748545,0.0,-0.005102146476348324,0.0037018515781816475,-0.0017977915804002764,0.0030343483930957427,0.0027953257655604635,0.0006324350570526271,-0.0025620543754787395,-0.04021633601554758,-0.0174210102499871,0.0005573513797208496,-0.002185853410178795,0.0033333333333332438,-0.004133590728573389,0.0005442390055363511,0.0,0.0038713409011060795,0.0019660899329351222,-0.018570666711553885,-0.002986110805418829,2.8978437385307476e-05,0.0017977915804002764,-0.006128659098893929,0.002335799148173112,-0.006128659098893985,-0.01391896349763666,0.0003192125097409848,0.0007387118193891151,0.00031391859742579964,0.0220372944082457,-0.04073812696535317,-0.01317391116761707,0.0029027851533312,-0.0001258120023112097,0.0037487165126481314,-0.016080084829851737,-0.004930420662117352,-1.1102230246251565e-16,-0.003333333333333355,0.0023070367346385567,0.0005502746963886862,-0.01587943282496207,-0.0007352843576930446,-0.002766347328175267,-1.6653345369377348e-16,-0.003333333333333355,0.010030445649140463,0.006666666666666654,-0.015496331841311162,-0.002951307175646789,-0.021318189034988055,-0.007952978273400135,0.03551316817243533,0.0063715651144130026,0.007480073325252357,0.004330867518493597,-0.0027953257655605745,-0.003333333333333355,-0.008632756599601943,0.0523338099619004,0.036909572682185865,-5.551115123125783e-17,-0.017191903691910815,-0.002335799148173112,-0.036652582622902996,0.0,0.0,0.002533075938093321,0.010800257395239932,-5.551115123125783e-17,1
0.008065120996418373,-0.003074510967562172,0.010304736177690899,-0.015004736780497074,-0.0009357040229886482,0.008973487377454403,0.043641403606490825,0.006666666666666654,0.009245255685933651,0.0,-0.0003047361776908897,-0.003333333333333466,0.005131124913733576,0.0022841303782145106,0.0033333333333332993,0.0015355417529330229,0.005131124913733631,0.013595583160800562,0.011533198854874027,0.008876956940849001,-0.0009975341851602981,0.010997534185160251,-0.023595583160800626,0.004330867518493597,-0.001797791580400332,0.0007968299335440188,-0.013825711675507335,-0.003333333333333355,0.0015355417529330784,-5.551115123125783e-17,-0.0030710835058661567,-0.008159722069376096,0.017832023190014312,0.02170394915625723,-5.551115123125783e-17,0.013088612342151307,0.0002757577403054712,-0.007356037212439992,0.00846445824706693,-0.01690065825873399,0.0,-0.01873874877561743,0.012902785153331209,-0.01733048623675071,-0.0017977915804002764,-0.026330893739852368,0.0,0.0033333333333332993,-5.551115123125783e-17,-0.018181897275717507,-0.004133590728573389,-0.018025719995981238,0.0,-0.0033601455137600156,-0.0033333333333334103,0.009063596324208556,-0.003333333333333355,0.012857231448485995,0.01670915301689041,-0.00022408897034703612,0.006234259947908383,0.02179779158040035,-0.00666666666666671,-5.551115123125783e-17,0.0060876591359321774,-0.04793103057778192,-0.007897472241908843,-0.0015355417529330784,0.0015355417529330784,-5.551115123125783e-17,-0.00973775017253281,0
-0.001967245101587717,-0.0015355417529330506,0.0017977915804002764,0.003333333333333327,0.006476548934316373,0.003333333333333327,0.008895006427069085,-0.0012308055752421332,0.0,0.0008997495898454555,0.003333333333333327,-0.009465419893923271,0.006099680661508539,-0.000258822365771183,0.009971021562614646,-0.000916160438058311,0.010000000000000009,-0.010000000000000009,0.011797791580400285,-0.06203081393063381,-2.7755575615628914e-17,0.003333333333333327,0.009261288180610894,-0.0017977915804002764,-0.0056691324815064115,-0.02006154557585088,-0.004930420662117241,-0.006423876795572742,-0.0009975341851602704,-0.0051311249137336035,-0.008775441210366636,-0.02727717909771002,0.002578589019266969,-0.006130717410632064,-0.010524499654934377,-0.0007387118193890874,-0.005811033240700758,0.0017977915804002764,0.01848351747269414,-0.011797791580400258,-0.00030473617769091743,0.004671598296346113,-0.03143122524053757,0.005669132481506384,0.007897472241908787,0.0015355417529330506,-2.7755575615628914e-17,0.005927954847277567,-0.02182594197177304,-0.03542785088213263,-0.005866409271426676,0.003333333333333327,0.007664200851826952,0.0,-0.009695263822309064,-0.00893684954147933,0.0,-0.002102527758091194,-0.018820286584395107,0.0005669860051581432,0.024658090383507747,0.024379751799157384,0.004376556776556767,-0.014654662921811695,-2.7755575615628914e-17,-0.036437606141619866,2.7755575615628914e-17,0.0015355417529330784,0.0,0.0,0.0,1
0.0033333333333332993,0.010262249827467262,-0.017401122978347172,0.0,0.003871340901106024,0.005823922921202984,-0.022669513763249383,0.026361930488975727,-0.014133590728573397,-0.016288372730031364,0.004868875086266378,0.0033333333333332993,-0.01689993805674861,0.014366124748345699,-0.013383713894404958,-0.018230358810972624,-0.012335799148173066,0.011535541752933143,0.0028105513777916813,0.010000000000000009,-0.003498204142339534,-0.00666666666666671,0.003000446764269693,0.005918078041385166,0.009002465814839766,-0.0039003193384914425,-0.033918236995651385,0.0045931173459609065,0.0030710835058661012,0.013028597155642474,0.0169190396882416,-0.01648542237142364,0.006002394890880225,5.551115123125783e-17,0.0,0.015918078041385175,-0.012598048975640319,-0.005131124913733576,-0.010453034867325461,-0.0017977915804002764,0.00846445824706693,0.007897472241908843,-0.0009357040229885372,0.008840207006664491,-0.019695263822309184,-0.0038705128550934886,0.0025980489756402547,-0.0056166356655352745,-0.01861321301467167,-0.013426293610858231,0.005669132481506467,0.001179309691310526,-0.01070630592030769,0.0017977915804002764,0.00834739406398849,-0.002335799148173112,-0.004868875086266378,-0.0023357991481730567,0.0,0.005918078041385277,-0.013144500198460862,0.05433043362290085,0.005177038725653338,-0.010000000000000064,-0.09609508087212232,-0.07987383971148249,0.0005998377299445412,-0.006928916494133963,0.0,-0.02026224982746727,-0.001211261990312018,1
-0.003333333333333327,-0.058745258867449884,-0.011776389456713998,-0.0028524045922595775,-0.009999999999999953,6.3888473909951e-05,0.003871340901106163,-0.004392413094344461,-0.02868567059429536,0.003333333333333327,0.0017977915804003042,0.003333333333333355,0.008181124193062272,0.01648255533401566,0.005995270782883533,0.004395840556040559,0.0014612256345534202,0.005131124913733631,0.0016567539658580155,-0.020844519553129798,-0.0017977915804002487,0.003333333333333355,2.7755575615628914e-17,2.7755575615628914e-17,-0.004269037356321809,-0.013333333333333336,-0.032040406051314946,-0.006025364543128825,0.0073314774341581845,0.006666666666666682,-0.008866027989683778,-0.03455698385137551,-0.010935704022988518,0.0033333333333333826,0.003333333333333355,-0.011535541752933032,-0.030540532149611777,-0.0123647775855584,-0.013828854550882425,-0.0015355417529330506,0.0022630694352412106,-0.0033333333333332993,0.0049732849648913835,-0.013828854550882425,-0.0030710835058661012,-0.0012308055752421332,0.0,0.019052846375911342,-0.010448240167682171,-0.010949817327689904,0.043686486179512624,0.006666666666666682,-0.008538774365446644,-0.0002304200593112038,-0.012480984792561767,-0.009724600909187003,2.7755575615628914e-17,-0.03382542708918643,-0.005102146476348213,0.0064693898767464175,0.0020604421386136162,0.001797791580400332,-0.0019947837839996707,0.0,0.001797791580400332,-0.0425216037312163,0.0,-0.003333333333333327,5.551115123125783e-17,2.7755575615628914e-17,0.014995678285985109,0
0.0,0.0015355417529330229,0.010481718453507927,0.012599991142953182,-0.02638342597889154,0.0228244203473712,-0.003333333333333355,-0.003333333333333355,0.03543586109142449,0.010709733382003761,-0.0035955831608007194,-0.003333333333333355,-0.01699280496804384,0.0,0.0,0.0008339371660390227,-0.0035955831608006084,0.010262249827467262,0.013595583160800617,-0.006448974798790363,-0.0009357040229884817,1.1102230246251565e-16,0.004133590728573333,-0.004868875086266378,0.0,0.0013477834440249192,-0.0065923505482869404,-0.00010734324334532586,-0.0030710835058661012,-0.0012470192861043228,-0.010061830162171659,0.03261444157739213,0.010291428037834671,0.001076351963592015,-0.004227572962728521,0.014872302547962513,0.0,-0.005468712816210863,0.011629977587168328,-0.006666666666666654,0.002640535325863891,0.0064044168391994005,0.009199742604760086,0.0008717221828490329,0.007602370689655247,0.0017943641187042614,-0.0003047361776909452,0.030997534185160325,-0.0030992338972388733,0.05155568668797894,-0.0033951634955050602,-0.005730962643678117,0.0,0.015956933284662966,-0.00891911738455653,-0.003333333333333355,0.0036380695110242445,-0.009957513649776428,-0.0013382649630127585,-0.008380094523719517,0.0019695173946312483,0.008769194424757876,-0.0018627646179472657,-0.010907600638585424,0.011753233620809433,-0.0414832300717734,-0.002102527758091166,-0.005101534535158492,-0.005131124913733631,-0.001797791580400332,0.010780797438866674,0
0.006180327868852531,-0.024320948306735424,0.011933238208148789,0.005131124913733687,-0.012028911292514377,0.0,-0.0073759993179242644,-0.0045641389085754325,0.002183901505193153,0.0009975341851602981,-0.009064295977011472,-0.002536503399789336,0.04010338232804933,0.00187210769877999,0.0054572632151107525,0.03393866967488213,-6.730273421062805e-05,-0.0033333333333332993,-0.008202208419599621,0.0,0.0019055355544917996,0.0018333676600077453,-0.005390348010250845,-0.0027023654880357073,0.009610209971018635,0.008719519849967217,0.0064333952765848745,-0.00048633879781412315,0.0019006408810406938,0.003333333333333355,-0.0022118051166141184,0.003333333333333355,0.0,-0.014855273807198421,-0.0018402779306240236,0.0017362460045494688,-0.00335287691826347,-0.0065301426599171375,0.001797791580400332,0.0034337765583277724,0.0017977915804002764,0.009307579945081135,-0.010848831664282244,-0.01222228815262777,-0.005457263215110697,0.020889799115692553,-0.0012208231858970575,0.0006379985870648142,0.01129814464272988,0.008464458247066875,0.0025693551245757895,0.006324117918061867,0.0,0.0,-0.003333333333333355,-0.002357201271859344,0.003948653803211355,-0.006433395276584708,0.009137912442588214,-0.003933171063277896,-0.0033333333333332993,-0.004350327474866911,0.024869765349724515,-0.006066828936722057,0.0025442409528727006,-0.019993762771909618,-0.002746803743245041,0.0036706366494898,0.003333333333333355,-0.0006637262038544645,0.002102527758091166,1
-0.0015355417529330784,0.0015355417529331339,0.004293054947579755,0.006604836504494893,-0.001797791580400332,-0.0007577710450163422,-0.0013382649630128696,0.02026224982746727,-0.025331575338252088,-0.020035946976005192,-0.011230805575242142,0.0017977915804002764,0.005669132481506356,0.010935704022988546,0.0,0.0,0.0,-0.003595583160800553,0.013828813927210803,-0.03637309550375517,0.00666666666666671,0.004868875086266378,0.0,-0.00356660472341519,-0.002484553915777843,0.011675115495180577,-0.01898724020260867,-0.0045641389085754325,0.0021025277580912216,0.008030131636571791,0.0017977915804002764,-0.041793912152140344,0.0,-0.00720810169613556,0.03398367482070841,-0.008464458247066986,-0.004330867518493653,0.0026909158869355965,-0.0009975341851602426,-0.002594621513944184,-0.002533075938093432,0.0,0.0,-0.015088638563509948,0.002102527758091166,-0.05174510972412094,-0.0012308055752421887,0.0021873289668892237,-0.014029558802498787,-0.03550624110524003,-0.005131124913733631,-0.0033333333333332993,-0.0004924944865991598,-0.009724242259694482,0.001166823735102629,-0.006928916494133963,0.0,0.0111660894451856,0.0033333333333332993,-0.015131124913733585,0.005258127886434427,-0.006666666666666654,0.00513112491373352,0.001153515595246457,-0.00666666666666671,-0.009625339676307354,0.0015355417529330229,0.0012584009992559486,0.0017977915804002764,0.0033333333333332993,-0.0024712457759216155,0
0.0,0.021345491931076932,0.006549688797883868,-0.011967081130342727,-0.012326071156506246,0.0010430472663339185,0.026161226237359447,-5.551115123125783e-17,0.0,-0.037760997795165674,-0.0005669860051581432,0.015131124913733529,0.0033333333333332993,-0.0028469945355191206,-0.010000000000000064,0.003406949798910097,0.001797791580400221,-0.014149264898370373,-0.012214586935248128,-0.05376272162176565,-0.0030710835058661012,-5.551115123125783e-17,0.002397629310344762,0.0033333333333332993,-0.007799647479575511,-0.03743550936023271,-0.011872107698779999,0.011261842324365612,0.0015355417529330229,0.0,-0.0056691324815064115,-0.006071693421530688,0.0012308055752420777,-0.00666666666666671,-0.006666666666666654,-5.551115123125783e-17,0.014564138908575441,0.0015355417529330229,0.0022972771516161505,0.002335799148173001,-0.010295101552253605,0.0012308055752421332,0.019328604116216785,-0.013721395163111827,0.0,-0.04094198049357051,0.001186662137169392,-5.551115123125783e-17,0.006666666666666599,-0.0025946215139442397,-5.551115123125783e-17,0.026245777848254048,-0.0015454753004272015,-0.04306105860208742,0.001797791580400221,-5.551115123125783e-17,-0.00666666666666671,0.010538007567772789,0.0019236035827114861,-0.001367243400398177,-0.02026840551625214,-0.0418025519136373,-0.0033310134298438765,-0.0014930554027093867,-0.0015355417529331339,-0.06332124353125707,-0.010000000000000064,-0.013007195031956242,-0.009073930602448821,0.007664200851826897,-0.027833490401769412,0
-0.005669132481506467,-0.018414077685995456,-0.008306618298224766,-0.015973868659197366,0.009999999999999953,-0.0017362460045493577,0.006666666666666654,0.002134357526247188,-0.016666666666666663,-0.008494195043887653,-0.01700323261251363,0.0074214109807329565,-0.005131124913733631,-0.002594621513944184,0.0,0.0030285971556424096,-0.00407204515272247,0.0,0.014300179318805006,0.0015355417529330784,0.003259017214953641,0.01513112491373364,0.02585771883642718,0.0,0.0015355417529330229,-0.005030681688739214,0.0010106413672525405,0.0017977915804002764,0.007584990629822763,0.009064295977011527,0.006543442012275136,0.0,0.017206532773195504,0.005219408549303861,0.007204674234439434,0.0,-0.003333333333333355,-0.0005669860051581432,0.013904061945117618,-0.005458832138050818,-0.011696083430083104,0.0016589174909557025,5.551115123125783e-17,0.0030940545524923424,-0.004868875086266489,0.0004963492635616795,0.014068617691026353,-0.020000000000000018,0.010000000000000064,-0.07268651028580875,0.0041301632668772625,0.0071006423083648795,-0.00883317626489738,5.551115123125783e-17,-0.010566986005158208,0.0,-0.013100061943251473,0.0,0.011043047266333983,0.0008373336887231853,0.001797791580400221,-0.03686133185331936,0.015713304618946045,-0.0015355417529330784,-0.06263532229162055,-0.007897472241908898,-0.0017977915804002764,-0.0009975341851602981,0.0017977915804002764,0.0003261383013770658,5.551115123125783e-17,0
-0.0002588223657712385,-0.004392413094344572,-0.043749206080926084,-5.551115123125783e-17,-0.008740215987372513,0.006340528365289533,-0.04241531938601423,-0.0033333333333332993,-5.551115123125783e-17,-0.0006251041193130469,0.011797791580400285,-0.019629560372736388,0.008428463646905304,0.005669132481506356,-0.008406055546591296,-0.004753395679797157,0.02955279992156462,-5.551115123125783e-17,-0.009601188095148316,-0.014869066432460443,-0.00853592303467604,-0.00666666666666671,0.005102974522360804,0.012440115660568518,-0.004868875086266433,-1.7890121106145518e-05,-0.018203591432971344,0.0,-5.551115123125783e-17,0.002594621513944184,0.009999999999999953,0.025089997975795142,0.0070827521872586785,-5.551115123125783e-17,0.0030710835058660457,-0.009002465814839766,0.003333333333333355,-0.0006313685760437893,-0.00013544662774855887,0.001104993572930868,-5.551115123125783e-17,-0.006093691913314769,-0.00666666666666671,0.023037656675218454,0.002397629310344762,-0.006066828936722224,0.01244549502725023,-0.05350111251528561,-0.0017977915804002764,-0.05226739803426661,0.015131124913733585,0.010304736177690899,-0.0004033537971588341,-0.0008002573952400893,0.005131124913733576,-0.003333333333333355,-0.011041315668696983,0.005435861091424576,0.0018844500680635368,-0.00846445824706693,-0.010567470364461096,-0.015010104003882252,0.013595583160800562,0.005131124913733576,0.026287601234865066,0.03781467335659727,0.004754879370589382,0.001840277930623857,-0.006525629052124338,-0.0028014408306739624,0.005607586905655493,0
0.015665705019810294,0.00019699220359931102,-0.021239612154666965,-0.0014747335473916934,-0.03282089272125255,0.01629794864883627,0.006238705834584191,0.007466924061906632,0.00513112491373352,-0.012744368519118199,-0.0017977915804003874,-0.0023976293103448176,0.011230805575242142,0.005067236439823597,-0.0056691324815064115,0.0017696411890273933,-1.1102230246251565e-16,-5.551115123125783e-17,0.0017977915804001099,-0.00725505479551114,-0.003333333333333466,-0.001797791580400443,-0.011230805575242198,-0.005131124913733687,0.0033333333333332993,-0.003333333333333466,-0.007266504396611195,-0.02053800756777291,-0.01906429597701159,-0.009137912442588325,0.010000000000000009,-0.04183712939839368,-0.032383320746049826,0.008292732432835903,-0.007368718656074691,-0.0018173351653305025,-0.008604769359624065,0.0,0.01639090892636108,-0.003333333333333466,0.016621112961821338,0.0010625072227071208,-0.005665705019810452,-0.0017688131430150245,0.012883325196957895,0.00017844799961436175,-0.002746803743245041,0.0009357040229884261,-1.1102230246251565e-16,-0.006476705551045181,0.008202208419599621,-0.048101687462827336,-0.0010760151355455605,-0.018759559799320646,-0.001418477569854637,-0.006342745553538198,0.016666666666666552,6.183016217164994e-05,-0.0029301071634895703,-0.004868875086266489,-0.02323807200468725,-0.028665899868992817,0.014486448197833623,-0.05090355195100521,0.0006927980074692974,-0.002766347328175267,-0.006666666666666765,0.00016003556800375796,0.0017977915804002764,-0.004564138908575599,0.001104993572930868,1
-0.0030710835058661012,0.024586885908197298,0.01351071686710581,0.010800257395240098,-0.0020276355087860964,0.004546070880355746,0.02222933095780999,0.005131124913733631,5.551115123125783e-17,-0.011579114469957907,-0.02365947163471055,0.002102527758091277,0.0,0.010566986005158152,0.016168686406633437,-0.0023357991481730567,5.551115123125783e-17,0.0005380075677727802,0.0015355417529330784,-0.030763186702499556,0.0012308055752421332,0.001797791580400332,-0.0033333333333332993,-0.010538007567772789,-0.004068617691026344,0.0009975341851603536,0.004158569027409353,0.007508272311074815,0.0033333333333334103,-0.01512769745203757,0.0021239298817773977,0.011535541752933032,-0.0014260111125784514,0.007268562708349358,-0.005669132481506467,0.0,0.006163135239825812,0.005131124913733576,0.014286820590285298,0.003009053570712239,0.004593117345960851,5.551115123125783e-17,-0.028782702337596278,0.006478908357758439,0.0024461513326604067,0.0,-0.005131124913733576,-0.02325901721495366,0.0013056978245473139,-3.191083305531528e-05,0.0,0.05589853058418737,0.0,-0.01700637842023678,0.0039003193384915535,0.002746803743245041,-0.010796829933543972,0.0,0.0015355417529331339,-0.011768813143014867,0.01220879617547227,-0.01823118685698516,0.008464458247067042,0.009222229292083328,5.551115123125783e-17,-0.05170492466910509,0.0,0.0,-0.0007352843576930446,-0.0008002573952400338,0.0,0
0.0008620875574116837,-0.004133590728573444,-0.012235538121551204,-0.021400095125184482,0.01857092643743008,0.009375183971219392,-0.008506944597290733,-0.0005998377299446522,0.01806891346981876,-0.0033839325225051287,-0.0023357991481730567,-0.004130163266877429,0.0,0.010000000000000009,0.0022841303782143996,0.013699899673195959,0.011133972010316184,-0.004376781330413526,-0.0014387081880071761,-0.0017977915804002764,0.0,-0.0047644652076414,0.004330867518493653,0.0,-0.0033333333333334103,0.010144665591287683,-0.0005998377299446522,-0.009766728609918118,0.0007387118193890041,0.005131124913733576,0.002578589019266997,0.0033333333333331883,-0.03271126332144991,0.005131124913733576,0.0033333333333331883,0.011591332370745056,0.0024072639357819448,-0.0059313823089736095,0.006928916494133852,-0.009002465814839877,-0.011010020141368093,0.006666666666666599,0.006371565114413058,0.0,0.007537812718590109,-0.01390533692622098,-0.008202208419599843,-0.008904641052506324,-0.014241334702664865,0.0,0.009786272194848289,-0.015241020565793018,0.0010009616468562577,-0.020430548180002228,0.002102527758091055,-0.002102527758091277,-0.020022938653887268,0.0,0.0009975341851601316,0.0,-0.0007898297507703544,-0.00853877436544681,0.0039003193384914425,0.006896510595052363,0.018360988291122426,0.0,-0.00666666666666671,0.0,-1.1102230246251565e-16,-0.0005255216115649386,-0.007602370689655191,1
0.02038202615768661,0.00456413890857546,-5.551115123125783e-17,-0.007032948420208546,-0.0017556653372510778,-0.015869836733122755,-0.027654039459613866,0.010829235832625322,0.005457263215110725,-0.00465987069957341,0.012594621513944193,-0.019511046797637516,-5.551115123125783e-17,-1.1102230246251565e-16,0.0014311318743080448,0.008202208419599705,-0.008928849349263052,-0.0015355417529331339,0.009199742604760003,-0.04375158690332176,0.0009975341851602426,0.015131124913733585,0.0031186561003374302,0.006666666666666654,0.003333333333333327,0.005730962643678089,0.004729463399494399,-0.003903170669262157,-0.00034101536417338596,-0.00666666666666671,0.0025785890192669414,-0.006666666666666765,-0.01726659776284087,0.0033333333333332715,0.0010590797610111613,-5.551115123125783e-17,0.006934698784001214,0.003333333333333327,0.012102527758091175,0.001781880484381021,-0.0017977915804003597,-0.0015355417529331061,-0.0031000619432515475,0.005927954847277539,-5.551115123125783e-17,-0.0033333333333333826,-1.1102230246251565e-16,-0.031660525709231835,0.006666666666666654,-0.0054587936044528385,-0.007035384684497187,0.0033333333333332715,0.002846994535519065,-5.551115123125783e-17,-0.0033333333333333826,-0.0005865295900883416,-1.1102230246251565e-16,-0.0018402779306240513,0.002846994535519065,-0.04609576004579735,0.024410795539014485,0.01948339455591344,0.011129273552141439,-0.004269037356321864,-0.030171725814231054,0.0005255216115648276,-0.006824506615508985,0.0005865295900882861,0.003333333333333327,-0.011104993572930988,-0.0033333333333333826,0
0.009999999999999898,0.0033333333333332993,0.02969632935965394,-0.0033333333333335213,0.0023843211704884792,0.01760415002341681,-0.0033333333333332993,0.002513282120763627,-0.0015355417529331339,0.009165774252487768,-0.010337587902477408,0.016147850702991906,0.04415185716152037,-0.005669132481506467,-0.012650962970333746,-1.1102230246251565e-16,-0.0034325304546936053,-0.0002622498274673646,-0.0023357991481730567,-0.01448229938735146,0.005131124913733576,-0.0030710835058661567,-0.022068180790680403,0.0033333333333332993,-0.0025330759380933765,-0.0038265346568301384,0.021656753965857978,-0.0015355417529331339,0.02225740726169534,-0.004026131340802874,-0.010755633953806742,0.03555442610671067,0.00019676078484875958,0.010744466777427797,-0.0032003229698734925,0.004072045152722303,0.00983989507011318,-1.1102230246251565e-16,0.01123802363819737,0.0033333333333332993,-0.010862087557411915,-0.005866409271426787,0.001616188960276932,-1.1102230246251565e-16,-0.004868875086266433,-0.03819424301909735,-0.0005998377299445412,0.020992884085081542,0.0033333333333332993,0.03909038513068608,0.008801024192913731,0.004072045152722303,-0.0033333333333332993,-0.028052491459957807,-0.0017977915804004985,-0.0033333333333334103,0.0073594646741359515,0.005064648979720032,0.00597831179367303,-0.018479824698661496,-0.058083445002181544,-0.0014495614473735152,-0.005730962643678117,-0.0009634750778609869,-0.003379362419578369,0.03683718490248766,-0.009584616820685232,0.009649748188098717,0.002102527758091166,-1.1102230246251565e-16,0.005915750545042453,1
-0.008769194424757876,0.023801200726946026,-0.008464458247066986,0.0,0.03822662568579893,0.032589821008933595,0.004868875086266433,-0.0017977915804002764,-0.01387763774772477,0.0033333333333332993,0.00666666666666671,0.00666666666666671,0.00666666666666671,0.006934196440265494,-0.004467305343649697,0.008451056740981233,-0.0039288222617152035,0.006606229269128794,0.0017977915804002764,0.023858317347570712,-0.0053143003290647695,0.011551574247610219,-0.0009753985687553923,-0.0015355417529330229,-0.004868875086266322,-0.024182115303925555,-0.0017977915804002764,0.012290286066999334,-0.08032997343914539,-0.019411611871155587,-0.007897472241908732,0.0017259606871130595,-0.0023357991481730567,-0.02179650424869184,-0.0045641389085754325,-0.002439416007765649,-0.00010311622685243993,0.003919862923421502,0.0033333333333332993,0.0,-0.0005669860051581432,0.008061897307042654,0.032919653213160815,0.0033333333333332993,0.0,0.032526513084211284,0.009371183832669994,0.053200494363667694,-0.0023357991481730567,-0.008464458247066986,0.023404077918957045,-0.006942424406972236,0.005711618831730103,-0.06549563036271666,0.009904216959844891,0.005909980185287322,-0.0010265126225457166,0.0,-0.0012308055752421332,0.0250481772141965,-0.01056447640616942,0.003281575020530836,0.017558363843591107,0.005669132481506356,0.0017977915804002764,-0.027217620177147572,-0.0033333333333332993,-1.1102230246251565e-16,-0.0026405353258639463,-0.002733495603388869,0.0057176545038218896,1
5.551115123125783e-17,-0.015036697424453738,0.000630874479068122,0.001988513442671591,0.00702280536205957,0.0023976293103449287,-0.0032873954951066486,0.0,-0.03247740842396302,0.025626298367374956,-0.0017977915804002764,-0.001104993572930868,0.003124891528633822,0.011230805575242142,-0.0031499424088017314,0.010401569742616745,-0.020275557967323443,-0.00846445824706693,0.001797791580400332,0.013057934242520386,-0.0033333333333332438,0.0,-0.002566471122571412,-0.0009031066958803402,0.003028597155642465,-0.015131124913733585,-0.0059313823089736095,0.003333333333333355,0.0,0.005457263215110808,-0.0015159981680028523,-0.007791004051545647,0.0,0.016361930488975773,5.551115123125783e-17,-0.014205055516182341,-0.0042822932494512855,0.0012946940491520564,-0.00800492328472402,0.0008287905775007931,-0.028833875917700258,0.010000000000000009,-0.03575965649474261,-0.002102527758091166,-0.002598048975640199,0.014301889081108299,0.010997534185160307,-0.01971769313805788,-0.01906429597701148,-0.005131124913733576,0.0007547443140663579,0.03380979532525524,-0.0033333333333332993,7.361646557679791e-05,0.0,0.021535541752933096,0.0036610322126951478,0.025160504081865098,0.0,0.006404416839199456,-0.01534797780445235,-0.04311303789869991,0.0007352843576930446,-0.006666666666666599,-0.007064324588284376,-0.0308395213224803,5.551115123125783e-17,0.010000000000000064,0.0012308055752421887,-0.0008620875574116837,-0.003333333333333355,0
0.0,0.0,-0.0033333333333332993,0.0,0.006971402844357488,0.031209403451555984,-0.0033333333333332993,0.016433395276584828,0.02486887508626645,0.03964062506300259,0.017939958592132488,0.0,0.0,0.012135379482877795,-0.002027635508786263,0.007053808343120749,0.0033333333333334103,0.0,-0.0033333333333332993,-0.012852849760120244,-0.00244615133266024,0.0,0.0,0.008202208419599732,0.012102527758091286,0.0877483805658481,0.04105496433092792,-0.0033333333333332993,-0.006666666666666599,0.0,-0.0017977915804002764,0.0404274808253805,0.0,0.004847472962580257,0.0,0.0,0.0,0.0,0.0015355417529331339,0.02237622718665877,-0.0015355417529330229,0.004868875086266433,0.002102527758091055,0.0,-0.0033333333333332993,0.0033333333333334103,0.0,0.011736246004549478,0.03465514728111474,0.012236691810779798,0.028678670411521612,-0.0003491744329001678,-0.0015355417529330229,0.0911130392630829,0.009676204596681837,0.020670311320146073,0.014215854739133338,0.0033333333333334103,0.0,0.0009975341851604647,0.15817023999269464,-0.00328803656314558,0.0033333333333334103,0.002102527758091055,0.0007387118193890041,-0.003433524125607157,0.0008048474778256098,0.00666666666666671,0.02073528435769323,0.0217787323547729,0.009137912442588325,1
0.02049249448659915,-0.0008775473752356822,0.0,-0.008769194424757848,-0.01602239068151287,0.004897853523651741,0.00444091425418397,-5.551115123125783e-17,-0.03552862159596737,-0.03860019641942014,0.003333333333333327,-0.004006787528854638,0.012752558701283917,-0.003333333333333327,0.0015355417529330506,0.013333333333333336,0.0017977915804002487,-0.003333333333333327,-0.012792316824418642,-0.003921721462177702,-0.0009975341851602981,0.0,0.0014612256345533647,-0.0005669860051581155,-0.004282345496178064,-0.007386276854562751,-0.020401123916911817,0.00757727624639401,0.003151730713210038,-0.004826388736042714,0.0,-0.0391458066534362,-0.005131124913733631,0.006469389876746362,0.02406658920941765,0.0,-0.006361930488975764,0.003333333333333327,-0.009002465814839739,-0.0017977915804003042,-0.0035364054345272122,0.0,0.013380560541317393,-0.014026131340802744,5.551115123125783e-17,-0.012487162126173568,-0.016268070785665945,0.0,0.002659879137812071,0.0017977915804002487,1.3308139856227363e-05,-0.017616869799901014,0.003333333333333327,0.0009975341851602981,-0.006342586677027667,-0.0017977915804003042,0.0039003193384914425,-0.006666666666666654,-0.004395840556040531,0.00554212950880556,0.0033333333333333826,-5.551115123125783e-17,5.551115123125783e-17,0.0,-0.003333333333333327,5.551115123125783e-17,0.005131124913733631,0.004868875086266378,0.004609651989749136,5.551115123125783e-17,0.0002622498274672258,0
0.0017977915804002764,0.00035924694820024805,0.0,-0.012335799148173066,-0.010862087557411776,0.0008002573952399783,0.0017977915804002764,-0.003333333333333327,-0.012348811871156884,-0.05912436227556647,0.0027953257655605745,-0.005804579109254915,-0.0008620875574117393,0.0,0.003333333333333355,-0.01866173503698723,-0.002105379088861825,0.0,-0.004195420890745094,-0.02219980706688937,-0.00672478478082153,-0.012335799148173038,0.00852600382291785,0.003333333333333355,0.000862087557411767,0.0,-0.0027467103770155155,0.0,-0.00030473617769091743,0.003333333333333355,-0.012037294408245774,-0.04290761200955753,-0.02411199672050046,-0.0022283397604024036,0.003333333333333355,0.026775080801009016,-0.0036825077662335226,0.0017977915804002764,-0.006991111668010114,0.02347796238081673,0.0017977915804002764,0.000862087557411767,0.0023233131919651318,-0.0012342330369381482,-0.003333333333333327,-0.06060254600481757,-0.0017977915804002487,-0.010187264211932584,0.004133590728573333,-0.019399452809860662,-0.015364680890136345,0.0,-0.003333333333333355,-0.003333333333333355,-0.012573851703857053,-0.0015355417529330784,0.0,0.004133590728573333,2.7755575615628914e-17,0.001230805575242161,-0.006601985173724262,0.025669132481506374,-0.00026224982746719805,0.002795325765560547,-0.021819193704086498,-0.04882255784520967,0.003333333333333355,-0.008295168697124544,0.0009975341851602981,0.0009975341851602981,0.0006603049321755317,1
-0.0005669860051581432,0.008833176264897324,-0.008940256647192169,-0.003333333333333355,0.0026309007004266527,-0.00037236967236048413,-0.01896002187048179,0.008309667807370302,0.0043151538735716755,0.0,0.0006927980074694085,0.003333333333333355,-0.01753081253581662,0.002598048975640199,0.012260745659483818,-5.551115123125783e-17,-0.0019499738097010777,0.006066828936722113,-0.0015355417529330229,0.004907035943386595,-0.0017977915804003874,-0.002397629310344762,-0.013224456705556442,-0.0033333333333334103,0.010800257395240043,0.0016280789202071655,0.0051759348880321965,0.011713022525202843,-0.00833864624475572,0.007673383271561862,-0.004720818577086838,0.0012308055752421332,-0.0029027851533312,-0.0034621948447902118,0.0,0.005607586905655493,0.0,0.01958165612223295,-0.00952382259439899,0.0017977915804002764,-0.004301889081108234,-0.004231867696609104,0.0030285971556424096,0.0012308055752421332,0.0015355417529330784,-0.03904045221435559,-0.002477557330865854,0.04597630492348598,6.202993515380673e-05,0.0012308055752420777,0.01712590869773334,0.0,0.011914790642063855,-0.0011979538504557352,0.003333333333333355,0.002408015648114159,-0.004133590728573278,0.0,0.000972159266984518,0.004133590728573278,0.0007864956553036984,-0.021341326150881468,0.012116129037159029,-0.003595583160800553,-0.0021353794828776196,-0.0055736994888572755,0.0031522274967566988,0.007897472241908843,0.0,-0.0005381237121980242,-0.005127697452037505,0
0.0009975341851602426,-0.012207918182006727,0.02111574230839086,-0.0033333333333334103,-0.01863765127305317,0.004681517508104194,0.0066666666666664876,0.008202208419599732,-0.002281451933470846,0.019917635871581796,0.00622368834027387,-0.0048751266643157765,0.022013088308491913,0.006666666666666599,0.018704869146861758,0.06679639580690866,-0.0017977915804002764,-1.1102230246251565e-16,0.0017977915804002764,0.009609143098301853,-0.005730962643678228,-0.0012308055752422442,-0.013819875776397539,-0.01073528435769322,0.015995926806383953,-0.049700128307117786,0.02024849977194665,0.01854252067689799,-0.0017977915804003874,0.005435861091424354,-0.012594621513944304,-0.0023006135470465816,0.011385712159363903,0.008464458247066875,-0.017305110869664353,-0.0015355417529330229,-0.01394280568871531,-0.01079895927349983,-0.006543279643205446,0.021241431398086763,-0.011945828602450081,0.0015355417529329118,0.009413078024120836,0.020304736177690796,-0.010495973184113105,0.039626132911040224,-0.019371183832670225,0.018962227478587557,0.025885869227799785,0.04432772171077015,0.004006787528854527,0.011902140485534618,0.0,0.020659261795723194,-0.056522729819073914,0.004606625258799069,-0.007559790973201919,0.01712619328405407,0.0015355417529330229,0.0023878036749725995,-1.1102230246251565e-16,-0.0027755812228664745,0.002804960390997757,0.021259784012627514,-1.1102230246251565e-16,0.049472042124146354,-0.0015355417529331339,-0.010738711819389124,0.0,0.0011049935729308125,0.0,1
-0.0015355417529329674,0.005360968842119562,-0.02026224982746716,-0.009828274185768926,0.015603683429611881,-0.0087462516594643,1.1102230246251565e-16,-0.008202208419599621,5.551115123125783e-17,-0.027717038721904064,0.003333333333333466,-0.007877928656978561,-0.00841210803230924,0.008464458247067042,1.1102230246251565e-16,-0.0015355417529329118,1.1102230246251565e-16,1.1102230246251565e-16,-0.035804579109254886,-0.001768813143014858,0.008464458247067042,-0.006666666666666599,-0.002733495603388758,1.1102230246251565e-16,0.014428692280827049,-0.0008427437454636144,-0.024625146887098937,-0.0017977915804001654,-0.0015355417529329674,-0.008402628084895114,0.00420764286410219,-0.04558830571466338,-0.010001858538755959,0.0015776273724106282,0.0017977915804003874,1.1102230246251565e-16,1.1102230246251565e-16,0.0015355417529331339,-0.01692891649413386,-0.001797791580400221,-0.008464458247066875,5.551115123125783e-17,0.01295428103726276,-0.03333333333333338,0.003275206874223169,-0.019452473951215132,-0.0017977915804001654,-0.03495525024749957,0.0004365680961424534,0.02679219408265704,0.0072629933063583785,0.001797791580400332,0.0007387118193892261,0.005617463711547921,5.551115123125783e-17,5.551115123125783e-17,0.017015841099566997,-0.017014926029053246,-0.018983005858466406,0.007612000610994651,0.02453618185724027,0.010230420059311351,-0.000262249827467087,0.0009357040229887037,-0.0033333333333332438,0.005131124913733687,-0.012733495603388711,-0.0028696418839402327,0.0029502323496824467,0.003333333333333466,-0.0033333333333332438,0
0.0,0.00981903641880999,0.0008635655431301625,0.003653701274955401,-0.004068617691026455,-0.00026224982746725356,0.028172912371822345,-0.0005998377299445412,0.0005244996549344516,-0.011735523670007797,0.0017977915804002764,-0.005406882654039102,-0.004024272802046702,0.0009975341851602981,0.006099680661508511,0.0033333333333332993,0.0019481152709450167,0.0033333333333332993,-0.006928916494133963,0.020641048214607216,0.002102527758091166,-0.01264053532586401,-0.004376380599667273,0.009002465814839655,0.003333333333333355,-0.0014281985095876415,0.0,-0.0005380075677727802,0.006066828936722113,-0.0030575755930277726,0.0003047361776909452,-0.013333333333333364,-5.551115123125783e-17,0.0007671141258490111,0.0,0.005646263146065089,0.004914388167440054,0.0038999186077453007,-0.003333333333333355,0.0017977915804002764,0.0012308055752421332,0.0059313823089734985,0.0017977915804002764,-0.04370205135116373,0.0023357991481730567,-0.0205026103693855,0.0005210721932384366,-0.009795429396095512,-0.003333333333333355,-5.551115123125783e-17,-5.551115123125783e-17,-0.004826388736042686,0.0068546003757541385,0.0,-0.005102146476348268,0.0,-0.00666666666666671,0.00758966870959632,-0.006928916494133908,-0.001797791580400332,-0.022222774514135124,0.004593117345960851,0.005131124913733631,0.001797791580400221,0.05300925334369444,0.0010373294913907927,0.0033333333333332993,-0.009805527186147245,-0.004868875086266378,0.004017276730679253,-0.009876624261977385,0
0.012640535325864066,0.0,-0.005632853295023943,0.00021186926639571446,0.009540473382612435,-0.0015355417529330784,0.00846445824706693,0.0,0.0009975341851602981,-0.021251098133363733,0.001797791580400332,0.004133590728573278,0.002996767387486443,0.00720467423443949,-0.021583980146691717,0.014353842676526174,-0.005131124913733631,-0.007664200851826952,0.004133590728573278,-0.012060041407867483,0.0,-0.0005380075677727247,0.0,-0.00859027024937814,-0.0019052509681709018,0.0,-0.00864541795598911,-0.008924101008879637,-0.008688547217413911,0.0025309582021627586,0.0027953257655605745,-0.00998649208716168,-0.006423876795572714,-0.0033333333333332993,0.0014184775698545815,0.0,0.007233652671824853,-0.00846445824706693,-0.021855909694555142,-0.002015864500330755,0.0033333333333332993,0.009154188899914817,0.009999999999999953,-0.019002465814839664,0.007470351523602647,-0.036199092809794664,-0.00026224982746719805,0.0,0.0021947615336307957,-0.025215760721494396,-0.02219548803561605,-0.016083915394887682,-0.002247799716775689,-0.004868875086266378,0.0030710835058661567,0.002102527758091166,0.0017977915804002764,0.0,0.0,0.00666666666666671,-0.029913490147755573,0.0,0.0,-0.003595583160800553,5.551115123125783e-17,-0.01953167293367719,0.0045641389085754325,-0.01579494448381763,-0.005131124913733631,0.003498204142339534,0.0012597840126275517,0
0.003595583160800525,0.004090019814712603,0.006361930488975709,-0.008788738009688102,-0.012793467226804578,-0.0011378452977173492,0.025465287282690346,0.002073549320705803,-0.01003843086445022,-0.010333004861690503,-0.0003687180178304217,0.002733495603388758,0.0010434479970800326,-5.551115123125783e-17,-0.003333333333333327,-0.0023357991481730844,-0.0074053784860558525,-0.003333333333333327,-0.01839014212868728,-0.03565679138068442,-0.013259017214953706,0.001843304661573869,-0.00666666666666671,0.0021025277580911383,-0.0005380075677728358,-0.004301889081108262,-0.010258799233889504,-0.004564138908575516,0.00370908209293086,-0.002808833678398903,-0.00742141098073304,-0.019487543407916558,-0.05193136333686807,-0.006928916494133935,0.0017977915804002487,-0.0006424174463978138,-0.0033333333333333826,-0.02230244212654489,-0.027783864541832765,-0.022153201458374433,-0.003333333333333327,0.0012308055752420777,-0.010061545575850928,-0.058784826188689104,0.00703637588190445,-0.007729173889373914,-0.004392413094344544,-0.0015355417529330784,-1.1102230246251565e-16,0.006403394882568997,-0.022668522565841953,-0.0038257139973920107,-0.004323291204794466,0.006928916494133824,0.0,-5.551115123125783e-17,-0.004330867518493653,0.004531287183789007,-0.009872997027299185,0.02838065517078925,0.006080137076578285,-0.03784580347195024,-0.0036865915333398336,0.006666666666666654,-0.021618867405020697,-0.017151287727315473,-0.020495521217549106,-0.010663819570084027,-0.003333333333333327,0.0,0.00023327139008183506,0
0.018586199666708714,0.0009975341851601316,0.06103467344645819,-1.1102230246251565e-16,0.008506944597290511,-0.006002847096582609,0.0,0.0,0.016940366095234083,0.0,-0.00279532576556063,0.005435861091424465,-0.0038713409011061906,0.015579583598411162,-0.009766728609918118,0.03771011466374663,-0.0033333333333334103,0.0,0.028169641281134083,0.01097657722933465,-0.004884907580943509,0.007664200851826841,0.06806724615115411,0.008182748463226308,0.005435861091424354,0.04370196868159271,0.0017977915804002764,0.0009471536240885925,0.014072045152722423,-0.00023327139008189057,0.017151491617250936,0.0,0.0033333333333331883,-1.1102230246251565e-16,0.015866409271426685,-1.1102230246251565e-16,-1.1102230246251565e-16,-0.005866409271426565,0.0033333333333332993,0.03454273678488906,-0.02898521967485579,0.0,0.0,0.027488738042625638,-1.1102230246251565e-16,0.06392115920530517,-0.002970837406321314,0.06863942327267691,0.0033333333333332993,0.0957966219061811,0.01735946467413596,-0.006666666666666932,0.0033333333333332993,0.008679739992308422,-0.012928336129020335,-1.1102230246251565e-16,0.0,0.0,0.006666666666666599,0.002102527758091166,0.0033333333333331883,0.00047646199192175054,-0.004330867518493764,0.0,-0.0033333333333334103,-0.0033333333333334103,-0.002102527758091277,0.02110499357293094,1.1102230246251565e-16,-0.015866409271426574,0.007939958592132368,1
0.009394948346233195,0.0031230329898776776,-0.019386060895466434,0.005866409271426676,-0.0023357991481730567,-0.014995678285985137,-2.7755575615628914e-17,-0.005669132481506384,-0.03776120981693215,-2.7755575615628914e-17,-0.003333333333333355,0.0,-0.015435861091424558,0.0015355417529330229,0.0,-0.007427771807149458,0.009390527644618146,-0.0017977915804003042,0.00692891649413388,-0.05065145235135679,-0.0023357991481730844,-0.0017977915804002764,0.0033333333333332993,-0.006666666666666682,-0.019461992432227293,-0.009106875693464744,0.0005800931872503301,-0.0051629546818896255,-0.008202208419599732,-0.013169738426452332,0.0,-0.032451944371446495,0.0,-0.018539796322077085,-0.017771660239597642,-0.005131124913733631,-0.003333333333333355,0.0017977915804002487,-0.009560466792585959,-0.012520305395564563,-0.0032389058440534524,-0.0015355417529331061,-0.01709713121811199,-0.002076704932789941,-0.0012419859917377485,0.0002622498274671703,0.0,0.00026224982746719805,-0.013333333333333364,0.006666666666666626,-0.02351493595345666,-0.0024809644646582307,0.004644786115919369,-2.7755575615628914e-17,-2.7755575615628914e-17,0.0017977915804002487,-0.005435861091424549,-0.02107581536256345,0.001509488628132688,0.003333333333333327,0.019518257232976455,-2.7755575615628914e-17,0.0017977915804002487,0.0051311249137336035,-0.054303924614650806,0.02655410949949899,0.008187723818005976,-0.0017977915804002764,0.0030710835058661012,0.003333333333333327,0.005927954847277539,0
0.02539337474120082,0.002335799148173029,-0.03088715022214042,-0.0017977915804003042,-0.003224481180928801,0.004457870491194393,-0.00543844843934424,-0.015376543303411566,-0.009400162270055468,-0.03181979288505132,0.023666471817484186,0.005927954847277539,0.0017977915804002764,0.008202208419599732,-0.009219202561133288,-0.004891813740153572,0.0,-0.005626646131282692,-0.004195420890745122,-0.0015355417529330506,-0.006543828525971435,-0.0030710835058661012,0.0035674327694277808,-0.01105907976101117,-0.004544595323645317,0.007142844072267646,-0.01381894559138952,-0.014087676916653608,0.01259345240942314,-0.009756809398159982,-2.7755575615628914e-17,-0.04434685938949931,-0.010800257395239987,-2.7755575615628914e-17,-0.0015355417529330506,-0.0051311249137336035,-2.7755575615628914e-17,0.0,-0.03465466292181177,-0.015626646131282673,-0.008054946564437282,-2.7755575615628914e-17,-0.0009975341851602704,-0.03883317626489732,0.025558952243126293,-0.013573256013411278,0.0,-0.005393374741200829,0.0015355417529330506,0.0007387118193890874,0.003333333333333327,-0.018496409413881032,0.0017977915804002487,-2.7755575615628914e-17,-2.7755575615628914e-17,0.001752494810212668,0.0015355417529330229,0.0015355417529330506,0.0,0.014438326906264232,-0.00023327139008189057,-2.7755575615628914e-17,0.005669132481506384,0.0,0.005927954847277567,0.001535257166612125,-0.00045056166152393495,0.003291205632602212,0.0,0.0,-0.0017977915804002764,0
-5.551115123125783e-17,5.551115123125783e-17,0.0033333333333332993,-0.0015355417529330229,-0.013812279283422546,-0.006666666666666654,-0.03438596375014835,0.0015355417529330229,-0.07097695260675313,-0.009264715642306964,-0.016928916494133917,0.000295101552253596,0.003501631685868256,0.010997534185160307,-0.004130163266877318,-0.007794598893484717,0.0,-0.0005998377299445412,0.003333333333333355,0.0017977915804002764,-0.007071337122047827,-0.013333333333333364,-0.007466924061906688,0.004269037356321781,-0.013945779550331217,-0.0292749929398069,0.0028412395774803367,-0.011400095125184584,-0.00867818605221865,0.006128659098893818,0.010862087557411748,-0.0399978815060843,-0.005607586905655548,0.041797791580400284,0.0,0.0,-0.0033333333333334103,-0.009045023193281043,-0.0005380075677727802,0.006268970211450897,-0.010800257395240098,-0.0015355417529331339,0.004795258620689635,-0.0039003193384915535,0.01168113531541315,-0.0017977915804002764,-0.004992250824289057,-0.0015355417529330229,0.001969517394631193,-0.015149969290734366,-0.002364777585558475,0.002274253572322138,0.009245255685933651,0.04793295873650155,-0.0009975341851602426,-0.005393374741200885,-0.008202208419599732,-0.020957371610693998,-5.551115123125783e-17,-5.551115123125783e-17,0.010997534185160251,0.0309795831378461,-0.003268360295786421,0.0,0.002500224213306923,0.03793995859213256,-0.0004505616615239072,-0.010566986005158208,-5.551115123125783e-17,0.00586640927142662,-0.0017977915804002764,0
-0.0037638815133355097,0.014781950480833361,-0.0020096608467960464,0.008282301981759776,-0.014579063224939737,0.005850543208225645,0.003638069511024189,0.0,-0.01582392292120305,0.018513093033839412,0.0030710835058661567,-0.009766728609918118,-0.010000000000000064,-0.009002465814839766,0.013529960525228202,-0.01718787804620614,0.008788738009687935,-0.008066761791851396,0.0015355417529329674,-0.00846445824706693,-0.007143128658588571,-0.007114899163724542,0.010346397831352272,0.0027334956033887026,0.003333333333333355,0.001797791580400221,-0.005131124913733631,-0.02500093432717959,-0.03548411739945434,-0.006961768218920361,-0.03012700297270099,-1.1102230246251565e-16,0.022332119666768235,-0.005479543998033132,-0.0017977915804001654,-0.00043397564169833647,0.011577006146526403,-0.002335799148173112,0.019462108576652593,0.011166823735102693,0.0015355417529330229,-0.008464458247067042,0.015341373010462567,0.0015355417529330229,-0.008983406589212484,0.04593217978108405,0.027697168721038667,0.0012404402006793158,0.0033333333333332438,0.013702710026175957,0.003271503171161483,-0.0027953257655606856,-0.0033333333333334103,0.016477781285067383,-0.014334294980189677,0.0,-1.1102230246251565e-16,-0.003061448880428863,-0.004564138908575488,-0.0021665095982306704,0.001797791580400221,-0.016254093148654614,0.004747415972799762,-0.010738711819389235,0.02008224524012786,0.0033333333333332438,0.001797791580400221,0.0011668237351025734,0.0033333333333332438,0.012397629310344771,0.012905221417619739,0
-0.004564138908575516,0.002594621513944212,-0.000566986005158171,-0.013136056543413127,0.0009975341851602704,0.012731343925421107,0.006666666666666682,-0.005794944483817649,-0.006670094128362808,-0.007266875941609602,0.011323672486537428,-0.003333333333333327,-5.551115123125783e-17,0.0017977915804002487,-0.009590853943684169,0.015759740123299504,0.0,-0.010000000000000092,0.0,0.0,-5.551115123125783e-17,-5.551115123125783e-17,0.00439806651471486,0.004951544607034647,-0.0023357991481730844,0.005202589701342686,0.015927954847277548,-0.011030502054371921,-0.004826388736042658,-0.0046100527204953334,-0.0009975341851603259,-0.019711471717165724,-0.002795325765560547,0.005131124913733631,0.0,-0.0025946215139442674,0.0065007231423030165,-0.06235626352207216,0.06587895891377968,-0.009261288180610977,0.0029180704132502067,-5.551115123125783e-17,-0.0023357991481730844,-0.0017977915804003042,-5.551115123125783e-17,-0.03115586823097824,5.551115123125783e-17,0.0033333333333332993,0.0016317191865396485,-0.038075004489135006,-0.0030710835058661845,-0.041843420805999204,0.0,-0.025474463901981964,-0.005931382308973637,0.0,-0.001230805575242161,-0.010271432247202145,-0.0020600414078675022,-0.005669132481506384,-0.005060380328110042,-0.026876002499440527,-0.012111710177826113,-0.005131124913733659,0.018713762131826045,0.003333333333333327,-0.004980801223188919,0.0064044168391994005,-0.009002465814839739,0.006786614942993263,0.0012308055752421332,0
-0.003007195031956178,-0.04176881314301495,-0.02746609601589406,-0.0030710835058660735,-0.01233237168647705,0.007204674234439434,0.0033333333333333826,5.551115123125783e-17,0.00766420085182698,-0.02092397642621588,0.008435479809681623,-0.013300481608546938,0.0009145264302215239,0.005885375130824322,0.004868875086266405,-0.007696767990292452,0.0009975341851602981,-0.002102527758091194,0.0014290735625698825,-0.037204674234439516,-0.00465466292181177,-0.009887077678190942,-0.004868875086266433,0.013933171063277905,-0.0226724876248654,-0.006666666666666682,0.004593117345960851,-0.005885869227799961,-0.003562638069784574,0.003333333333333327,-0.0033333333333333826,0.023828854550882433,-0.013810964429776279,-0.004330867518493597,5.551115123125783e-17,-0.00666666666666671,-5.551115123125783e-17,0.0028180260109871846,-0.0012094034515559293,-0.001535541752932995,-0.006519404811504204,5.551115123125783e-17,0.006128659098893929,0.0027334956033888136,-0.0017977915804002487,-0.03755470090092322,-0.014868875086266414,-0.009461164386214638,-0.012986745790735388,-0.06845359423692693,5.551115123125783e-17,0.0,0.009864553372251506,0.004330867518493625,0.005131124913733631,-0.0009975341851602704,-0.011535541752933087,-0.017683620184528626,0.008014450110691518,-0.0015355417529330784,0.03379502265366191,-0.05911476990431269,-0.0017977915804002487,-0.007130358116059721,-0.058934447419824565,-0.07043054818000227,-0.003595583160800553,-0.004868875086266378,-0.006908520082316627,5.551115123125783e-17,-0.002428666059468315,0
0.004457291461994473,0.0033333333333332438,0.0033333333333332438,-0.006863658870266132,-0.005669132481506467,-0.002449241338701502,0.012290369695556191,0.01179779158040023,-1.1102230246251565e-16,0.015121248107841323,0.005134552375429646,0.001797791580400221,0.012752839415336836,0.02153554175293293,-0.009523538008078203,0.009433013994841921,-0.005529843325579764,0.006361930488975709,0.004330867518493653,0.021327193314463033,0.002019706735611526,0.027717891935209904,0.00876919442475782,0.0290058932765358,0.01931957180431343,0.0,-0.0015355417529331339,0.0039003193384914425,0.014954122082996568,-0.0006609682393133864,-0.017939958592132543,0.012733495603388878,0.013993650158119708,-0.0033333333333334103,0.010391765174326772,0.0,-1.1102230246251565e-16,-0.006666666666666765,0.0043923470969386424,-0.004133590728573389,0.0,-0.0030710835058661567,-0.01748243549726053,-0.0018721076987800456,-0.01008791580284063,0.01168004143587309,-0.0003047361776909452,0.0,-0.004282345496178175,0.0012741669784480103,0.0018721076987799345,0.0017977915804002764,1.1102230246251565e-16,0.012102527758091175,-9.182419734854452e-06,0.0,0.004330867518493542,0.003333333333333355,0.0026598791378120157,-0.022311391116207058,0.02802060579947646,0.03336071996701356,0.00786462051712239,0.003333333333333355,-0.005669132481506467,0.02377331636579061,0.004868875086266378,0.0,0.005669132481506245,-1.1102230246251565e-16,-0.004868875086266489,0
0.0033333333333330772,-0.02063211750348215,0.0032873042470883407,0.021174746299754466,0.008885465425828354,-0.006738131454275931,0.0,0.0,-0.0025330759380934875,0.0582423866565378,-0.010000000000000231,-2.220446049250313e-16,-2.220446049250313e-16,0.0,-0.0012308055752423552,0.04633320835657817,0.005911873077964702,-0.010793692233502683,-2.220446049250313e-16,0.026408592797491304,-0.008940920238988959,-0.0005669860051582543,0.003530610123253397,0.0011692599993909925,-0.0012308055752423552,0.005636565343040689,0.0342357437158709,0.001209403451555624,0.08722888317907662,0.0,0.007939958592132146,0.07585253998543606,-2.220446049250313e-16,-0.0007968299335439077,0.008038673617923764,0.00820220841959951,0.005846615454096815,-0.008854039748695586,0.02834565018260249,0.033649521208815036,0.005730962643677895,0.008202208419599621,0.02633719578768068,0.0338794029446845,0.0066437280127793485,0.0030710835058660457,0.017401951024359374,0.002465854886574581,0.0048688750862661,0.05916659933536894,0.006666666666666599,-0.0030700594525449043,-0.002073549320706136,0.02489640732841014,0.00919251001239707,-2.220446049250313e-16,-2.220446049250313e-16,0.0048688750862661,0.029695391093020662,-0.00389507682972412,-2.220446049250313e-16,0.0028696418839398996,-0.0034698573400830934,-0.00187210769877999,0.0033333333333330772,0.02466929300002285,-0.0033333333333334103,0.012335799148172844,-4.440892098500626e-16,0.0024420650125173138,-0.0033333333333334103,1
-0.005048960348346732,-0.03043288648732745,0.00417418402659625,-0.003333333333333577,-0.020881506890113644,-0.006342586677027862,-0.020161849008338784,-0.00919974260476003,0.04037231742563363,-0.009551069321768302,0.0001692895499423308,0.015494091845792923,0.0024699248344928204,-0.0035955831608008304,0.01061142426036732,-0.002172869399583166,0.00026224982746725356,-0.001797791580400443,-1.1102230246251565e-16,0.021348184174770857,-0.0008002573952400893,0.0,0.01463560369618444,0.03298268334372256,0.0009169866290169582,0.008053576182840305,-0.0045675663702715585,-1.1102230246251565e-16,-0.0056433383854423425,-2.220446049250313e-16,-0.0010590797610113278,0.00987725535231021,0.013333333333333197,0.015364396303815364,0.004072045152722359,5.551115123125783e-17,0.0064333952765847635,0.0,0.010400678173039302,-0.0002007042516164459,0.002220811175868198,0.0002736994285673089,-0.0012597840126274962,0.0012227156454930332,-0.003333333333333466,-0.005302850727964714,-0.0033333333333332438,0.019682777866101064,5.551115123125783e-17,-0.0082429253423007,0.00852241512183749,0.029938169837828155,-0.009008407743103741,-0.005279757150493114,0.0017977915804002764,0.001613285333008696,0.0005380075677726137,0.0,0.000997534185160076,-0.014816511930150433,0.026719165594877914,0.005553481871408195,0.005023665525962895,-1.1102230246251565e-16,-0.0008130279377689398,0.025157318060715472,-0.003333333333333355,0.008202208419599677,0.0,0.002835709862852198,0.0,1
0.0004863387978142064,-0.00900246581483971,-0.008205635881295748,-0.001563944059393002,0.0015355417529330784,-0.0015355417529330506,-0.041295778612789075,0.003333333333333355,0.0009357040229885372,-0.04203562323754598,-0.002746803743245041,0.0023357991481730567,-0.0039003193384914703,-0.0017977915804002764,-0.006340528365289505,-0.0017977915804002764,-0.005927954847277567,-0.0017977915804002764,0.0,0.0051311249137336035,-0.01385783298826776,-0.004542736784889256,-0.006022390681512807,-0.003074510967562144,-0.02840242831191306,-0.0012308055752421332,0.0015355417529330784,-0.0007547443140663579,-0.0009357040229885094,0.001384380788369055,-0.011583874158019453,0.0051311249137336035,0.0,0.003333333333333355,-0.00043054818000212713,-0.003919862923421613,-0.016984458519631457,-0.012060041407867483,-0.004502308746403699,-0.004392413094344488,0.003333333333333355,0.0002622498274672258,-0.013855022568303899,0.004868875086266405,0.006604836504494921,0.005393374741200829,0.0015355417529330784,-0.01352126704242082,-0.017233652671824806,-0.009999999999999981,-0.028707648848906947,-0.00940016227005544,0.0,-0.024986930413192665,-0.0038713409011061073,0.0,-0.009999999999999981,0.0,0.0,0.003333333333333355,0.010634671189845957,-0.04037446055071056,0.006342386904045566,0.0,-0.0017977915804002764,0.009261288180610894,-0.0068021132944151574,-0.020262249827467216,0.0042565514001139115,0.003333333333333355,0.0,1
0.014208965538232698,0.03222446413198088,0.004130163266877318,-0.04017445922939178,-0.0012537483405355987,-0.0015355417529330229,-0.02280883367839881,0.008146585349760649,0.014479734526800625,0.005131124913733687,0.0012308055752422442,0.005565100555431912,0.042484501669051156,-0.009675920010360994,-0.034089155935727145,1.1102230246251565e-16,0.002245275134936886,-0.0015645201903183859,0.008769194424757876,0.0043211582605742205,-0.012275244979501831,-0.013900319338491562,0.010536937986985961,-0.002274253572322249,0.004868875086266433,-0.08001285513507972,0.013066483716479893,-0.012883288179483032,0.04106558643815039,0.0007062197387140978,-0.014404680711052054,0.0003047361776908897,0.04498839246396524,0.0015355417529330229,-0.004330867518493653,-0.009264715642306909,0.008464458247066986,0.009906048525067712,0.04010706996321034,0.01593138230897362,0.011704831302875474,-0.0009975341851602426,0.016619728557095925,0.004607942146146904,0.016404416839199465,0.0906390524684968,0.015755280896224244,0.07313526375073276,-0.00511247813125737,0.04943450688237783,-0.005435861091424465,0.0017977915804002764,0.0003047361776910007,-0.041458298790369996,-0.006928916494133963,0.003216571775536692,0.011131634513651845,0.003595583160800553,-0.0033333333333331883,0.005973868659197357,-0.007861867066307315,0.0015355417529330229,-0.008506944597290622,0.0,0.0,0.0,0.0011747888793193217,0.02302859715564254,0.0138713409011062,1.1102230246251565e-16,0.0,0
-9.602252337947981e-05,0.01793479145551924,0.039474608488406226,-0.011723776148560572,0.0,-0.015623619400332744,0.000736275555100474,0.0,-0.02848836038357061,0.04543597949442746,0.006789457126099796,-0.008645928795946833,-0.007955590356063746,-0.007316023870884258,-0.00953704592091642,0.023028597155642427,0.018653345542621436,0.006666666666666599,0.0,0.007770127688656148,0.010862087557411693,0.008202208419599732,-0.014781766432314547,-1.1102230246251565e-16,0.004868875086266322,0.052993793525870414,0.017219618029983064,0.030007451136484953,0.07723232790072687,0.0068601455733807715,0.006904181792839026,0.0033723890441511584,0.0,0.0007865136978306708,0.003418204230474675,-1.1102230246251565e-16,-0.003565689024193186,-0.0006247324002237598,0.019210152344840248,0.0033333333333331883,0.007446348725315244,0.008551568038723922,0.0033333333333331883,0.010794982650318308,0.006666666666666599,0.051263605373145005,-0.0033333333333332993,0.04841725455578527,0.0033333333333331883,0.0012597840126274962,0.0031278285767063485,0.0003493596191241899,0.0011404345946293137,-0.01912014906116355,-0.00656506250349731,-0.0005998377299445412,-0.0024616111504843774,0.011839488988559688,0.004566958469256921,-0.008202208419599843,-0.044879980498614636,-0.0033333333333332993,0.0,0.013299329143630079,-0.0007875885912148606,0.020282600119451044,0.006666666666666599,0.006666666666666599,0.0033333333333332993,-0.0009357040229884817,0.0010468754587760198,1
-0.013174378061631242,0.005449462370492486,0.005591803967912812,-0.006738254418967027,0.004538872519207149,0.0069064298068106655,0.0018306433051867854,0.005837430834041202,0.004868875086266544,0.0033333333333332993,0.005669132481506467,0.008202208419599732,-0.01749022702362424,-0.01671258047858637,-0.006394782213762218,0.005325789381851798,0.0009975341851603536,-0.016485706957744428,-0.009999999999999898,-0.008371497969542063,0.0005669860051580322,0.013815712144062076,0.009313237664622553,-0.0039003193384913315,0.008032404477718358,0.019803493073792366,0.010654810036376139,0.0033333333333334103,0.0005669860051581432,0.0025330759380934875,0.03498820559078086,0.01684146920417251,0.0017977915804004985,0.005131124913733576,-0.010663819570083999,-0.007664200851826952,-0.0015355417529329118,-0.0016098578713127365,0.002938073142406239,0.008464458247066986,-0.005669132481506356,1.1102230246251565e-16,0.017527763026671028,-0.020161567593504293,0.005036697424453895,-0.009673861698622721,-0.0039331710632778405,-2.8978437385251965e-05,0.0051676038731982565,0.029711014503382982,0.005131124913733687,-0.006942424406972125,0.002594621513944406,1.1102230246251565e-16,0.003670921235810698,-0.0033333333333332993,-0.0034208635282894084,-0.0024072639357819448,-0.0033623117707186623,-0.0033812792247233103,0.060553348986769895,0.020197276789920227,0.005005312911422477,1.1102230246251565e-16,2.220446049250313e-16,0.028824640838227333,1.1102230246251565e-16,-0.02031420318374677,0.004438326906264223,-0.002795325765560519,0.01000000000000012,1
-0.005069294751561815,-0.015435861091424474,5.551115123125783e-17,0.004872302547962393,-0.002571924192131536,0.0044071967909112275,-0.0007547443140663579,-0.005131124913733631,-0.0007387118193890041,0.005606173386234703,0.0,-0.0003358662930438294,0.01435984595587908,0.02609968066150853,0.008402912671216123,0.012779008684562498,0.0059279548472775945,0.0017977915804002764,-0.013595583160800617,-0.004101760960417367,0.011338264963012712,-0.002102527758091166,-0.0009975341851601316,0.00969526382230912,0.011325036444403025,-0.005053887180464567,-0.010998525382567681,-0.0033333333333332438,-0.010538007567772734,-0.01671217974784045,-0.006900658258733983,0.001775020306756192,-0.011090494462685119,-0.004733428458517819,0.0,0.0008002573952401448,0.009261288180610894,5.551115123125783e-17,-0.010000000000000009,0.011006716604895217,0.0033333333333332993,5.551115123125783e-17,-0.02040256094002424,0.01059983772994455,-0.0007352843576930446,-0.004797701843261948,0.004868875086266544,0.010621785425562857,-0.00876919442475771,0.018167860353205445,-0.0007856649187644726,0.00956893687409005,-0.0025365033997895026,5.551115123125783e-17,-0.00513112491373352,-0.0033333333333331328,0.009283984821773006,0.0017977915804003874,0.00772116353410085,0.0015355417529331339,0.05121245296070176,0.022425863271722413,0.0017977915804003874,-0.0035955831608004973,0.08205282548133769,0.017136902735455983,0.010000000000000064,0.0020797807584695405,0.0074050938997349824,0.019002465814839775,-0.022364777585558493,0
-0.0034732014162467406,0.02090466727386503,0.001797791580400332,0.029326545804478854,0.010308163639386969,0.008840795293169557,-0.0012404402006794268,-0.004133590728573389,0.018492860553526946,-0.003801334874113549,5.551115123125783e-17,-0.0022901699225741923,0.003333333333333355,-0.00253307593809321,-0.02636292168638321,0.003333333333333355,-0.009064295977011472,0.002102527758091166,5.551115123125783e-17,-0.013874768362802214,-0.0017977915804002764,0.0005669860051581987,-0.023705763399180624,-0.004868875086266378,-0.008202208419599677,-0.027456540509031013,0.0017977915804002764,0.004667480821307246,-0.05641075418950647,0.011585922314004737,-0.009763301148222048,-0.024209022169812966,0.017696322164587608,-5.551115123125783e-17,-0.0033951634955050602,-0.001695005667503413,-0.007930323966695185,-0.02113404611693187,0.00023327139008194608,0.002006233385099865,-0.0056691324815064115,0.0010434479970801158,-0.012280008769499418,-0.07425785801537182,0.012578589019267117,0.039225532589417966,0.0025365033997893915,0.0054603091428590544,-0.0024909903186157156,0.05016808863172373,-0.003488123773029872,-0.014320952418141686,0.0,-0.056909572682185716,-0.028464069733543984,5.551115123125783e-17,-0.0003047361776908897,-0.006707685805135255,-0.0004896574915644325,-0.03338843619899917,-0.010538007567772678,-0.011667207240457389,0.0011049935729309235,0.0008002573952400338,-0.02099753418516015,0.0003047361776909452,0.006624180316443018,-0.0024191248002605747,-0.002766347328175156,0.004857425485166322,0.0008002573952400893,0
0.0033333333333332993,0.0,-0.0012308055752421887,-0.015393374741200838,0.009264715642306909,0.02660483650449491,0.00026224982746725356,-0.004457870491194449,0.007876070118222611,0.010000000000000064,-0.0005380075677727802,0.0005669860051581987,-0.0017977915804002764,-0.00846445824706693,0.00460662525879918,-0.0018402779306240236,-0.00026224982746725356,0.004949522293610342,0.01079466640844623,-0.017275748572755933,0.003599010622496679,0.030439564573103373,0.004989688202049258,-0.006666666666666654,-0.017068943020370098,0.0,0.002458759819713663,5.551115123125783e-17,0.0,-0.00666666666666671,-0.013933171063277905,0.008128591954023046,-0.0033333333333332993,0.004395840556040587,-0.01052107219323839,0.01499122886765869,0.0,0.00668621025159688,0.0033333333333332993,-0.004613193273985738,0.006928916494133908,-0.0009975341851602426,0.0006734541955213391,0.01915464804414052,0.013333333333333364,-0.00026224982746725356,-0.00597886754572563,0.007615678829511474,-0.0012094034515559016,0.0005898809923781667,-0.01133854954933361,-0.00634601181683897,0.00023042005931117604,-0.003595583160800553,5.551115123125783e-17,1.3149263345779705e-05,-0.010000000000000009,0.0015355417529330784,0.004868875086266378,0.0025980489756403657,0.001797791580400332,0.005131124913733687,-0.002172963729676458,0.003333333333333355,-0.05420711382792054,0.04152814083941331,-0.00026224982746719805,-0.005131124913733631,0.0029646153155030164,0.0015942202913759584,-0.010000000000000009,0
2.220446049250313e-16,0.01389649382191993,0.0033333333333332993,0.014336784337300346,0.017670992106314065,0.027177862054012847,0.002102527758091055,0.011535541752933254,0.04968079861654573,0.07389803333018263,2.220446049250313e-16,0.0025980489756404213,-0.004130163266877318,0.0,-0.0066666666666664876,0.03030473617769114,-0.0015355417529328008,-0.006971402844357377,0.03663409952820118,2.220446049250313e-16,-0.0029588605672364876,0.0043924130943442385,0.015595715788911724,0.014828878093153475,0.002102527758091277,0.06995624864531103,0.04297856791363952,0.031809241181500525,0.0004764619919219726,0.013680555861247945,0.017813935700082606,0.05538598729241928,0.06745774164217189,0.0015355417529330229,0.0,0.010997534185160251,0.0,0.0033333333333335213,0.04515112457663406,-0.0009975341851602426,0.00720467423443949,0.0015355417529330229,0.0,0.0,0.0,0.07320181865734443,2.220446049250313e-16,0.0,0.0033333333333332993,0.14244883412279485,0.0,-0.007664200851826841,-0.0030710835058660457,-0.005526748074360821,0.02924222895498363,0.0033333333333332993,-0.0015355417529330229,-0.0033333333333330772,0.03295054581089496,-0.004606625258799291,0.0,0.0030710835058660457,-0.0015355417529330229,0.0033333333333332993,0.038316379829791636,0.049569451819998056,0.00666666666666671,0.020000000000000018,2.220446049250313e-16,0.0039331710632778405,0.02311586301917834,1
5.551115123125783e-17,-0.01752846963775756,0.0015026900281466804,0.010139573742247554,0.0068055407561112835,-0.007664200851826897,5.551115123125783e-17,0.0,-0.009566402310852207,-0.03314521731243447,-0.004868875086266433,-0.005655824341650129,0.003887373395783378,0.003333333333333327,-0.012333740836434903,0.009757210128906069,0.00720467423443949,0.0017977915804003042,-0.01679709710106353,-0.0296860502936232,-0.0017977915804002487,0.01905284637591137,-0.00932654580447867,0.0027953257655606023,0.005467690859580515,-0.012031062970482176,-0.007943186280846448,-0.003919862923421613,-0.005163976638519974,0.006099680661508566,0.003333333333333327,-0.0017977915804002487,-0.002427066125664068,-0.002895208839632124,0.0033333333333333826,5.551115123125783e-17,-0.0032715031711615383,0.00913791244258827,-0.01759029979992932,-0.006436422007534803,0.013333333333333391,-0.0067065647428718456,0.006236118486664555,5.551115123125783e-17,0.00365595963213039,-0.011095358947493583,0.0,-0.023566604723415152,0.0023357991481730844,-0.0005380075677727802,0.009400162270055579,-0.0017977915804003042,0.005478440807877738,-0.0058989764098922315,0.006666666666666682,-0.001211261990311907,0.01106250722270724,0.0063878415717395776,-0.0038713409011060795,0.002335799148173112,0.008464458247067014,0.03375784196897588,-0.006666666666666599,-0.005804579109254859,-0.02057614710331873,0.0,0.0,0.0,0.007324503433992796,5.551115123125783e-17,0.0044443625783560925,0
0.008632756599601832,0.0,0.004868875086266433,-0.0009975341851602426,0.03536538954373447,0.0030710835058661567,-0.0015355417529331339,0.004269037356321781,0.01736287171531692,-0.0033333333333334103,-0.006129445417689894,0.009737750172532866,0.047298719590193716,-0.0033333333333332993,0.02015350303560126,-0.015468712816210983,-0.007495902499291995,0.032588869992794534,0.02760237068965521,0.028132221231212506,-0.015730962643678015,-1.1102230246251565e-16,-1.1102230246251565e-16,0.0056655135917835775,0.004330867518493542,0.08881490983195028,0.05549911642957872,-0.005435861091424687,0.05168678945660832,0.0023357991481730567,0.002102527758091166,0.04338758718180602,0.07150269002814647,-0.013071083505866055,0.01153554175293292,0.04253307593809341,-0.0016121296511177885,-0.010768610425964553,0.051675852865490035,0.0033333333333332993,0.0395718676637713,0.020601777559370427,0.0,0.02880780134672145,0.004868875086266433,0.0006734541955212281,0.023306395459081086,-0.0002007042516164459,0.0015355417529330229,0.06769019472087312,0.0021969250587284828,0.022067794362666926,0.004330867518493653,0.07701978305655544,0.015636726582424876,0.01632210856647187,0.0048422304538126015,0.008202208419599732,0.03591340968949486,0.00026224982746725356,-1.1102230246251565e-16,0.0023976293103448176,-0.004868875086266433,0.0015355417529330229,0.012023646947059707,0.005691482603889408,-0.0015355417529331339,0.016688068790352784,-0.03379940898748579,0.02314254829347495,0.01617457291081348,0
0.00513112491373352,0.01641056865571655,-0.0072762323882780144,-0.004330867518493653,-0.007388158525200583,0.01637111510903161,-0.005069294751561926,0.0,-5.551115123125783e-17,0.011166408668620509,0.007405378486055769,0.004375767562195765,0.039311110482373124,-0.0017977915804002764,-0.0064499299203730764,0.02454850714464435,-0.006971402844357599,-0.017635222414441598,0.007971963760467826,-0.01060099022947747,-0.008338070113830365,0.0033333333333332438,-0.007592736064217842,0.0038713409011060795,-0.0021025277580911106,-5.551115123125783e-17,0.0,0.00279532576556063,0.0484354798096816,0.004890277209952665,0.018813632679967163,-0.0021869915112343596,0.004195420890745094,0.0025075249624040286,0.009949619438928414,0.009461992432227284,0.0015355417529330784,-0.01043054818000222,0.0,0.003333333333333355,0.012012003744854893,0.007139701196892556,0.013366185058119817,-0.011564520190318395,0.004542736784889312,-0.025282644830515566,-0.008202208419599732,-0.013070599146563167,0.00701731665627725,0.031579770497487614,0.013333333333333364,0.00513112491373352,-0.0017977915804002764,-0.04751308810622579,0.0015355417529331339,0.0037668378125856883,-0.0008002573952399783,-0.010000000000000009,0.00763864987613766,-0.011717045971684659,-0.028472933986551152,0.0,0.02500774917571097,-0.0033333333333332993,0.016971402844357553,-0.004133590728573444,0.0,0.0,-0.005435861091424465,0.008095740229236592,0.0,0
-0.008464458247066875,-0.0077315167874328905,0.00832516909114045,0.018839574302286555,0.00038197391095995403,0.018325338104899447,-0.005435861091424465,0.015204247282334826,-0.02996092069095735,-0.004868875086266433,-0.005866409271426676,0.012335799148173066,0.045832475180006105,0.0,0.0,0.0,-0.010000000000000009,0.0,0.0003047361776908897,0.013241792106154171,0.019959235259209618,0.012640535325863955,-0.002974249940940088,0.008202208419599732,-0.0033333333333332993,0.0,0.0,0.003659471634710476,-0.002733495603388869,0.003638069511024189,0.004344666975936495,0.012545561894301227,0.0,-0.014330867518493662,-0.002744945204489091,0.00026224982746725356,0.004802652951716668,-0.0024712457759215045,0.027621621135373697,0.006122571180075309,-0.0045641389085755435,0.011438132057081885,0.012628049369656003,-0.002594621513944184,0.005669132481506467,0.0049910681988549754,0.0,-0.013016284085461516,0.026099680661508584,0.013333333333333308,0.008390142128687272,0.012856871341411447,0.023304354895947954,0.08435117991078322,0.0033500255874927554,-0.009907039722475308,0.004868875086266322,0.0016709883806815817,0.01102994008424174,0.006128659098893929,0.008769194424757987,0.04668806879035292,-0.011797791580400396,1.1102230246251565e-16,0.0019266530918571334,0.010901146445939425,0.0,-0.015727250595661157,0.003394878909184329,0.0,0.01787801228553554,1
-0.0030382317810797033,0.003900319338491498,-0.0015355417529330784,0.0033333333333334103,-0.011192644718121925,0.007318268733120303,-0.010800257395239987,5.551115123125783e-17,-0.01289489094248325,-0.0013498836346743093,0.006666666666666654,-0.014387305534010075,0.035237593104096854,-0.005927954847277539,-0.009400162270055468,0.022049415585022714,-0.008590270249378196,0.003333333333333355,0.006971402844357544,-0.003659471634710476,0.0009975341851602426,-0.0006638195700840455,-0.0602848345841569,-0.003997152903417345,0.0017977915804002764,0.0003047361776909452,-0.0015355417529330229,0.01723365267182475,-0.0634186560137055,-0.015406882654039167,0.0015355417529330229,-0.0058315220130977785,-0.004820353063950844,-0.01952687210354459,0.006404416839199456,-0.008464458247066986,0.006909572682185783,0.005985636157446184,0.01299574543085602,-0.0007352843576930446,0.006666666666666654,5.551115123125783e-17,0.0,-0.05195297171999519,-0.003333333333333355,0.008443056123380699,-0.011166823735102638,0.010601989407912238,0.004564138908575488,0.034470063308190746,0.007771660239597522,0.007664200851826952,0.00026224982746725356,-0.04214501410831473,-0.003522438434946207,0.0006210153227115822,-0.002228339760402376,0.0,-0.008969614090053313,-0.0033333333333332993,-0.006666666666666654,-0.014026131340802717,-0.0026695137632493093,-5.551115123125783e-17,-0.014230424293499189,0.0033333333333332993,0.0021025277580912216,-0.0030720747032736417,0.003165121162391926,-0.0031000619432514087,-0.0065408546643555,0
0.0,-0.0010434479970800048,0.037297562712828525,0.0032352182260654283,-0.005513098824693308,-0.0006638195700839344,0.004635603696184487,0.001797791580400332,-0.018338646244755785,0.02247495782393849,0.006099680661508511,0.007266504396611362,0.02056698600515816,-0.009999999999999953,0.0,0.017150401580810715,0.006099680661508566,-0.001338264963012814,0.0,0.019504478782450985,0.022364777585558437,0.0015355417529330784,0.0,-0.011104993572930988,-0.005131124913733631,-0.004203504505285116,0.024990087299191388,0.0,0.03672849682883844,-0.0033333333333332993,0.0059313823089737205,0.009279425970970812,0.029461992432227413,0.0,0.009971021562614757,0.003333333333333355,0.0,-0.006099680661508622,-0.0033333333333332993,0.003333333333333466,0.00473342845851793,-0.0010625072227071208,0.0073304862367506995,0.06144472411050039,0.014130163266877327,-0.0022742535723221935,0.023699899673196023,-0.0021025277580909996,-0.011535541752933032,0.01745990789913049,1.1102230246251565e-16,0.017466924061906697,0.0015355417529330784,-0.00023327139008177955,-0.004330867518493542,-0.010663819570083943,0.014500157068436048,0.001768813143014969,-0.0033333333333334103,-5.551115123125783e-17,0.020362602480509362,-0.016838740767103955,-0.0542811638691123,0.01179779158040034,-0.02715615226673007,0.006766039262569856,-0.006807167592327468,-0.005435861091424465,0.005114976960712503,-0.0010009616468563132,-0.0015355417529330229,1
-0.004868875086266378,-0.0007387118193891151,0.003285377189678085,0.006705745975709387,-0.020629659894002506,0.0,0.013859693121630934,-4.2486350223636116e-05,0.0006424174463978694,-0.0021025277580912216,-0.013271503171161547,-0.009002465814839655,-0.003871340901106024,0.0009628007897360957,-0.006731639704213588,0.019620947703929414,-0.007233652671824797,-0.009766728609918063,-0.005576898705966893,-0.03782948672731512,-0.0009691318787003467,-0.006067528589525084,0.0038077821712173554,-0.022099100296395058,-0.010213727805151729,0.0028738067159458924,-0.005487871017939183,-0.015669132481506365,0.0,0.010262249827467318,-0.002102527758091166,-0.0014838729829744768,-0.02123437670171263,0.001529626133796369,0.02811913501025226,-0.024899589531562405,0.005131124913733687,0.0027334956033888136,-0.005620704107329955,0.0033333333333334103,0.0033015035651773883,-0.004868875086266378,0.005131124913733631,-0.010445088393867319,-0.002883968108159052,-0.0072652286128828125,0.003028597155642465,-0.002102527758091166,-0.021746295696468687,0.00279532576556063,-0.03756520102994232,-0.0034685801880995903,0.00066381957008399,0.0013863513696638075,-0.0015355417529329674,-0.019938169837828257,0.002594621513944295,0.010048522022315598,0.0053284017036538955,-0.0033333333333332438,0.015068879685079806,0.004634136484429452,-0.0015355417529330229,0.003797024782726477,-0.0012308055752421332,-0.006666666666666654,-0.006666666666666654,0.009999999999999953,-0.016283071586039977,-0.012335799148173066,-0.004330867518493597,0
-0.006666666666666654,0.0,-0.004868875086266378,-0.0056691324815064115,0.0017522378755551182,0.007233652671824908,0.0015355417529331339,5.551115123125783e-17,0.0,-0.030510887669143394,0.0,0.00519267048958455,-0.013833003402885513,-0.00900246581483971,0.00255253589446669,-0.002125466411978305,5.551115123125783e-17,0.003333333333333466,0.0027468037432450965,0.005102146476348268,-0.01810169227277153,-0.0033333333333332993,-0.002692031209795498,0.0015355417529331339,-0.003942805688715134,-0.03131186234328415,0.0007387118193891706,-0.0074864676468368585,0.0,5.551115123125783e-17,0.031080481884697475,-0.0027918983038644485,0.049957513649776464,0.0014615600159094688,0.0,0.0012308055752421887,-0.006666666666666654,-0.006102614026228914,0.03957131035875405,-0.004606625258799124,0.002766347328175267,-0.0033333333333332993,-0.015085828143545976,-0.0023843211704884792,-0.0006927980074693529,-0.00999036537456266,-0.020861802971090915,0.02533985130475419,-0.0033333333333332993,-0.0004776310964428876,-0.0033333333333332993,-0.0021025277580911106,-0.0014930554027093312,0.015528821368949453,-0.008464458247066875,0.0003047361776909452,-0.005131124913733631,0.0,-0.003333333333333355,-0.023043973344909485,-0.001043047266333863,-0.004868875086266322,-0.007466924061906577,0.005131124913733687,-0.016666666666666663,0.003921721462177785,0.0,0.010000000000000009,0.0009975341851602981,0.003333333333333355,5.551115123125783e-17,0
-0.0015355417529330229,-0.0009975341851602426,-0.004826388736042686,3.256713846550019e-05,-0.01692521279107234,-0.008464458247066958,-0.02999999999999997,-0.010233271390081872,-0.03456413890857546,-0.025049923112738848,0.0,0.0,0.005131124913733576,-0.011797791580400285,0.0017977915804002487,0.0009371712347436001,0.00746692406190666,0.0,-0.0015355417529330229,0.0,-0.015393374741200894,-0.006666666666666654,0.0,-0.010734999771372156,-0.013333333333333336,-0.023996707077712315,-0.005253434170747279,-0.0042690373563218365,-0.0014612256345533647,0.011104993572930932,0.0,-0.020774783415070414,0.002102527758091194,-0.009400162270055468,0.0,0.013333333333333336,-0.011647467889855517,-0.007926809328786727,0.008568490173141513,-0.012698231422959061,-0.006404416839199456,0.013333333333333308,-0.0022283397604024313,-0.0027663473281752116,0.003333333333333327,0.0,0.0,-0.0009391314846845522,-0.005846865686496477,-0.02253307593809334,-0.01915394493726552,0.0,0.0009975341851602981,0.006766899411955907,0.006666666666666682,-0.0042887398177624825,0.0,-0.0033333333333332715,-4.0819365486527426e-05,0.0,-0.0042703131400501915,0.031170884415536643,-0.0020566139461714594,0.008202208419599705,0.006666666666666682,-0.038402628084895196,-0.0017977915804002487,-0.000538007567772808,0.0027663473281752393,0.0012308055752421887,-0.004330867518493625,0
-0.027359464674136025,-0.02548991826185376,0.0,0.0017977915804002764,6.288776539681296e-05,0.00842949106148777,0.022545146827819273,0.0015355417529330784,5.551115123125783e-17,0.0017161230161617524,0.006666666666666654,-0.004133590728573333,0.003333333333333355,0.006774410640758233,-0.001797791580400221,0.011334100131007163,0.0007728426794740839,-0.0014930554027093867,-0.010262249827467207,-0.03135971755040928,-0.0058995525408175875,-0.004088077647399657,5.551115123125783e-17,5.551115123125783e-17,0.004868875086266433,0.0,0.006579933489260392,0.005947414803650852,-0.010738711819389068,0.00014817536414729604,-0.001337914106399496,0.012594621513944249,-0.037505811458784954,0.006666666666666654,0.0033333333333332993,5.551115123125783e-17,0.004895944521185525,0.00192041596885828,-0.007191166321601161,-0.008127892301219963,-0.0032908469831096077,-0.004379711114285645,-0.004438326906264223,-0.0017729619950179187,0.008871750794121891,-0.010585368449828159,0.00466743346434062,-0.011273291925465778,5.551115123125783e-17,-0.003539535288496043,0.004081921958614787,-0.00010332523315526032,0.01902180962678779,0.022335799148173074,-0.006666666666666654,-0.003533752998628792,0.003333333333333355,0.0021025277580912216,0.008678670411521539,0.004868875086266433,-0.06420721821912351,0.0022902860669993808,-0.015927954847277548,0.0064044168391995115,-0.019854219094011305,-0.0022323207472469964,0.0017977915804002764,5.551115123125783e-17,0.0,-0.007444309010948613,0.006666666666666654,0
-0.020721776444854678,-0.024897766329653792,0.00017581461083243655,0.0030710835058661567,0.014379389540809195,-0.024794558967886682,-0.005794944483817566,0.00846445824706693,0.01917419162907069,-0.006032364725902517,-0.0018616800543101997,0.0007387118193890596,-0.003287419521413648,-0.0030285971556424096,-0.006992804968043775,0.0,-0.0016870345479989002,0.0007387118193891151,0.0039003193384914425,-0.002606883109168845,0.003333333333333355,0.03110499357293095,0.00043635151249987736,0.0,0.0020735493207057476,-0.0023357991481730567,0.004438326906264223,0.003333333333333355,0.009209317899450342,-0.0033333333333332993,0.007078862232128225,-0.00016595545447589677,-0.007953262859720867,0.012102527758091175,-0.0009975341851602981,-0.000295101552253596,-0.0017763894567140448,0.0033333333333332993,0.004291430677415553,-0.002102527758091166,-0.0033333333333334103,0.020000000000000018,-0.00666666666666671,-0.007146825304889248,0.0,0.024532656867697678,-0.006666666666666654,0.014376380599667338,0.00026224982746719805,-0.014133590728573342,-0.011933238208148789,0.010566986005158152,0.0005998377299444857,-0.019724242259694436,0.004330867518493597,0.0073594646741360625,0.002335799148173112,0.005613341863694388,-0.006122619315395705,0.0,-0.007897472241908843,-0.031035437787788167,0.0015355417529330784,0.00028179341239736866,0.005300414463676073,-0.00846445824706693,0.00023327139008183506,-0.021612476912260092,0.0,0.001797791580400332,0.006637688229281291,0
-0.002733495603388869,-0.0068999380567486,0.013352793289706566,0.043271549654273544,-0.0012308055752422997,0.018998592527438574,0.0070353846844969925,-0.002102527758091166,-0.0103153620005359,0.013252686125989233,0.0005380075677726137,-0.002102527758091277,-0.007305117459433963,-0.0014053090490068754,-0.006236118486664666,-1.1102230246251565e-16,-0.002974249940940421,0.0021025277580909996,0.0015355417529328008,0.019454416118527884,0.0033333333333331883,0.004832305554849425,-0.030187933709087733,0.005435861091424354,-0.0033333333333335213,-0.02264053532586402,0.0017426438737891958,-2.220446049250313e-16,-0.07529556688481365,-0.0045641389085755435,-0.034213912469109875,-0.012335799148173121,-0.0025946215139443507,-0.0025158037355125784,0.004705340284590465,0.0027663473281751005,-0.008159722069376207,-0.014903948960336977,-1.1102230246251565e-16,-0.019704898447746477,-1.1102230246251565e-16,-0.020198267987327878,0.0003788794100434423,0.11263767820140785,0.0017977915804000544,-0.0098741879976888,-0.005435861091424687,0.04922114472844613,0.0012308055752419667,0.06740671135759663,0.008866027989683556,-0.02233579914817313,0.0,0.045288625372866764,0.017119789273955244,-0.006666666666666765,-1.1102230246251565e-16,0.00766420085182673,0.0022283397604022648,-0.0011668237351027955,0.08196782874304548,-0.03775534190679558,-0.003333333333333466,-0.003333333333333466,-0.0025827189403724304,0.0007547443140661914,-0.0048688750862666,0.01342629361085812,-1.1102230246251565e-16,-0.010000000000000009,-0.011363815938702282,0
1.1102230246251565e-16,-0.003333333333333355,0.007309084113064468,-0.0033333333333332438,-0.024379231930437895,-0.01153554175293292,0.024596909819361468,0.011622266585384011,-0.002766347328175156,0.00016296056454917496,0.0216011643885054,-0.0015355417529329674,1.1102230246251565e-16,0.01726650439661126,0.011345265145786598,0.013333333333333364,-0.0011523246248567598,-0.000997534185160187,0.008464458247066986,-0.029338586505561925,-0.0008002573952399783,-0.006666666666666599,0.016318871635989773,0.007299101723719337,0.0015355417529330229,0.002335799148173112,0.008464458247067042,0.0021025277580912216,0.006666666666666765,0.00896647121467814,0.0021025277580912216,0.006002847096582775,0.00548720326490354,0.006666666666666765,-0.009999999999999898,0.0033333333333334103,0.014706359023598903,-0.010262249827467151,0.040648827479913885,-0.001797791580400221,-0.000997534185160187,0.006666666666666765,-0.011871408045976917,0.016454234635181364,0.023333333333333373,0.0033333333333334103,0.004088077647399768,-0.022645868530596636,-0.012174648677019395,0.01333333333333342,0.026822648076752886,0.0017977915804003874,-0.006928916494133908,0.004330867518493653,0.011380751313236515,-0.0017328185428532317,-0.009999999999999898,0.027266504396611213,-0.009137912442588159,-0.020964471980668697,-0.015131124913733529,1.1102230246251565e-16,0.007022295231012776,0.0008324878941420866,-0.009678444974347833,-0.024719207548172806,1.1102230246251565e-16,0.0,0.004868875086266489,-0.00513112491373352,0.0034556425903469745,0
0.0,-0.033159279557382404,-0.011825941971773113,0.00026224982746725356,-0.005866409271426676,-0.00842949106148777,0.0,0.0055654589202654425,0.013151998073007487,-0.00900246581483971,-0.02413359072857335,-0.016280756514855943,-0.003333333333333355,-0.0015355417529330784,-0.017017410022506896,0.02153896921462911,-0.003059242577764909,0.0,0.003595583160800553,0.0,5.551115123125783e-17,0.0033333333333332993,0.0033333333333332993,-0.046450349938851276,5.551115123125783e-17,0.0012308055752421332,0.0,-0.004852558005268348,-0.01140632656294821,0.0045641389085754325,-0.0035955831608006084,-0.01611196329707887,-0.0031341980046570295,0.006666666666666654,-0.001797791580400332,0.01922843645582445,0.0,0.0161902046747448,-0.007198868978430195,-0.01772917388937395,-0.02026224982746716,0.013333333333333308,0.018619986057073046,-0.012536503399789456,0.004133590728573333,-0.001209403451555957,-0.005344852718885351,0.0023357991481730567,-0.00926128818061095,-0.020468287864668366,-0.012795325765560639,0.010656502296155945,0.005131124913733631,-0.01094533394432795,-0.007725691436528959,-0.0009968708780224156,-0.0015355417529330784,0.0160466902991786,0.002254709987392023,-0.008435479809681623,-0.003333333333333355,-0.004133590728573333,0.0,0.020862087557411813,-0.010208819757250076,0.004892186212418881,-0.0042690373563218365,-0.0035955831608006084,-0.002274253572322138,0.0,6.231437763570824e-06,0
0.00526756273888962,0.029298891980542363,0.013654041010007334,0.0015355417529330229,-0.007979628269465522,-0.010907600638585313,0.0033333333333332993,0.0015355417529330229,-0.003505753533721623,0.01829739246105222,0.0017977915804002764,-0.012719300862570115,0.008863145899690283,0.007233652671824853,-0.023427498366368926,0.01159708732878384,-0.0015355417529330229,-0.009724242259694593,0.005131124913733687,0.018451153979478496,0.0,-0.006576087735834291,0.0,-0.007201246772743364,0.008899187974062861,0.012459852859065257,-0.0008683096482300368,0.018568054557476787,0.05799836025699945,0.014539912546335132,0.0007968299335439077,-0.00666666666666671,-0.008202208419599732,-7.658789818465461e-05,0.0,-0.00661426131484133,0.006666666666666821,0.004868875086266433,-0.001957255494970611,0.0033333333333334103,-0.00536096884211934,-0.007838849347935994,0.005233974214373882,0.0014893857605582372,0.008202208419599843,0.04674077352957029,-0.007664423139771781,0.03965915008801635,0.014912229971968616,0.029794906859830883,-0.008753471880502017,-0.0018110997202566148,0.005729495431923026,0.07200147446927874,-0.04204533552289835,-0.0018191937040865636,-0.0023357991481730567,-0.009137912442588103,0.00012672770153365764,0.003347707839348124,-0.006666666666666599,0.01603839670751972,-0.002123929881777342,0.007429437492911362,-1.1102230246251565e-16,-0.0016589174909558135,-0.016404416839199465,-0.002935636878117709,-1.1102230246251565e-16,-0.016604836504494846,-0.006099680661508677,0
0.008464458247066875,-0.03081811819692304,-5.551115123125783e-17,0.0033333333333332993,-0.012950191726010862,-0.008568490173141652,0.017683260077454077,0.0040628461429496054,-0.008140378257428083,-0.00036970921523793443,-0.02046026398769718,-5.551115123125783e-17,0.004502593332724569,-0.002846994535519176,-0.0033333333333334103,-5.551115123125783e-17,-0.008202208419599788,-5.551115123125783e-17,0.009137912442588214,-1.1102230246251565e-16,-0.005426226465987338,-0.016284640508980153,-0.001797791580400332,-0.022891503199167273,-0.002640535325864002,-0.01333333333333342,0.01179779158040023,-0.010000000000000064,-5.551115123125783e-17,0.016404416839199465,0.012031783172467503,-0.047100436175145866,0.02649671485030758,-0.02667406906465708,-0.019170764167374676,0.0,-5.551115123125783e-17,-0.019255575764084654,-0.002382343595997094,-0.0014153118226336026,0.00038370894093381347,-0.008009624205083499,0.002335799148173001,0.004716692856965521,0.0,0.008202208419599677,-0.010183277064224339,-0.009977224614949654,-0.009199022402774704,0.007802110980524912,-0.010275757740305647,-0.015706908540155162,-0.003333333333333355,-0.00386791343941012,-0.030051668769958684,0.0033333333333332993,-5.551115123125783e-17,0.009344365609773198,-1.1102230246251565e-16,0.0050690949785797135,-0.011865108704327942,0.009971021562614646,-0.003333333333333466,0.005131124913733576,-0.008190644958192328,0.014084718439221933,-5.551115123125783e-17,-0.002102527758091277,0.0033333333333332438,0.0025074925696649264,0.0033333333333332993,0
0.0011989758070862222,-0.020303620854830895,-0.0045641389085755435,0.008231186856985095,0.0030740573674821192,0.016332952051590355,-0.0026141650988743548,0.00356660472341519,0.0047684318612719045,0.026527092924419182,-0.0024712457759215045,0.00030473617769083416,0.001561486661175282,0.00509852758662549,-0.00458359886494869,0.015406875855846158,-0.008202208419599732,-0.009968139472621151,0.0030710835058660457,-0.0015355417529330229,0.021296385502937387,0.027939958592132552,-0.012751822906076737,0.015823922921202993,0.017631349127040508,0.05404742275471086,-0.003333333333333355,-0.0041450403296736105,-0.016845590842046232,0.0033333333333332993,-0.0033333333333332438,0.02416438414162153,-1.1102230246251565e-16,0.004697149272035406,-0.006803104491822698,-0.0009975341851602981,0.0015355417529330229,0.01670579578954212,0.0045641389085754325,-0.0033333333333334103,0.014503330703034112,0.00821404934770098,-0.007771660239597633,-1.1102230246251565e-16,0.004448333343393063,0.01419092762480334,0.015794944483817686,-0.0035955831608004973,-0.00026224982746719805,-0.020177932977972046,-0.004392413094344572,-0.0012308055752420777,0.0034506733992640815,-0.015170195630286265,-0.005435861091424465,-0.006078278537822335,-0.0019695173946312483,-0.007000381281743018,0.010949012162844718,0.003933171063277896,-0.02027258410570748,-0.020477546555559056,-0.056249099508898615,-0.0023647775855584197,-0.0025946215139442397,0.01127329192546589,-0.01304985759322369,0.0034076494517130684,0.0015355417529330229,-0.0013056978245472028,0.0013056978245472028,0
-0.0009975341851602981,-1.1102230246251565e-16,0.022598048975640217,0.0015355417529328563,0.005092964056613247,-0.0008002573952400338,0.022027635508786003,-0.02153554175293315,-0.009737750172532866,-0.027521281528874175,0.03855885554770411,0.0008002573952399783,0.005403455192343032,0.0015355417529329118,-5.551115123125783e-17,0.0036090910736387705,0.005546508093048352,-0.009461992432227229,0.008636184061297847,0.0033333333333332438,0.0024390937039380223,-0.001295778612789178,0.00513112491373352,-0.08996094111147246,-0.013667047948409727,0.006792478668977808,-0.027926450679294224,-0.019880789639249163,0.0036359414309591886,0.01545726321511065,-0.003333333333333466,-0.029092158964760972,-0.0033333333333334103,0.009999999999999898,0.013028597155642363,0.006666666666666599,-1.1102230246251565e-16,-5.551115123125783e-17,-0.02356660472341532,-0.005131124913733631,0.008100500269282385,-0.0010492029551189552,-0.021460207550190902,0.015992636340219912,-0.0005380075677728913,-0.03556167309373587,-0.0015355417529330784,0.032017461691414284,-0.016340528365289653,-0.023393136257120695,-0.00026224982746730907,0.01746692406190664,0.008506944597290567,0.001797791580400221,-0.001338264963012925,0.003660769756450688,-0.004635603696184598,0.013559612817728661,-0.003871340901106246,-0.0033333333333334103,0.00836042632099232,-0.02361666738733814,-0.004654662921811825,-0.00666666666666671,-0.05430342661721721,-0.029061832508882834,-0.007191166321601217,-5.551115123125783e-17,-5.551115123125783e-17,-0.00026224982746725356,-5.551115123125783e-17,0
-2.7755575615628914e-17,-2.7755575615628914e-17,-0.005435861091424521,0.004868875086266378,0.0,-0.015669132481506393,-0.03124003946993331,-0.0001354466277485311,-0.05920498200937191,-0.010935704022988518,-0.004868875086266405,0.013731029788549037,-2.7755575615628914e-17,0.005131124913733576,0.0017977915804002487,-0.004088077647399685,0.0037673089750315247,-0.008807355281878121,-0.0017996501191563652,-0.0027663473281752116,-0.0100615455758509,0.010875093382339163,0.014868875086266387,-2.7755575615628914e-17,0.019031444252225083,-0.007897472241908843,-0.016666666666666663,0.005467690859580515,0.006666666666666654,-0.014166157867038898,0.0029345620521532556,0.0017977915804002487,-0.02456413890857545,0.002746803743245013,-0.013333333333333364,-0.040262249827467206,-0.014657274095653955,0.013976781272474592,-0.003333333333333355,-0.003333333333333355,-2.7755575615628914e-17,-0.02341442249411438,-0.014868875086266387,-0.005804579109254915,-0.0017977915804003042,-0.005406882654039186,-0.003333333333333355,-2.7755575615628914e-17,-0.0227663473281752,-0.03885028358553891,-0.016404416839199465,0.007897472241908815,-0.000862087557411767,-2.7755575615628914e-17,-0.0023357991481730844,-0.004671598296346141,0.0012308055752421054,-2.7755575615628914e-17,-0.004489302921476285,0.002733495603388786,0.01201781321188819,0.04546292103737311,-0.0017977915804003042,-0.013333333333333336,-0.03888548794605701,-0.10917974294185959,-0.007466924061906688,-2.7755575615628914e-17,0.011797791580400285,-0.004868875086266405,0.0015355417529330506,0
-0.002228339760402487,0.013333333333333308,0.006666666666666599,0.02970267747032973,0.0015355417529330229,0.011768813143014811,0.0033951634955051713,-0.0010276062793100893,0.03705485576715695,0.04582132079542223,0.0,-0.0003047361776908897,-0.0012308055752420222,0.0033333333333332993,0.0015355417529330229,0.038244694769823284,0.012149361723335472,0.012895011500131393,-0.004624576306113237,0.0033333333333332993,0.015869834636431657,0.006307583274273498,0.004868875086266433,-0.001535541752933245,0.006531220038918262,0.11482967367510022,0.0378049566496822,0.0,-0.006268970211450897,-0.0009975341851602426,-0.0012308055752421332,0.0,0.014593117345960915,-0.0022535539080451583,-0.0033333333333332993,-0.008202208419599732,-0.004438326906264223,0.0009975341851602426,0.030505886494150647,0.005669132481506356,0.0009975341851602426,-0.0030710835058660457,0.004062462002241474,0.16123009049282488,0.00016274051317743954,0.09002153285165171,0.0112043939229316,0.04628561290903144,0.03066063195623059,0.0015355417529329118,-1.1102230246251565e-16,0.0,0.0,0.029766728609918247,-1.1102230246251565e-16,-0.0033333333333332993,-0.007968937029517842,0.013333333333333308,-0.010997534185160251,-0.004590783541029153,0.17497175597160963,0.0033333333333332993,-0.016666666666666607,0.0019465463480050627,0.008872043725398293,0.06397565741350164,0.0015355417529330229,-0.0015355417529330229,0.014868875086266442,0.006219667471433099,-0.005740597269115355,1
0.006922685056370281,-0.01543586109142453,0.0021306781494639937,-0.017312470450256634,-0.010048522022315542,0.007330486236750644,0.0033333333333332993,-0.0008002573952400893,-0.024573773534012744,-0.01202478417801539,-0.012856871341411447,0.02909542609236454,-0.004395840556040531,0.011535541752933087,0.015993212471145435,-0.0037928599507208727,-0.008477966159905315,0.0023357991481730567,0.008202208419599677,-0.024129425896567802,-0.00827652453797939,-0.011797791580400285,0.005109722790047344,0.012335799148173066,0.0,-0.03983169753605886,0.026336379513286434,0.0075383888495156315,0.0,0.022795325765560648,-0.02077989162666155,0.004868875086266322,-0.029490970869612554,-0.004088077647399657,0.0033333333333332993,0.002102527758091166,0.017168177968151566,-0.01565219710697202,0.007528754224078449,0.013566604723415199,0.007466924061906688,-0.0005669860051581432,-0.0008707874024310724,-0.003333333333333355,0.011797791580400285,-0.002397629310344873,-0.00666666666666671,-0.0024688095116330855,0.0033137897484032397,-0.003333333333333355,0.0354753667818391,0.017480792081819574,-0.004226551006098145,-0.010000000000000009,0.005435861091424576,0.00026224982746725356,0.011998495832016676,0.0033333333333332993,-0.011938102692957309,0.0039331710632778405,0.023687062301744055,0.004244923403745049,0.004072045152722414,-0.003333333333333355,0.005752140236445158,-0.002022137805239632,0.002264334360564002,-0.006099680661508566,0.002484358150106003,-0.005131124913733631,0.015219767256332062,0
-0.005730962643678339,0.0282305537212294,-0.00643339527658493,-0.0049762183296119256,0.03950790624414702,0.0075383888495156315,0.007233652671824631,0.004068617691026399,-0.0017977915804002764,-0.002102527758091166,0.0,-0.0025330759380933765,0.03212847946452646,0.010776157564039157,0.0033333333333331883,0.014844928539091473,0.00666666666666671,0.0033333333333332993,-0.0033333333333332993,0.003050126550040333,-0.003496868135009157,-0.0036380695110243,0.0033333333333332993,0.0015355417529330229,0.008838931013163798,0.06336536069151344,0.0358664092714267,0.02413359072857335,-0.009737750172532866,-0.005131124913733687,-1.1102230246251565e-16,0.06896589628342276,0.03360586069743887,-0.008202208419599732,-0.006099680661508566,-1.1102230246251565e-16,0.0008745735136196364,0.0009975341851603536,-0.002102527758091166,0.013333333333333308,0.010000000000000009,0.01486887508626622,0.0031101628149088345,0.03796132060628765,0.020713788867777083,0.05676550896317001,0.005406882654039102,-1.1102230246251565e-16,0.018568774759462392,0.002102527758091055,0.0025365033997892805,0.004868875086266322,-0.003609091073638937,0.0,-0.003178426749211649,-0.013333333333333308,0.0,0.0033333333333332993,0.019178785648934382,0.0052385843015041456,0.0,0.005345337078188295,0.005131124913733576,0.0,0.0,0.05006202993515374,0.0009357040229884817,0.01369779742026389,-3.6569531416952294e-05,0.0033333333333332993,-1.1102230246251565e-16,1
-1.1102230246251565e-16,0.03752759458477506,-0.0009975341851603536,0.0249307052484381,0.005928571889009526,0.00469714927203535,0.00851843365007765,0.005237593104096661,0.014033707654501737,0.013699615086875006,0.002102527758091166,-0.0002622498274673646,-0.01588586922780011,0.0027023654880357073,-0.014772041521340595,0.05379959052126826,0.0033333333333331883,0.003774375360959925,0.0015355417529330229,0.0033333333333332993,0.013055051011188756,0.008769194424757765,0.006070702224123203,0.003563177261719064,0.005656070394372881,-0.0349343046562417,0.01924753812509028,0.009766728609918118,-0.00803048260536876,-0.013199945017323023,0.006490661660879304,-1.1102230246251565e-16,0.000949012162844709,0.005145507879554256,0.0015355417529329118,-1.1102230246251565e-16,0.0012308055752420222,0.0023357991481729456,0.002102527758091166,0.005365526371596041,0.0042855707483060446,0.0125040975007078,0.006666666666666599,0.04825888526374855,-0.007405378486055936,-1.1102230246251565e-16,0.002102527758091055,-1.1102230246251565e-16,-0.0033333333333332993,0.08677955357488687,0.00039769645521547936,-0.0013022703628512433,0.005131124913733576,0.008934431589424086,0.03359215569910434,0.010304736177690788,0.010731856895996983,0.012011603014108863,0.007388483757761244,-0.006640022034212878,-0.0512680271399335,0.002578589019266886,0.0033333333333331883,0.0014735118177791051,-0.0019830253074696325,0.009461992432227118,0.0027013742906281113,0.012332371686476828,0.0045641389085753215,-0.00374433792840545,-0.002837812115784377,0
-0.003518940933115333,0.059598815361855295,0.0009357040229884817,-0.0023357991481729456,-0.002766347328175156,0.001872107698780101,-0.010197276789920218,0.001209403451556068,0.021076364806763226,0.04557975285046112,0.011043447997080125,-0.009261288180610783,0.00666666666666671,-0.0023357991481729456,-0.01529971481087311,-0.01235514296012108,0.004269037356321892,-0.001872107698779879,0.015950978140630623,-0.025865217880855385,-0.008516127017025532,0.011020476950453717,1.1102230246251565e-16,0.012430481035131224,0.0009357040229884817,0.056607447267927324,0.024251133299347027,0.0,-0.00028179341239742417,0.0,0.004382536288452199,-0.0017977915804001654,0.0002755579673234809,-0.006454797400270995,0.019641230668730914,0.015435861091424585,-0.0010590797610111613,0.0007642627950784631,-0.010800257395239932,-0.009907724209434976,0.0,0.01830966780737031,0.022533075938093394,0.007939958592132368,0.0,0.0014612256345534202,-0.02659305020109004,0.04122510351420883,0.0039331710632779515,-0.14374430084428558,0.003638069511024189,-0.0033333333333332993,0.004703252451564777,0.00458968988426478,0.026433395276584837,0.0,0.0012308055752421332,-0.033954573186964154,-0.0017977915804001654,0.001971570485509999,0.11692165595148202,0.006479551268959605,0.0033333333333334103,-0.004834815978966955,0.023038837825652858,0.007939958592132479,-0.018106425379444513,0.002102527758091166,-0.005434653708911497,-0.0008002573952399228,0.03712567727898286,1
-0.005191562311271547,0.0033333333333332438,-0.0015355417529331339,-0.00666666666666671,0.0035955831608004973,-0.012031062970482176,0.00846445824706693,0.006666666666666599,-0.010754744314066422,-0.030374543210217153,-0.014195136304424372,-0.008141200441076246,-5.551115123125783e-17,0.0033333333333332438,-0.0025365033997893915,0.0033333333333332438,-5.551115123125783e-17,0.0,-0.01298007513332694,0.011797791580400285,-0.017528054571275486,0.0017977915804001654,0.016145766419535468,-0.003333333333333355,-0.00666666666666671,-5.551115123125783e-17,-0.005131124913733742,0.013595583160800506,0.00990259030414875,0.004868875086266378,0.006029166904288397,-0.010725765876681115,0.03566913248150633,-0.0033333333333334103,0.026974830306053577,0.0025946215139441287,0.002732769101403465,-0.0011543972371249045,0.0028378121157840996,-0.0014326924522927165,0.0013382649630127585,-0.001338264963012814,-0.00720467423443949,0.006666666666666654,-0.002766347328175267,-0.00666666666666671,-0.004868875086266433,0.0015355417529330784,0.013792031904708235,0.006276546525150084,-0.007700195451988634,0.0002004196652954371,-0.010630967845297712,0.03002062391257304,-0.008202208419599788,9.608185259379898e-05,0.0,-0.004392413094344516,-5.551115123125783e-17,-5.551115123125783e-17,-0.013333333333333475,-0.0021747442580323795,0.006928916494133797,0.0,-5.551115123125783e-17,-0.012355142960121246,-0.003595583160800553,-0.006928916494133963,0.0036916650133942963,0.012119705313080598,-0.00016821472397809956,1
0.006738131454275709,-0.00961629105906614,0.0,-0.007938936635502047,-0.0116381933714928,0.006537805155209797,0.0015355417529330784,0.0,0.0,-0.051050803742966055,0.00666666666666671,-0.013268075709465477,0.003333333333333355,0.008202208419599732,5.551115123125783e-17,0.0010594194960630854,0.010997534185160251,-0.005730962643678172,0.0,0.00931824679731269,-0.0017977915804002764,-0.0033333333333332993,-0.002594621513944184,-0.0017977915804002764,-0.0006442759851538193,0.01800150416798335,-0.036792770213582404,-0.0045312871837890345,0.00666666666666671,0.009002465814839766,-0.00017187689786207772,-0.03625353238492601,0.08546777223648716,0.004330867518493653,-0.01816837013474082,0.0,0.0,-0.0017977915804002764,-0.006111923497341631,0.003595583160800553,-0.006361930488975764,0.0,-0.018790596548444116,-0.015131124913733585,0.0,-0.0002588223657711275,0.0037170422742672238,-0.0013952306403759995,0.0,0.009002465814839766,0.02602434258649855,0.0076047800669887256,0.0,5.551115123125783e-17,-0.004948945683289019,-0.0026723650940199684,-0.012500169295710795,-0.005435861091424521,0.005131124913733631,0.0009842260453040708,0.013216269150254867,0.003333333333333355,0.0029581611840571176,0.0,-0.035203308969088964,-0.0337747001013734,-0.002490589587869685,0.005766542177357725,-0.0398794337866179,-5.551115123125783e-17,-0.0005998377299445412,0
-0.018726708074534165,-0.007621714501603261,0.003333333333333327,0.00030473617769091743,-0.020236698851777896,0.00026224982746719805,-0.0017977915804002487,-0.0062230563995311905,-0.008769194424757848,0.019261288180610875,0.023960873716934894,0.0017977915804002764,-0.0015355417529330784,0.0,0.0,-0.0015355417529330784,0.0,-0.0023357991481730567,0.006666666666666654,0.007196270561087598,0.0010009616468562854,-0.012335799148173066,-0.01921880183038721,0.006666666666666654,0.0012094034515559293,0.0017977915804002487,0.0,0.0,-0.0026598791378120157,-0.006666666666666682,0.0,0.007984211013669834,-0.04288170092679375,0.010104316512395461,-0.0007387118193891151,-0.003333333333333355,0.003536683957725495,-0.007357547854577873,-0.01666666666666669,0.0,-0.007300242874042517,0.0,-0.007405378486055797,-0.006666666666666654,0.004072045152722442,-0.01776086447390013,-0.004133590728573333,0.0,0.01155496108563478,0.0,0.0,-0.011470568633553446,0.0005380075677727802,-0.03897309921559136,-0.0020735493207058586,0.02105907976101118,0.0,0.0,-0.006666666666666654,-0.009336180429916019,-0.030683193212161508,-0.012436994085499531,0.0051311249137336035,2.7755575615628914e-17,-0.04757392984959735,0.0,-0.008538774365446644,0.0,0.0,0.0,-0.0012404402006794546,0
-0.007972489920333725,0.01815669533842612,-0.001231139391426106,-0.015992512818342464,-0.008821506105917587,-0.0009357040229884817,-0.0018721076987798235,0.0036958292603455067,-0.002012596764553065,0.00714177449148079,-0.020984226045303922,-0.008202208419599732,-0.049163361709022746,-0.006666666666666765,0.003532037067738747,-0.006666666666666654,-0.0075154460842221105,-0.009766728609918118,0.0013409254201353638,-0.007870227191335566,-0.004226457639868675,-0.012594621513944193,0.004975264893250175,1.1102230246251565e-16,0.007482598231703608,-0.029511419887436607,-0.012831656426999405,0.0,1.1102230246251565e-16,3.605600130679454e-05,0.0016744158423776523,1.1102230246251565e-16,0.004330867518493653,0.006666666666666654,0.0,-0.009261288180610838,-0.004897853523651741,0.008202208419599677,0.0,0.01333333333333342,0.0,0.0,0.0033333333333334103,0.012304710136439467,0.002795325765560519,0.007010657661058517,0.0,-0.003333333333333355,0.027943386053828567,0.019381983710266837,-0.008464458247066986,-0.00066381957008399,0.0031640437833909685,-0.02336678839268652,-0.011859337156251204,-0.004381500115157366,-0.0030285971556424096,0.006099680661508566,0.0033333333333334103,0.013333333333333308,0.05461567922152161,-0.015089130795825967,-0.004564138908575599,-0.004381325033671446,-0.005669132481506356,0.012089649496694332,0.0005669860051581987,0.006099680661508566,0.0033333333333332993,0.0012563565509314256,0.007463496600210506,0
0.0017977915804002764,0.01984549624331522,0.004606625258799069,-0.01670441325362959,0.012169571844085292,0.016971402844357608,0.011461225634553429,0.00666666666666671,-0.020745846129331502,-0.0038713409011061906,-0.010735284357692998,-0.0025980489756403102,0.0012308055752421332,-0.0019088688477474358,-0.0012308055752421332,-0.012860489220987925,-0.0009975341851603536,0.0,0.010000000000000009,-0.0042654184665991135,-0.019577437300384637,-0.002228339760402376,-0.00066381957008399,-0.0022314826357776596,-0.0033333333333332993,0.005805930176584817,0.0381131119441136,-0.016408049430741367,0.00024996364424134665,0.0009357040229884817,-0.0022100707744187043,0.016793916155053323,0.05237210852329821,0.004868875086266322,0.004868875086266433,0.0333951634955052,0.008769194424757876,0.008202208419599732,0.007421410980733012,0.016035700918059947,0.0416398603620195,0.0,-0.0015355417529330229,-0.0054572632151106415,0.005543698431745403,0.05482015729827894,0.0,-0.0012308055752422442,0.01359686031278362,0.040638657462306216,-0.0008178987268980809,0.0023357991481729456,-0.0033333333333332993,-0.03120643437169135,-0.025481198772418945,0.017876070118222565,0.002902785153331089,-0.007968937029517953,-0.0023357991481731677,-0.023592155699104556,0.15138797580057906,-0.0066395698999190955,-0.07632433357229262,-1.1102230246251565e-16,-0.005102146476348213,-0.002795325765560519,0.008862154702282576,0.010557351379720914,0.011129441624365466,0.00629794864883626,0.006128659098893818,1
-5.551115123125783e-17,-0.00591835875543828,-0.0011963355396631403,0.003566604723415162,0.0,-0.001400095125184575,0.0015355417529330229,-0.007897472241908926,0.018757783041156273,-0.029352135443999033,-5.551115123125783e-17,-0.0039003193384915535,0.0027663473281751283,0.002552535894466579,-0.010074316118379806,-0.0017977915804003042,0.000923218066780529,0.0,-0.0021025277580912494,-0.038033910067064886,-0.00247124577592156,0.0017977915804002487,0.006666666666666599,0.003333333333333327,-0.015131124913733668,-0.02482062952391159,0.0002588223657711275,-0.004516691712224352,-0.016040431822777562,0.012692031209795479,-0.005131124913733687,-0.043720571384856494,0.0012308055752420777,-0.0016456093510995584,-0.07489053771776669,0.0,-0.010218103116862581,0.0011864156878062249,-0.01872328061283815,-0.002594621513944212,0.013290846983109644,0.002533075938093321,0.001811299493238605,-0.007266504396611223,-0.005131124913733687,-0.004305743858070865,0.003333333333333327,-0.019877615459384906,0.0007712789578546153,-0.002619501563036808,-0.026330100720819843,-0.0034139805406772916,-5.551115123125783e-17,0.0017977915804002764,-0.010449921822079683,-0.0048263887360427415,-0.009999999999999981,-0.0035955831608006084,0.014394849358633055,0.0009975341851602426,-0.0038260032201118677,0.0015355417529330229,-0.008464458247066958,0.0,-5.551115123125783e-17,-0.05099655039091003,0.007278612227849951,-0.0009357040229885649,0.006666666666666599,0.02995099385957639,-0.0017977915804003042,0
0.0,-0.030800257395240005,0.0,-0.015849197655526753,-0.0036086903428927952,0.0038713409011060795,-0.004088077647399685,-0.007725746427677871,0.003333333333333327,-0.0008620875574117948,0.020803676511980645,0.0,0.0030285971556424096,0.0,-2.7755575615628914e-17,-0.010000000000000009,-0.006066828936722141,-0.010000000000000009,-0.010941295009782304,0.0017977915804002764,0.004301889081108234,0.009757210128906069,0.010000000000000009,0.0,-0.004564138908575488,0.0011979538504557352,-0.0023357991481730567,0.009326545804478698,-0.012335799148173066,-0.0017977915804003042,0.004745650431874887,-0.0030285971556424096,-0.0015355417529330784,0.0005998377299445412,0.0008002573952399783,-0.010000000000000009,0.0,-0.0015026900281466526,-0.008790596548444107,-0.010000000000000009,0.003333333333333327,0.00026224982746719805,0.0009975341851602704,-0.0015355417529330784,-0.003333333333333327,-0.026022782008513795,-0.007664200851826952,0.0033333333333332993,-0.015669132481506393,-0.0008970909601658805,0.005993212471145343,0.01494970635049861,0.0,-0.003333333333333327,-0.0029115329725639127,-0.0007221350943472926,0.0033333333333332993,0.0051311249137336035,-0.013624561598185925,-0.005435861091424521,-0.03597728777593798,0.012813769411815112,-0.007162187884215743,-0.025457356581340296,-0.011194706153955902,-0.047912649107904576,-0.0020405814514942167,-0.006666666666666682,0.0,0.0011279562746017158,-0.008202208419599732,1
-0.008464458247066986,-0.014865089259736619,0.0033333333333332993,0.044140082478635434,0.0033333333333332993,0.03796893702951787,-0.0012308055752420222,0.008202208419599732,-0.011910213133529468,-0.0017977915804002764,0.004868875086266433,0.0015355417529329118,0.0015355417529330229,-0.0003624959270119854,0.0017977915804002764,0.05093610475373456,0.00305049456284634,0.0,0.004868875086266322,-0.007897472241908843,0.007833490401769283,0.0,-0.0033333333333334103,0.00026224982746725356,-0.011273291925465778,-0.028235060144386148,0.04955422620776684,-0.008769194424757765,0.013468779961081867,-0.0033333333333332993,-0.0015355417529331339,-0.0007352843576929891,0.02473235107951688,-0.024291773405237804,0.030657427743217225,0.002795325765560519,-0.0004955212175491441,0.0,0.05138724306329834,-0.0015355417529330229,0.00903144425222513,0.0207635425930931,0.010687739573533861,0.026728496828838377,0.0033333333333332993,0.0071013963936624735,0.013958079087812658,0.0,-0.0026882467273190436,0.13098199948241152,-0.0009975341851602426,-0.0021798177380869532,0.0017977915804002764,0.028925455175987325,0.051076299721866336,0.021675675835264197,-0.0023357991481730567,-0.010000000000000009,0.0,0.008202208419599732,0.004868875086266433,-0.010000000000000009,0.0097668198794566,0.010000000000000009,0.0033333333333332993,0.006666666666666599,-0.0017977915804002764,0.0005669860051581432,0.008202208419599732,0.01766420085182685,0.010492494486599058,1
0.015326460102131234,0.012570395151703884,1.1102230246251565e-16,-0.0010590797610110503,-0.008202208419599621,0.02026289942549253,0.004868875086266433,0.0033333333333334103,-0.005131124913733465,-0.003121464066937585,-0.0033333333333332993,0.01540935140740396,-0.03753838884951555,-0.0012308055752420222,0.021639208667303067,0.04431094277612391,1.1102230246251565e-16,0.0,0.015979956578015986,-0.007163367682500255,-0.00793260636807902,0.0006859883602586825,-0.02021697792571353,-0.01153554175293292,7.431611837971364e-05,0.0012308055752422442,-0.00426903735632167,0.0,0.10109269009748933,0.0033333333333334103,-0.011214094754564141,0.05247910629995178,0.0,-0.00026224982746714254,0.018769194424757885,0.027939958592132608,0.0,1.1102230246251565e-16,0.006666666666666821,0.0015355417529331339,-0.006666666666666599,0.0141369977697543,-0.0033333333333332993,0.025932031906998887,0.009312759831888173,0.01616465369905562,0.02379347189191061,-0.0041821649976155895,1.1102230246251565e-16,0.027307968790204584,0.0044287200025783235,0.005435861091424576,-0.0014312252405376258,-0.00974117763422866,-0.014612660930890975,-0.0033333333333332993,-0.0033333333333332993,0.007307523535079796,0.0015355417529330229,0.0077450156071439125,-0.12605091258647005,0.0,0.012691007156474199,0.0009975341851604647,0.02705078143370443,0.004477242024893857,-0.005131124913733465,-0.0033333333333332993,0.0023357991481731677,0.00589538770881215,0.005131124913733687,0
0.0033333333333332993,-0.03788783761647152,0.006371565114413114,-0.0036865529997417434,0.005860200847794761,0.02531888322264192,0.0036380695110242445,0.0033333333333332993,-0.02119492711950577,0.027915094596106083,0.005131124913733631,-0.005623218669586594,0.01846445824706694,0.0017977915804002764,0.0005998377299445412,0.05918334189520502,0.0002736994285674754,-0.009294716036322648,-0.0023357991481730567,0.009245255685933651,-0.00943301399484181,-0.00726650439661114,-0.005621902421840297,-0.0015355417529330784,0.004269037356321892,0.046726481473469694,0.007538388849515798,0.0262731461556705,0.005896206960112338,0.009671037460068699,-0.001797791580400221,0.010135446627748457,-0.0037826985585076023,-0.010000000000000009,0.0004305481800021549,0.0,0.0027468037432450965,-0.0007204516392158578,0.019929859825839835,5.551115123125783e-17,0.0007547443140665244,0.016066828936722177,-0.0012732919254658248,-0.11002167692155085,0.00846445824706693,0.0,-0.01454529089339196,0.0,0.006666666666666765,0.005977837231226857,0.007925488296853744,-0.005669132481506356,0.002397629310344762,-0.040673454195521375,-0.008361163691301854,5.551115123125783e-17,0.010862087557411804,-0.009064295977011472,0.0033333333333334103,0.010711615052641676,-0.0392303304636219,0.0033333333333332993,0.002164357920263038,-0.008066761791851174,0.0020893168567323595,-0.013890684713054213,-0.011999233202326154,0.0033333333333335213,0.0033333333333332993,0.006517911899061923,1.6653345369377348e-16,0
-0.003333333333333355,-0.010047046465605114,0.006928916494133908,-0.002335799148173112,-0.010997534185160307,0.0033333333333332993,-0.008178302534792514,-5.551115123125783e-17,-0.04561962996850644,-0.002416315632100874,0.0033333333333332993,-0.011600514790480076,-0.003028597155642465,0.010272169039225343,-0.00463775537415223,0.009031444252224963,0.011797791580400285,-0.00026224982746725356,0.009035317539626109,-0.009002465814839766,0.005131124913733576,-5.551115123125783e-17,0.005393374741200885,0.03665099249686965,-0.00666666666666671,-0.029202769335709977,-0.01579494448381763,-0.002733495603388869,0.0033333333333332438,0.007959418548505792,-0.0017977915804002764,-0.006453139819278919,-0.0250450676496492,0.007512837873826339,-0.007664200851827008,-0.006666666666666765,-0.002056613946171515,-0.001797791580400332,-0.018708831474341214,-0.00666666666666671,0.0012308055752421332,-0.001797791580400332,0.0068188488959674,-0.028568490173141614,-5.551115123125783e-17,0.0012308055752420777,0.00445349190695149,0.0009975341851602426,0.03179779158040019,0.03080273505318093,0.02482015329096876,0.00955729261272159,-5.551115123125783e-17,-0.00020070425161639038,-0.009129468787540562,0.002828293634772161,-0.004205055516182443,0.0064044168391994005,-0.001797791580400332,0.0012732919254658248,-0.026992751406481552,-0.005328401703653951,-0.008697729637148932,0.006929170891812164,-5.551115123125783e-17,-0.0010189363088465297,-0.0009975341851602981,-0.001768813143014969,0.000687552575021011,-0.003333333333333355,0.003716550461409507,1
-0.0009975341851602426,0.0,-0.0031034894049474793,0.005669132481506356,-0.004321349037481437,0.01220899594845426,0.0356981109188918,0.0020317831724674384,0.0007314110702920651,0.0,0.034205055516182414,0.0027008982762806166,0.0015355417529331339,0.0,0.010721491858533994,0.002733495603388869,0.004330867518493597,0.006666666666666654,0.0034591453356445645,-0.011392057494525543,-0.001797791580400221,-0.02051109814884866,0.0,0.05014683800009906,-0.003333333333333355,-0.004560711446879417,0.009898271761623001,0.017341112059595487,-0.011535541752933032,0.00187210769877999,0.023689243091128298,0.011230805575242198,0.004241526130691564,-0.018464458247066995,0.0033333333333334103,0.0037638815133355097,0.0033062638984142634,0.013028597155642474,0.01586983673312281,0.00969526382230912,0.004767166935949196,-0.0007387118193891706,-0.008202208419599621,0.01876919442475783,0.023406949798910115,5.551115123125783e-17,-0.0026600789107941725,0.013007195031956242,-0.01309934174126609,-6.154557585091869e-05,0.01210252775809112,0.044243710573466544,-0.0015355417529330784,-0.010538007567772845,-0.001400095125184575,0.004269037356321781,0.0033333333333334103,-0.0038713409011061906,0.0024420675655541513,0.0009975341851602981,0.00275875384615204,0.008632756599601776,5.551115123125783e-17,0.0033333333333332993,0.032859214239470524,-0.004868875086266267,0.005173611263957323,0.01426903735632179,0.005131124913733631,0.0015355417529331339,-0.0015355417529329674,1
-0.01857651742422395,-0.00026224982746725356,-0.003333333333333355,-0.002746803743245041,-0.021762534350548257,0.0018857910117975885,0.0005185476113994114,0.012060041407867483,-0.01792645067929416,0.014868875086266331,0.02359558316080057,0.0033333333333332993,0.0017977915804002764,-0.008202208419599732,-0.00519267048958455,0.009695263822309064,0.0038578329882678064,0.009199742604759975,-5.551115123125783e-17,-0.06456372384209341,-0.003333333333333355,0.02063096784529761,0.0015355417529330229,0.008202208419599621,-0.014531287183789099,0.0097377501725327,-0.03709693026034799,-0.0006609682393133309,-0.001797791580400332,0.015006452164948836,-0.0015389692146292044,0.027140785760529584,0.013333333333333308,0.0024616111504842664,0.0,0.006666666666666654,-0.00017172581423097188,0.0033333333333332993,0.0017217167056609584,0.004868875086266378,0.0059279548472775945,-0.006068550546155516,-0.01852319340295394,-0.008464458247066986,0.0017977915804002764,-0.00815255353835681,-0.001797791580400332,-0.016774126054437344,-0.0118587936965594,0.006666666666666654,0.0009975341851602426,-0.001797791580400332,-0.003333333333333355,-0.003333333333333355,-0.0032162691502548024,0.0012601426621200451,-0.0017359614182285155,0.017590125531937395,5.551115123125783e-17,-0.01059513639653098,-0.011246751755623619,0.027879837659444906,0.006880394471818374,0.0018721076987799345,0.0036380695110242445,-0.029801732012672277,-0.0005669860051581432,0.0,0.006666666666666599,-0.0008487794175555674,-0.0017977915804002764,1
-0.00666666666666671,0.04232095556018922,0.0,0.0015355417529331339,0.004984979967951442,-0.0011668237351026844,0.0038713409011060795,0.009718206587602585,-0.01240150897774317,0.002102527758091166,-0.010800257395240043,0.007571333940531666,0.03846564087250104,0.0033333333333332993,0.0025234413126561384,0.0,-0.0033333333333332993,-0.006404416839199567,0.007613820290755302,-0.010000000000000009,-0.0030710835058660457,-0.010372576524898869,-0.010000000000000009,-0.009999999999999898,-0.0003081636393869047,-0.06031389478878035,0.029264799270863784,-0.010000000000000009,0.0,0.006666666666666599,-0.01999814338370487,0.029393685385881718,0.0023976293103448176,0.02850175935925614,0.015102146476348222,-0.0017362460045493577,-0.012407263935782065,-0.011217226634186228,0.01437547537878947,0.0,-0.0033333333333332993,-0.007113926155438044,1.1102230246251565e-16,0.014933141512726733,-0.006994341498244627,0.01927703258475577,0.04237308108929905,0.05788183213302234,0.007805196451343699,-0.0568155138114419,0.02010774397409154,0.0034708236860619968,-0.0033333333333332993,1.1102230246251565e-16,0.017939958592132377,-0.00026224982746725356,0.009299654113137268,-0.0014930554027093867,0.004376380599667273,0.0017653856813188984,0.0010003855159310682,-0.0015355417529330229,0.0054572632151108635,-0.03533782014398579,0.0,-0.0014612256345533092,-0.008838989731146385,0.001988315037944166,0.01543633710577208,0.0,0.0007968299335441298,1
0.0,0.0033333333333332993,0.0022739666641165557,-0.010262249827467262,0.0,-0.010935704022988546,-0.00026224982746725356,0.0033333333333332993,-0.030754343583320243,-0.006935072182918833,0.003566604723415162,-0.009994245041961142,-0.003047861702419108,-0.0008160944803206893,-0.014392697680665423,0.0017977915804002487,0.006666666666666626,-0.00789747224190876,-2.7755575615628914e-17,-0.014564138908575525,-0.0025330759380933487,0.014674607237487952,-2.7755575615628914e-17,-2.7755575615628914e-17,0.0,0.009675920010361022,-0.02055037737955559,-0.005131124913733576,-0.00014103761454231645,-0.0033333333333333826,0.0001232246543914628,-0.05501059178337098,0.021532644925021688,-0.004970483429155986,0.014133590728573286,0.0033333333333332993,-0.0015389692146291212,-0.0013942440803035028,-0.008801024192913898,-0.006666666666666654,-2.7755575615628914e-17,-0.0033333333333333826,0.001493055402709359,-0.015457263215110761,-0.01016384893420852,-0.011489627941013353,0.0014612256345533092,-0.018473809722944406,0.002102527758091166,-0.061092269962461865,-0.013459145335644573,0.005302120734134469,0.0,-2.7755575615628914e-17,0.002102527758091194,0.010863787219657278,-0.0033333333333333826,-0.0005669860051581432,0.013717892417814181,0.0,-0.0015355417529330784,-0.001797791580400332,0.0025330759380932932,0.0033333333333332438,-0.02299574543085603,0.005893085352079025,-0.009974099669601999,0.0007968299335439077,0.005730962643678117,0.029092989828075927,-2.7755575615628914e-17,0
0.005131124913733631,-0.024689474896539165,0.0045641389085754325,0.002594621513944184,0.01253307593809333,0.0017977915804003874,0.00791078038176507,-0.0023357991481730567,-0.009296310635043548,-0.02097430698522834,0.00582392292120304,0.0011979538504557352,0.008202208419599788,0.0,-0.02324798268033551,-0.004564138908575488,-0.009026569666833795,0.018839215809257015,-0.003128313878651534,-0.01481720631630784,-0.01822490866502635,0.0,-0.009261288180610838,0.003744337928405339,-0.0033333333333332993,0.00029510155225365153,0.006867370918282989,-0.006361930488975764,0.0038445287206794743,-0.0033818553556488884,-0.005980100096960872,-0.0008488727837850374,-0.0023843211704885903,0.0017328185428532872,-0.0006927980074693529,0.01125978401262756,0.004587029427142175,-0.0036727142642857813,5.551115123125783e-17,-0.022270350096278535,0.005235684394821527,-0.003333333333333355,-0.01657979430796047,-0.009161129541937318,-0.0030598993687850906,0.002993066986112458,-0.002073549320705803,0.004220790235079097,0.004026131340802652,-0.03948846855137683,0.004330867518493597,-0.01041676789806617,-0.013333333333333308,-0.0023357991481730567,-0.026880394471818392,0.00846445824706693,0.0,0.0003047361776909452,-0.015331544579029077,-0.005794944483817566,-0.01576014085404559,0.06501618713477325,-0.020588485367341758,-0.0035955831608006084,0.006971402844357655,-0.015823922921202938,0.0005380075677727802,0.005576898705966893,0.0,-0.006221125279443129,0.006928916494133908,1
0.0,0.004868875086266322,-0.007926450679294206,0.03492491329329994,0.028328552109984417,0.01926128818061079,0.006971402844357599,0.0033333333333331883,0.00920317006645599,-0.01997335502129116,0.004330867518493542,0.0017977915804002764,0.008663479555339304,0.005463627724879405,0.012073549320705812,-0.018575535514413932,0.005131124913733687,0.005131124913733576,0.02926128818061091,0.01029510155225366,0.008474092872504224,-0.004269092273918029,0.01026298719777674,0.010262249827467262,-0.005973868659197246,-0.01721745973062283,0.029828274185769055,-1.1102230246251565e-16,0.014029318732850515,0.009556389732864434,-0.001107580920850726,0.011878405632982147,0.008289304971139888,0.0,0.005730962643678117,-0.004301889081108179,0.0,0.002676514701824617,0.0063948272395386585,0.0033333333333332993,0.0,0.02891171773583845,0.010729608882025454,-0.0013270999482333234,0.004269037356321892,0.06909468393287221,-0.0025980489756403102,0.03893743785969661,0.005482187346495193,-0.0051486013986015156,0.0040209528832416686,0.004301889081108179,0.0022816573695466635,0.007204674234439379,0.014152221396340314,0.007051715960217697,-0.0015159981680028523,0.0036610405576503746,0.016046571633699602,0.0005857015440755564,0.015435861091424585,-0.005603675084656534,0.0,-1.1102230246251565e-16,0.03759900720775711,-0.0005380075677726692,0.0030710835058660457,0.010862142475007941,0.004868875086266322,0.006928916494133852,0.007086777691928781,1
0.027419460730870926,-0.0017338097402608832,0.021632606075192906,0.009369032154702583,-0.0014548945455890028,1.1102230246251565e-16,0.017330486236750764,0.002640535325864113,0.007900899703604969,0.005919400463982094,-0.007340120862187882,0.003566604723415301,0.035717081826968755,-0.009307201992530545,-0.0055401797005107944,-0.0059313823089734985,0.001059134678607354,-0.0015645201903183859,0.009837614166104458,-0.0034428492643222564,-0.0012308055752420777,0.01763522241444171,1.1102230246251565e-16,0.0009975341851602981,0.0035955831608006084,-0.02814026211300269,0.005890520228914231,0.004819085645924981,-0.04906325761795555,1.1102230246251565e-16,0.02063096784529772,0.0015355417529331339,0.014301889081108354,0.012228339760402496,0.003333333333333466,0.02636193048897595,-0.0039321491066474645,-0.0006770955563395464,0.012107085532452044,0.02427173499731955,0.017004254569144117,0.0005669860051581987,0.0017977915804003874,0.04600683652840909,-0.00636193048897582,0.05251669119236435,-0.02445667952080477,-0.015467690859580496,0.014776599295701465,-0.12995503592465768,-0.005279827434611473,-0.005669132481506356,-0.0053643963038153,0.0033333333333335213,0.03200208453309694,0.0015355417529331339,0.0,0.0036380695110243,0.01534794528858413,-0.029802723210079762,-0.012941868315881122,-0.028080863166440317,0.008802046149544385,-0.0033333333333332993,0.001797791580400332,0.01023327139008201,-0.0017977915804001654,0.005730962643678228,1.1102230246251565e-16,-0.0017977915804001654,0.003994179041801382,0
0.0033333333333334103,-9.32854212955525e-05,0.004766720441380934,-0.006666666666666654,-0.027977793164531806,0.0055708577137916215,-0.0013114527825860978,0.01054719218782868,-0.02466817083465006,-0.00010654368854839946,0.002737023504851388,0.009006629229984742,-0.007341198241188951,-0.006128659098893874,0.003783341469708823,-0.0017977915804002764,-0.01439241309434447,-0.0030710835058661012,0.005131124913733631,-0.026821079153812766,0.0,-0.01589218300199846,-0.13385817781795023,-0.011535541752933087,5.551115123125783e-17,0.016844273279789712,0.0,0.027817103783649377,-0.014444414825082907,0.003333333333333355,0.01261974852381742,0.020000000000000073,-0.004869667878946493,0.015094555382316632,-0.008202208419599677,-0.012798753227256598,-0.003533752998628792,0.0017977915804002764,0.00957318250909267,0.006934121579619923,0.0,-0.0033333333333332993,-0.006654825738565462,-0.10044777690750228,0.005131124913733631,0.0,-0.014897853523651639,-0.0259279548472775,0.0,0.00206004140786753,-0.005131124913733631,0.0,0.004330867518493597,0.038730581361935246,0.02584732959482955,-0.016045651343955136,-0.005942787128075333,-0.0033333333333332993,0.001797791580400332,-0.027228785191926896,-0.008965146601229212,0.012772578765938791,-0.0033333333333332993,0.0,-0.006666666666666599,0.003333333333333355,-0.010000000000000009,-0.001104993572930868,-0.002594621513944184,-0.007988396985891155,-0.016462534953354202,1
0.0059313823089737205,-0.0023357991481729456,-0.010992666705262222,0.004635603696184654,0.006665750967444595,-0.004006676178546553,-0.007897472241908843,0.009199742604760086,0.04749977578669318,0.0,0.005017905125038635,-0.00636193048897582,0.04048407471694643,0.006928916494133963,0.014976334474037012,-0.0005380075677728913,-0.006666666666666599,-0.0003043354469448589,0.0,0.03285281681359942,-0.019469231808188048,0.021457176946973133,0.0,-0.005131124913733576,0.0015355417529331339,-0.02565238022949956,-0.013638069511024087,0.004781950480833519,-0.0033333333333332993,-0.012298177681316247,-0.0015355417529330229,-0.012835490107746428,0.004868875086266433,0.0011049935729310345,-0.01147371159076116,1.1102230246251565e-16,-0.01675711518171763,0.0038544055265716803,0.006404416839199456,0.001253696093808876,0.0003047361776910007,0.018464458247066995,-0.004868875086266322,-0.025164593680252034,0.0033333333333334103,0.02250200097147137,0.016190605405490888,0.007566791155975805,0.017249672347137146,-0.07235469641372205,0.004541115615222524,-0.001063156820732436,0.005435861091424576,-0.03900207347174045,1.1102230246251565e-16,0.0033333333333334103,-0.0007640752374826754,0.006759626944191632,0.008940920238988848,0.005406830407312491,-0.05718876081653523,0.0021239298817774532,-0.00666666666666671,-0.006099680661508455,0.0,-0.0033333333333332993,-0.001509990777243675,0.006371565114413058,0.0,0.0033333333333334103,-0.004195420890744983,0
-0.0033333333333334103,-0.0017977915804003874,0.030504705837605006,0.029073930602448783,-0.01925038941808821,0.021239990195297875,-0.0033333333333334103,0.03151563179117822,-0.002715520009536565,0.002102527758091055,-0.0005669860051582543,0.006445803586016208,0.0012308055752421332,-0.005804579109255026,-0.01926471564230703,0.00966964261227199,-0.0023357991481730567,0.0033333333333332993,-0.006099680661508566,0.0,-0.00023327139008189057,0.003638069511024189,-0.040547545533780927,0.0063164174078019775,0.009167912836603898,0.020216862998966856,0.02935025695327531,0.008506494591909108,0.007029159533134655,-0.004438326906264334,-0.010630967845297712,0.0,-0.00026224982746725356,-0.013169400788707986,0.005131124913733576,0.013070346135556576,-0.005202589701342686,-0.008076213618408157,0.0047430630839551124,0.013333333333333308,0.0,0.005669132481506467,0.0,-0.021764939855614007,0.0,-0.028656867557089405,-0.0015355417529330229,-0.01617417218006767,0.008740215987372402,-0.016740982785046432,0.0038713409011060795,0.0023357991481729456,-0.007534605976988185,-0.01333333333333342,0.013644348303490927,0.004376380599667384,0.005286652723739738,-0.0008002573952399228,0.0004760612611757198,0.0007352843576929891,-0.0017977915804003874,0.012238994299958561,0.0033333333333332993,0.0033333333333334103,0.01191634717793344,0.0013056978245471473,-0.0019250469858215213,0.014868875086266331,0.0,-0.0039003193384914425,0.0,1
0.007653173461755647,-0.05704086882848336,-0.0017977915804003874,0.010538007567772567,0.023250110451145556,0.02800593923921013,-2.220446049250313e-16,0.004606625258799069,-0.02716408561441419,0.027199699793841292,-0.00220035252042472,-0.003638069511024411,-1.1102230246251565e-16,-2.220446049250313e-16,-2.220446049250313e-16,0.0632635469332844,0.003230393809146692,0.01306283383831841,0.01967963205837786,0.025711352909432383,-6.525762386799805e-05,0.03610433828681603,-0.00666666666666671,0.015134842720364028,0.008708954178846984,0.018471266927595376,0.007466924061906521,0.012983460980466321,-0.016080137076578405,-0.0009260693975514656,-0.004089936186155829,0.005882781654626745,0.0015355417529329118,0.0012308055752421332,-0.0017977915804004985,-0.008506944597290622,-0.01000000000000012,-0.022176090718967423,-0.02348321673499043,0.008464458247066764,0.012397629310344827,0.010932276561292364,-0.001535541752933245,0.015280107105875684,0.002274253572322027,-2.220446049250313e-16,-0.004195420890745205,0.0015355417529329118,-2.220446049250313e-16,-0.09761726557646588,0.013835346300944407,0.0015645201903183859,0.00820220841959951,-0.02482296127434669,0.014429267785772693,0.0031649047942325925,0.021938992956415437,-0.013391365612299144,0.010754568137176679,-0.0387943441144355,0.0457458815916425,0.0253004805339343,0.0,0.021797791580400072,0.007799647479575511,-0.023435382664363735,-0.01596202499062105,0.020003175164617693,0.007528754224078282,-0.0005899570517845509,-0.001338264963012925,0
0.0017977915804002764,0.003871340901106135,-0.011645437404992243,-0.0012308055752421332,0.005977287775937978,-0.00027575774030555444,0.0021254988047174073,0.005772427037271433,0.0,-0.02520136467004261,0.0,0.0,-0.0017977915804002487,0.009002465814839739,0.0,-0.0015473826810341873,0.0,-0.003333333333333355,0.006925489032437865,-0.05043397564169816,-0.0009357040229885094,0.0025525358944666066,-0.005082602891418042,-0.0015355417529330229,-0.005607302319334623,0.0005249003856805379,-0.014420325050720828,0.003333333333333327,0.003333333333333355,-0.0022283397604024036,0.005007900259342113,-0.03905293974214083,-0.029497021687475755,0.0017977915804002764,2.7755575615628914e-17,0.00387476836280215,-0.009999999999999953,-0.0009357040229884817,-0.0017977915804002487,0.011311452782586079,0.005784120453811159,-0.015131124913733585,-0.0017977915804002487,-0.005364396303815466,-0.0015355417529330506,-0.007359464674136035,0.0,0.0,-0.00692891649413388,2.7755575615628914e-17,-0.0038090751232697784,-0.0341865207032693,0.0015355417529330784,0.0020521376637426536,0.0,-0.0023357991481730567,0.0033062638984142634,0.005669132481506384,-0.002700898276280672,-0.002746803743245041,-0.00815972206937604,-0.003333333333333327,-0.0056691324815064115,-0.0015355417529330506,-0.0272689406608998,0.0,-0.003333333333333355,-0.02588286028665801,0.0023357991481730567,0.0,-0.0033333333333332993,1
0.023365750869336066,0.033882110662819875,0.001797791580400332,5.551115123125783e-17,-0.014959111008970183,-0.0042904394800080126,-0.01609968066150852,0.0014121660149105653,0.0003047361776910007,-0.006361930488975709,-0.0033333333333332993,-0.003028597155642354,-0.013534037584949588,-0.008078832681576997,5.551115123125783e-17,0.0041335907285735,0.008769194424757931,-0.004868875086266378,0.00279532576556063,-0.001797791580400221,0.007696767990292563,0.0036605869575704886,-0.0023647775855584197,0.0216102298916111,0.007664200851827008,-0.010103294555764974,0.00015235417540809815,-0.002306419980041552,5.551115123125783e-17,-0.01095008698880906,0.0021025277580912216,0.008568490173141596,-0.0006212398536307173,0.007667628313523078,-0.0015355417529329118,0.003505059147564382,0.004668170834650154,-0.005435861091424465,0.010734634759667738,0.0005325217943386029,-0.00513112491373352,0.00666666666666671,-0.0032300387775682227,0.026828009653626528,0.010388177974203716,-0.015804379336272822,0.002659879137812071,0.006448588976639191,-0.0015110937014984338,1.1102230246251565e-16,-0.002316339191799688,0.03264583196251791,0.0028993576916352404,0.011797791580400396,1.1102230246251565e-16,0.0011692599993913255,0.0,0.005669132481506467,-0.0050053129114223105,-0.003028597155642354,-0.03153544838670336,0.00046266949276280167,0.01849216090072403,-0.0005380075677726692,0.006928916494133908,0.005689510242938567,-0.00021673674629346662,1.1102230246251565e-16,-0.029481051657854362,0.0023357991481731677,-0.00513112491373352,0
-0.0025946215139442397,-0.017972364491213977,-0.002306580482824283,0.0,0.010668240271699048,-0.012854495470609795,0.00011791779146330672,0.0,-0.019874187997688808,-0.034420490151515104,0.0033333333333332993,0.0,0.0017977915804002764,-0.0032265844289172674,-0.006666666666666765,-0.010538007567772789,-0.0017977915804002764,-0.006666666666666765,0.009799295748383674,-5.551115123125783e-17,-0.0005669860051581987,0.01017172581423098,-0.012364777585558429,-0.0073304862367506995,-0.026002847096582682,0.00794338605382855,-0.007877928656978672,-0.003333333333333355,0.003333333333333355,0.012789094327796902,0.0033333333333332438,0.006549194700908312,-0.0016689300689434194,-0.006971402844357599,0.01259075724826203,-0.00490147241337463,-0.010566986005158208,0.0015355417529330784,-0.0039562071948009425,0.0,0.00528859923626207,-0.009501394073569869,-6.183016217176096e-05,-0.02026224982746727,-0.004133590728573333,-0.007297919098285199,0.008464458247066875,0.008802046149544274,0.007457196070239813,0.005590894651495926,-0.007739093101132077,0.011535141022186945,-5.551115123125783e-17,0.004657005819870774,-0.0033333333333334103,-0.003703327134892076,0.0,-0.0015355417529331339,0.0,0.0,-0.001539463464563795,0.0,0.0,0.004868875086266378,-0.005484374768784717,0.022672233807262132,0.011217275229543022,0.0013351220876375303,-0.003394878909184329,-0.005393374741200885,-0.008895006427069141,1
0.0017784477684522626,-0.008775230096849607,-0.031900547722746364,0.005131124913733687,0.018912554430748074,0.007266504396611251,-0.0053120846226556995,0.005173611263957378,0.03485566259030054,0.07609157637471603,0.008862941021078652,-0.0017492695580847428,-0.015866409271426685,-0.00562361940033268,0.006802113294415213,0.009452751154700456,-0.005435861091424465,0.004282345496178064,-0.0010897679606997057,0.0,0.0033333333333332993,0.018759675943745835,-0.0009975341851602426,-0.008464458247066986,-0.003333333333333355,0.002778994348826447,-0.0008275181332325632,0.0017688131430149134,-0.012072763001909848,-0.0010846179173353288,0.004868875086266378,-0.008276524537979224,1.1102230246251565e-16,-0.002766347328175156,-0.009737750172532644,0.005131124913733631,1.1102230246251565e-16,-0.0015355417529330229,0.015949008383756236,1.1102230246251565e-16,-0.004619929526387512,0.005435861091424632,0.012060041407867539,0.0015355417529330229,0.010000000000000064,0.01040299252853133,0.0,-6.722105151840685e-05,0.003333333333333355,-0.019809802245764008,0.0003047361776909452,-0.006971402844357544,0.0042690373563219475,-0.024373301621990417,-0.00840332773769814,-0.014826388736042584,0.004687099580116039,0.014963148865026199,1.1102230246251565e-16,0.003333333333333355,0.004544595323645373,-0.02834654045560342,0.02290988022019247,0.002669513763249365,0.0,0.017763934616626675,-0.0033333333333332438,-0.028337202841645814,0.0012732919254659358,-0.001797791580400221,0.000390123932302866,1
0.0008669701077040903,0.0023357991481729456,0.03720447446145747,1.1102230246251565e-16,0.001209403451556068,0.022476110260730264,-0.000696225469165479,0.006666666666666821,0.013071083505866055,0.06692790504039059,-0.0033043548959478253,-0.010258822365771136,-0.003638069511024189,-0.0033333333333334103,-0.013304354895947945,0.02348931474341942,0.010000000000000009,-0.0033333333333332993,0.017189360029572054,-0.007097214846668698,0.015121490288296346,0.007771660239597522,0.0033333333333334103,0.0003047361776910007,-0.0032680757094654123,0.012102527758091175,0.005082602891418264,0.019473157447006728,0.001124659688706564,0.0012308055752423552,0.009812066290912469,0.009406443994870228,0.0005998377299445412,-0.008435479809681512,0.002963624118095587,-0.0004436102671354636,0.0,-0.010919586967892192,0.026666666666666672,0.002766347328175267,0.00666666666666671,-0.005131124913733576,0.007729458475694839,-0.10962146789094906,-0.005393374741200718,0.0574481475136302,-0.014658090383507738,-0.01359558316080045,-0.005131124913733576,0.01205562274876415,0.024164191862032447,0.007204674234439379,1.1102230246251565e-16,-0.0005380075677727802,0.0,-0.0011689754130703722,-0.0023647775855584197,-0.0010625072227071763,0.015633137881344794,-0.014745299575261606,-0.03443881126556714,-0.01604168162412689,0.059384287385749523,0.010000000000000009,-0.0017977915804002764,-0.003439801523696384,0.0002622498274673646,-0.00660512109081568,-1.1102230246251565e-16,0.012309829651929616,1.1102230246251565e-16,0
0.004092253591619022,0.009999999999999898,0.02924150074759857,0.024066350230497524,0.01869470290619879,-0.0015355417529331339,0.005131124913733576,-0.006666666666666599,0.01195928028572435,0.049513737521148626,-0.007864620517122445,-0.0016209582058349659,0.03008064940766486,0.0007352843576929891,-0.0033333333333334103,0.016100081392254495,0.002252348291320483,0.021001985372089083,0.01340764945171291,-0.02473994103101862,0.0017977915804002764,-0.0015355417529331339,-0.11743897004981341,0.0,-0.0012732919254658803,-0.004836023361480035,-0.0033333333333332993,0.028217158586138935,-0.010949012162844718,0.0033333333333332993,-0.008220647751237542,0.012319148359959398,-0.0017977915804003874,-0.012501691425062078,0.007603070342457996,-0.005131124913733576,-0.008320825241801333,0.020783203669488604,0.0076725416280520875,-0.014026131340802661,-0.01571121810098397,0.011535541752933032,0.022921113720088093,0.01664687284933708,-0.0030710835058661567,0.005131124913733576,0.016268970211450906,0.0011201585736181352,-0.005131124913733687,0.061836051586759644,0.019618169607985236,0.003703209928814122,-0.0033333333333332993,0.07854943094751421,0.01787482467168222,0.0066452645429805335,0.013838773762640533,-0.006558922692575075,-0.001338264963012814,-0.01646755055565252,-0.008371505459588202,-0.004330867518493764,0.03203106297048208,0.009002465814839655,-0.003659471634710476,0.015794944483817575,-0.0073827355674895845,0.008769194424757876,0.005098719014652198,0.0025040975007080135,0.0033333333333332993,1
0.0,-0.02295770849895877,0.0,-0.0049304206621172825,-0.015360968842119418,0.0,0.0036380695110242306,-2.7755575615628914e-17,-0.00513112491373359,-0.02653022884151067,0.003871340901106121,-0.009497987032388785,0.001493055402709359,0.0,-0.003859891300005955,-0.010281709783840506,0.0,0.008464458247066944,2.7755575615628914e-17,-0.03842299385347363,0.0051311249137336035,-0.003333333333333341,-0.0018110997202565177,-0.02135418131326476,0.0051311249137336035,-0.028294884110803678,0.0030285971556424096,-0.0015355417529330645,0.0051311249137336035,0.0027953257655605607,-0.011535541752933046,0.0,-0.031061516025299732,0.003333333333333341,-0.002102527758091194,0.007466924061906688,-0.02380588350425618,0.0,0.0,0.0,-0.013232220834496114,-0.012228055174081556,0.0,-0.014395840556040526,-2.7755575615628914e-17,0.0,-0.0017977915804002625,0.0027953257655605607,-0.0035955831608005667,-0.014627575176782995,0.010348518332994841,0.0009357040229884955,0.002284130378214469,-0.019865983386547006,-2.7755575615628914e-17,0.0017977915804002764,-0.007904998091897694,-0.003333333333333341,-0.0061803278688524615,0.01233579914817308,-0.006772355680590189,-0.009359397529265137,-0.009802723210079703,-0.02725514816174056,-0.024642420085978653,-0.0048688750862663915,-0.01233579914817308,0.008202208419599732,-2.7755575615628914e-17,0.0013382649630127447,-0.003333333333333341,0
0.011373854640064684,0.0246518386832576,0.03427128546020086,0.02327178775748251,0.003385067253521168,-0.0051951067538730245,6.183016217164994e-05,0.004330867518493653,0.015766163171881842,0.022343801093982707,-0.006666666666666599,-0.009506892475929285,0.0474896393715194,0.009203170066456101,0.0007346347596677294,0.014159063265110294,-0.0023596620667910573,0.0023357991481731677,0.0003261383013770658,0.0,-0.010316279145020646,0.006730555140576633,-0.026416186662475694,0.0,-0.006404416839199456,0.0,-0.0005998377299445412,0.01995945020441492,0.0033333333333334103,-0.0019090488513769932,0.0014612256345534202,0.011166823735102693,0.006304170739654613,-0.012000887976711838,-0.0030710835058660457,-0.00026224982746714254,-0.00453591396338493,0.0,0.024917785387533975,0.018421878530613833,0.006688068790352775,0.0023357991481730567,0.021685273758694223,0.02104197922796569,-0.00636193048897582,0.0033333333333334103,-0.039409483625617914,0.02920317006645612,0.020130186124905802,0.03404070169965623,0.0,-0.0085387743654467,-1.1102230246251565e-16,0.011000961646856378,-0.0017977915804002764,0.009461992432227229,0.01567104470159486,-0.023333333333333428,0.023414778947261183,-0.007047450454135018,-0.16148423956926095,-0.0038958986368764492,0.006928916494133963,-0.007784030051380286,-0.001535541752933245,-0.017265861485410094,0.0,0.003981693085593485,0.001945170992242784,0.0007547443140663024,-0.0012308055752421332,1
0.007463496600210617,-0.0015355417529331339,0.0,0.0,0.003871340901106135,0.004826388736042686,0.007726147158423957,0.0045641389085754325,0.028273513810912698,0.011105336865883997,-0.0023357991481729456,0.0017977915804002764,-0.040411434036778826,0.002335799148173001,0.006899938056748434,0.00636794622469028,0.009031444252225074,-0.003333333333333355,0.0022902860669992697,0.017449988687372242,0.005866409271426676,0.0,0.0070676972173489006,0.00026224982746725356,0.003333333333333355,-0.059893443492086584,-0.00011697786878273053,0.00035948412313918654,0.001650595762920759,0.003333333333333355,-0.004068617691026399,0.009033386419537881,-0.019675720237378902,-0.00569811091889183,0.0017977915804002764,0.0003047361776909452,0.003333333333333355,0.0021069945072431095,0.0,0.003333333333333355,-0.0017977915804002764,0.03191891276779468,0.0020997276355310124,0.028259423483548318,0.008140378257428027,0.03984202645188012,0.0,-0.022705984377758448,0.012536503399789345,0.0,0.004868875086266267,0.014868875086266331,-0.007835642079737026,-0.035652597837718014,-0.0030285971556424096,0.003074795553882903,0.0004275392388601862,0.0,0.005131124913733631,-0.0023357991481730567,-0.03848416042384872,-0.014564138908575552,0.0,1.1102230246251565e-16,-0.004875053440945187,0.031665845360062395,0.007972079904893015,0.004438326906264278,0.00798839698589121,0.001840277930623968,-0.024914388167440016,1
0.001209403451555957,-0.008004931629679468,-0.021493055402709405,0.012536503399789345,-0.018630652790724567,0.008464458247066986,-0.0033333333333332993,-0.003333333333333355,0.0012308055752421332,-0.021662523863157757,-0.05562321866958675,-0.0009357040229885372,-0.0024494358695555385,0.010939416071005459,5.551115123125783e-17,-0.0015355417529330784,-0.0030710835058661012,0.0035955831608006084,0.0003047361776908897,-0.05250229445515742,-0.0010434479970800603,-0.004330867518493653,-0.014438326906264287,-0.006047285351791942,0.005131124913733687,5.551115123125783e-17,-0.024564138908575506,0.002795325765560519,-0.009027322404371652,5.551115123125783e-17,-0.0024713968595527214,-0.028956552002920022,-0.00914376348746937,0.0,-0.010000000000000064,-0.015315294878042451,-0.00019699220359942204,0.003333333333333355,-0.01052449965493446,0.01276634732817522,0.008202208419599732,0.0055229576429647875,-0.03529913867994772,0.0035016316858682006,0.0,-0.00026224982746719805,-0.012552535894466699,0.01520258970134264,-0.026066828936722186,0.019031444252225138,0.003069025194127939,-0.028018351308338685,-0.004133590728573333,0.0,0.00485234044247812,-0.0015355417529330784,-0.00666666666666671,-5.551115123125783e-17,-0.011535541752933032,0.002228339760402376,0.010997534185160251,0.002299153133484555,0.0017518777684805142,0.003933171063277896,-0.09027441513377576,-0.04860951535712499,0.00666666666666671,0.004564138908575488,0.001797791580400221,-0.0036380695110242445,-5.551115123125783e-17,0
-0.001658917490955647,0.0015355417529330784,-0.03212892626641367,-0.018315703479462264,0.0011929508359232455,-0.01729763451196431,0.0,-0.00666666666666671,-0.03712933615942943,-0.03472138775743466,0.008749528308982346,0.006592350548286968,-0.010621239853630782,-0.003333333333333355,-0.003225990089987918,-0.00313262908171702,-0.004868875086266433,0.0035857063549082357,0.0033333333333332993,-5.551115123125783e-17,-0.004868875086266378,0.001797791580400221,-0.003333333333333355,0.0033333333333332993,-0.03019672333841017,-0.028464458247067004,-0.008802046149544274,0.01387094017036003,-0.0005865295900883138,-0.003333333333333355,-0.02748388029891713,-0.06742491689553082,0.03359558316080066,0.0,-0.0005380075677728358,0.003333333333333355,0.005794417221995363,-3.285172478639797e-05,-0.0059932124711453705,0.006604836504494949,-0.003333333333333355,0.0,-5.551115123125783e-17,0.000630967845297592,-0.0015355417529330784,-0.025814685154243955,0.00772574642767776,-0.016838107894576793,0.009675720237378893,-0.02500154201196969,0.001797791580400221,0.0025980489756402547,0.004868875086266322,-0.0052054410321134,-0.007031927946212879,-0.024564138908575617,-5.551115123125783e-17,-0.007253196256754968,0.004807044924094617,-0.015927954847277548,0.003333333333333355,0.007955628889661615,-0.008558609494981329,-0.011535541752933087,-0.030168267593312093,-0.08739545927429776,0.0,-0.010000000000000009,0.035130171157910756,-0.0056691324815064115,-0.006666666666666654,0
0.0004305481800020994,-0.002766347328175267,-0.015597159261185767,-0.018438907271377758,0.0033333333333332438,-0.01548419349651109,0.00792645067929415,0.0017977915804001654,0.006928916494133908,-0.0003365659458470227,-5.551115123125783e-17,0.007841584385599287,0.0009592126669420997,-0.004697242638265098,-0.003333333333333466,-0.018740215987372577,0.0010590797610111058,0.00513112491373352,-0.005131124913733742,0.0077741878721631075,-0.0017977915804003874,0.011797791580400285,-0.0026235999513297137,-0.004868875086266489,-0.003333333333333466,-0.0015355417529331339,0.01134313244291063,-0.0037020513511637487,0.01390607429653029,-0.0028088336783989587,0.0064333952765847635,-0.021844797422333917,0.001411390111002886,-5.551115123125783e-17,0.011942977224788986,-0.007202615922701383,-0.0033333333333334103,-5.551115123125783e-17,-0.008510620926266088,-5.551115123125783e-17,-5.551115123125783e-17,-0.0017977915804003874,-0.0023357991481731677,-0.025627562863891173,-0.0005380075677727802,-0.0009975341851603536,0.001797791580400221,-0.02300925334369447,0.01536439630381553,-5.551115123125783e-17,0.03543958975457445,-0.0033333333333334103,-0.012270341751323188,-0.00666666666666671,-0.006436822738280945,-0.0001361462805515301,0.0020276355087859854,-0.007361788449893492,-0.0016418101703142285,-0.0015355417529331339,-0.009673861698622943,-0.013389123951145498,-0.010800257395240098,0.006666666666666654,-0.027918874365595148,-0.004282345496178119,-5.551115123125783e-17,-0.006897086725977886,0.0,-1.1102230246251565e-16,-0.006863943456587029,0
-0.010262249827467151,0.0495044787824509,0.03127904667373249,0.012578589019267006,0.019371468418991067,0.0,0.002766347328175267,0.016466247001371226,0.006862530085691487,0.027432971183923516,0.0015355417529330229,0.011671979578089076,0.0015355417529330229,1.1102230246251565e-16,-0.014948680842290507,0.045900098575265114,0.001665818701232169,0.006971402844357488,0.0,0.04000549689972077,0.0019389929564155306,0.0,-0.004686431014823245,0.00666666666666671,0.0017977915804003874,0.06494042605546901,-0.0012308055752420222,0.017401951024359708,0.0,0.014606625258799188,0.017500353686220826,0.06419791024785582,0.056764943634702525,0.016709153016890244,-0.0033333333333332993,0.0009975341851603536,0.0,0.00018244407144318853,0.024395555962013704,0.0,0.013258728638621653,-0.0033333333333332993,0.0,-0.004868875086266322,0.0,-0.006437560108590312,-0.011439231441676245,0.0016027628044515962,0.0,0.0198972140871031,0.02670915301689014,0.0,-0.0033333333333332993,0.006278604836888135,0.0067284968288384706,0.0,-0.0009975341851602426,0.01305765922158475,0.0004305481800020994,0.0,0.03518409812297807,-0.006826987654814376,0.0,0.004058698479268319,0.030116629582576437,-0.018437646066640112,0.00666666666666671,-0.0033333333333332993,0.0015355417529330229,-0.0033333333333332993,0.0007352843576932111,1
-0.0012308055752422997,-1.1102230246251565e-16,0.027393957194355167,0.0,-0.0018347064398879231,0.013623999392280706,0.010428111915713412,-0.0033333333333335213,-0.020943815845270164,0.002335799148173001,-0.0023647775855585307,0.005911922352600296,-0.037420333601732136,-1.1102230246251565e-16,0.00043054818000198836,0.006666666666666543,0.00012745279774406537,0.0015355417529330229,-2.220446049250313e-16,-0.0007387118193891706,-0.0039003193384915535,0.021578028103156732,-0.04147334657905699,0.013333333333333197,0.004330867518493542,0.07471901320718055,0.00513112491373352,-2.220446049250313e-16,0.03747911402840559,-1.1102230246251565e-16,7.361646557663137e-05,-0.007897472241908954,-0.0008002573952402003,-0.0035955831608007194,0.009803007796400476,-0.0040720451527226365,-0.005269999003178261,0.0010760151355454495,-0.0011760373914949107,-0.0017977915804003874,0.004868875086266267,0.0007352843576928225,-0.01411062802690255,-0.0886532696914506,0.005927954847277372,0.0,-0.005869836733122913,0.00513112491373352,-1.1102230246251565e-16,0.016792478668977817,0.005127697452037394,-0.0002757577403055822,-0.0006442759851539304,-0.007569773362547216,0.006076938853978864,-0.009910467184171434,-0.004334294980189779,0.014836023361479878,0.0045641389085754325,-0.01965408108268879,-0.023166056937428903,0.00248269537702156,0.001784483440543938,-1.1102230246251565e-16,-1.1102230246251565e-16,-0.0015355417529331339,0.000764262795078241,0.000997534185160076,-0.002335799148173223,0.012578589019266895,-0.012102527758091342,0
-0.005435861091424521,0.031197953850455873,0.005949078792194973,-0.012544782172897728,-0.003362311770718718,-0.0012404402006794268,5.551115123125783e-17,0.00666666666666671,-0.029170479581053732,-0.021600179724391766,-0.010800257395239987,0.004564138908575488,-0.0033333333333332438,0.0099193527926561,0.010800257395240043,0.006099680661508511,0.0,-0.011544724172667886,0.0,-0.007528754224078449,-0.01646624700137117,-0.003333333333333355,0.00495154460703473,-0.013333333333333364,-0.013333333333333364,0.017405378486055834,-0.0024710460029394588,-0.008425845184244274,0.0,-0.025954129308595475,0.04349704893827255,0.005692075246799877,-0.038379461272597226,0.011104993572930988,0.012043136560282608,0.001797791580400332,-0.01348203585421126,-0.001525622541174887,0.007484620545128051,-0.009264715642306909,5.551115123125783e-17,-0.0015355417529330229,-5.551115123125783e-17,0.0010603194689149387,-0.00043054818000204387,-0.030554500048950217,0.003595583160800553,0.013566604723415254,-0.0016611861083081214,5.551115123125783e-17,-0.0294683969882914,0.04179498760433287,-0.01641781872288356,0.024032078192245565,0.0033333333333334103,0.004564138908575599,-0.002598048975640199,0.0033333333333334103,-0.006666666666666654,-0.005866409271426676,-5.551115123125783e-17,-0.050673258429849544,0.0033333333333332993,0.0,-0.030000000000000027,-0.01940016227005542,0.0036380695110243,0.004868875086266433,0.012146966013300509,0.003333333333333355,-0.0009357040229884261,0
0.0036380695110243,0.04223252130739641,0.06139700739854048,0.06029061619399667,0.018569062729156927,0.00976672860991823,0.014868875086266553,0.0,0.0512535034047259,0.0015355417529330229,0.012102527758091397,0.004205055516182443,0.0,0.0033333333333332993,0.0009975341851603536,0.0,0.012946191656879602,0.0022388336080270133,0.02310006194325165,0.020559536962170943,-0.002594621513943962,-0.004868875086266433,-0.0015355417529329118,0.012669513763249651,0.026232400680034185,0.057520196105410815,0.04919220040012395,-0.0009975341851602426,0.0015355417529330229,0.004330867518493653,0.0032380457692378073,0.06487507649139423,0.006666666666666821,-0.0033333333333334103,0.034455788430161616,0.0025330759380933765,0.0002622498274674756,0.01582837410813187,0.010641302123537755,0.04628469275570668,0.02771602520115868,1.1102230246251565e-16,0.0015355417529330229,0.03728803379100909,0.013333333333333641,0.07663594637384519,1.1102230246251565e-16,0.09929663923392718,0.043333333333333446,0.17090989625215303,0.00643339527658493,0.004868875086266322,0.006971402844357821,0.041836524347604764,0.026482160419275202,0.011535541752933254,-0.0030710835058661567,-0.00666666666666671,1.1102230246251565e-16,0.0024712457759217266,0.0027008982762807277,0.004823578316079047,0.0163290766674985,0.0,0.001535541752933245,-0.0009357040229883706,0.007204674234439712,0.02723365267182498,0.0,0.01000000000000012,0.014334294980189899,1
0.004334294980189668,0.011921568049168996,0.018632075676979665,0.025337984854134854,-0.0021239298817774532,0.024382536288452106,0.0003047361776908897,0.012471245775921513,0.016404416839199465,0.012545865350361507,-1.1102230246251565e-16,-0.004868875086266433,0.042827273695023704,-0.005131124913733576,-0.006666666666666599,0.03937821457443724,0.0,0.0062135357618787745,-0.006404416839199456,0.0,0.0009028522982020837,0.007530812535816556,-0.0033333333333334103,-0.00899903835314364,-0.01124044020067938,-0.016549688797883988,0.008298502792591145,-1.1102230246251565e-16,0.020262249827467382,-0.001209403451555957,-0.00846103078537086,-0.022976649807657457,-1.1102230246251565e-16,0.0023976293103449287,-0.0036958292603452847,0.019064295977011536,-0.010528372942335662,-0.02252220560378837,0.015406882654039111,0.03540138641570523,-0.005607586905655548,-0.004042842649572109,0.0018398771998779928,-0.0024591748861958473,0.0016264664969153353,0.024057040898276205,0.006404416839199567,-0.0038713409011060795,0.024162569165958603,0.04907064355920038,0.00666666666666671,0.0030285971556424096,-0.002567028816076511,0.07710896004645429,-0.016046793409205784,-1.1102230246251565e-16,-0.0005380075677726692,0.004868875086266433,0.0025980489756403102,-0.02174862198638372,0.0015355417529330229,0.00806568441285016,0.0362517926564615,0.014133590728573342,-0.007959017817759761,-0.01444801181875277,0.0033333333333334103,0.007330400055157171,-0.005704288954719083,-0.013529960525228368,-0.007664200851826952,1
0.0010987884517012492,-0.005769575706500885,0.002397629310344873,-0.010683564112778154,0.004330867518493597,0.015208362647002538,0.0015355417529330784,0.006128659098893874,0.004510933369277381,0.0059770045762888024,0.01259147570622099,-0.010754343583320392,0.03508328565544838,-0.0008002573952400338,0.01640441683919941,0.014534623865160468,0.0,0.0,0.001273239678738991,0.025312931179106823,0.01990521449454702,0.032733495603388785,0.00045166571736759975,-0.0015355417529330229,0.010055598724408144,0.007463496600210673,-0.0015514581031851327,-0.010898415573614706,-0.017574668035998164,-0.011338264963012823,-0.017116674803042242,0.0015355417529330784,0.015914560525827848,0.005895387708811983,0.0,0.0012114617632941749,0.00018136043966832105,-0.0015355417529330229,0.006666666666666599,-0.0012308055752420777,0.0,0.008464458247066986,-0.0010781813925042072,-0.00389492844914463,-0.0030940221597532402,0.03468152873330704,0.010262249827467262,-0.02486887508626645,0.003296617342864794,-0.09296628253270667,0.0,-0.007466924061906632,0.005131124913733742,-0.024984531299324098,-0.0008002573952400338,0.006763500231592556,0.006666666666666765,-0.006666666666666654,0.016128659098893883,-0.0006927980074693529,0.009996770943031308,-0.01310768025141218,0.00600284709658272,0.009307201992530656,-0.006706395052349212,-0.003164043783391024,-0.00031826652338989847,0.013861620094075433,0.004133590728573333,-0.0017977915804002764,0.008484001831997101,1
0.0033333333333335213,0.022409215840767882,0.007725746427677982,0.01433086751849355,-0.01059983772994455,0.026666666666666783,0.0,-0.0033333333333332993,-0.0037648727107429947,0.0005669860051582543,0.0030710835058661567,0.0,0.005930304929972596,0.0,-0.027027089724603104,0.02220899594845427,-0.0012308055752421332,-0.001338264963012703,-0.002996767387486443,-0.03078921965117254,0.0030710835058661567,-0.0030285971556424096,-0.041913629538321784,0.0033333333333334103,0.0008932176727649566,0.03780304475262902,0.006402425260208844,0.0,0.0013182900381634166,-0.0008487794175555674,0.022008091923855888,-0.010829235832625295,0.04376379533174207,-0.00296461531550285,-0.0017977915804002764,-0.005393374741200829,0.014015697465004529,0.012431881000766976,-9.16467265060783e-05,0.0002940241732527493,-0.011797791580400174,-0.005117617000895303,0.006128659098893818,0.016404416839199576,-0.0033333333333332993,0.03670884411021369,-0.052029243536248715,0.056240389858885576,0.010203730096914998,0.0628878263610213,0.008464458247067097,0.0005998377299446522,0.002594621513944406,0.011318322687621563,-0.026666666666666616,0.0,0.00279532576556063,-0.01736909929957331,0.014662541570436782,0.005406882654039213,1.1102230246251565e-16,-0.03270068093607914,0.013071083505866055,0.02390031933849157,0.011535541752933143,0.04806072224749164,-0.0033333333333331883,0.0033333333333334103,0.00717457308378433,0.0,-0.010935988609309333,1
-0.003012678483505671,0.017556456877735438,0.006035698821369118,-0.0025980489756403102,0.0,-0.014500157068435937,0.003595583160800553,-0.005131124913733631,0.0,-0.029131705278847064,0.014392413094344525,0.0,-0.008759559799320582,0.0007968299335439077,0.008004931629679468,-5.551115123125783e-17,-0.005131124913733631,0.0009975341851602981,-0.014130163266877216,0.014910960705743992,-0.002335799148173001,0.012060041407867483,0.00023327139008183506,0.006666666666666654,0.0,0.004130163266877207,-0.00026224982746719805,0.0,0.015102146476348277,-0.003333333333333355,0.0008745735136197474,-0.009261288180610894,0.0027791178707038955,0.008769194424757876,-5.551115123125783e-17,0.0023357991481730567,0.003333333333333355,0.04456752568539979,-0.03125978401262747,0.0036539881831609833,0.0006625546447611708,-0.0015355417529330229,-0.02201160176230471,-0.0038353463009444533,0.005669132481506356,0.00795559035606358,0.0,0.003333333333333355,-0.011686904730933534,0.0013581246094224175,0.017725746427677824,0.018030769513574352,0.0017977915804002764,-0.03564546805254082,0.001662344952651773,0.005762092759031168,0.0,0.015034830540742283,0.0013022703628511323,0.003333333333333355,0.028810509382456106,0.0035955831608006084,-0.003333333333333355,-0.003333333333333355,-0.030647703446849917,-0.012992602555480792,-0.004635603696184487,-0.011797791580400285,0.0031000619432514642,-0.0033333333333334103,-5.551115123125783e-17,0
-0.027316978323912444,0.00020012812069086783,-0.016297948648836352,0.014868875086266359,0.003576163828098805,0.007943386053828522,0.008137235382052799,-5.551115123125783e-17,-0.016455912723131044,-5.551115123125783e-17,0.015669132481506393,-0.0023357991481730844,-0.0027663473281752393,-0.0028469945355191484,6.18301621717332e-05,0.007602370689655191,-0.002102527758091194,0.0,0.0,-0.03029187786287807,0.0017977915804003042,-0.004564138908575488,-0.005131124913733576,-0.008464458247067014,4.551308117364816e-05,-0.01588100174790208,0.0005380075677727247,0.0015355417529330229,-0.0026909158869355965,-0.0033333333333333826,-5.551115123125783e-17,-0.00233579914817314,-0.006469055495390369,0.0,-0.0059279548472775945,-0.0023357991481730844,0.0005380075677727247,-0.0014612256345533647,-0.03409110437834978,-5.551115123125783e-17,0.0052328330640508125,0.0004668273664846234,-0.00820220841959976,0.0008002573952399505,0.0,-5.551115123125783e-17,-0.005131124913733631,-0.006371565114413058,-0.004868875086266433,0.009928535212390927,-0.003333333333333327,0.0,-0.0032590172149536967,-0.016268970211451017,-5.551115123125783e-17,0.0,-0.0017977915804003042,0.0007352843576930446,0.0,-0.008464458247066958,0.029883966309664944,0.0017977915804002487,0.0023843211704885348,0.003333333333333327,-0.017818991291523645,-0.011338264963012823,0.008464458247066903,0.0015355417529330229,-0.013670436876507791,0.006066828936722085,-0.00666666666666671,0
-0.0047945589678867195,0.02612794634415072,0.007534133341807192,-0.024437335708856756,0.024729716410501035,0.004868875086266433,-0.0015355417529330229,0.011104993572930988,-0.00666666666666671,0.01488136104247434,0.0,-0.0025330759380932655,-0.013553581169879925,0.010586529590088378,1.1102230246251565e-16,0.0012535525748638143,0.0043342949801897235,0.0015355417529329118,0.0033333333333334103,0.0001330103634599178,0.007771660239597578,-0.018390142128687392,1.1102230246251565e-16,0.008946471551777746,0.011493031128686937,-0.002659879137812071,-0.0017977915804001654,0.0,0.0009975341851602426,1.1102230246251565e-16,0.007204674234439379,-0.0020986030989219584,0.0064333952765848745,0.005196097951280676,0.004162569165958696,-0.014087961502974533,-0.0009975341851603536,0.0013477834440248637,0.00954886479093342,0.010196992203599486,-0.00010170815031718128,0.00536096884211934,0.0036740641111858152,0.014023695076514187,-0.002520589981885424,0.02369593453233987,0.0,-0.014735976636449322,-0.007877928656978672,0.019029193568543934,-0.009203170066456101,1.1102230246251565e-16,-0.0008002573952399228,-0.00666666666666671,-0.003964301178630891,-0.00969844910355011,-0.021674415842377615,-0.00010738386701691915,0.009828274185769093,-0.005163692052199131,-0.02593138230897374,0.012250997939375063,0.016876967010122312,0.002766347328175156,0.04428048695742215,-0.007253196256754912,0.0002004196652954926,2.220446049250313e-16,1.1102230246251565e-16,0.0,0.007771660239597689,0
0.010262249827467151,0.019199742604760095,0.0033333333333334103,0.04451071184719779,-0.022312585098999138,-0.01766420085182696,-0.0003687180178303384,0.021101566111234704,-0.02664131281642701,0.043742275203196734,-0.008992038170369976,0.0005345801060766542,-0.0002951015522535405,-0.0033333333333332993,-0.01278569114012329,0.02880204614954429,0.0005865295900882028,-0.008464458247067097,0.0033333333333334103,0.033891196637845455,-0.015403241634239784,-0.008202208419599621,-0.0015355417529331339,9.811510726787098e-05,-0.010468475030681379,-0.024900259599297758,0.0,-0.0061711454491175655,0.03801525498969072,0.0,-0.0015355417529330229,0.018857994788971544,0.040477032676166314,0.0007180121551121355,0.0059279548472774835,0.009461992432227229,-0.005604674412435617,0.005889109516853175,0.02281472712790522,0.030001467211755006,0.0033333333333332993,0.022827892904026093,-0.002594621513944184,0.028005216216000384,0.0,0.04801291780458006,0.0076647241054959014,0.002873194774756005,0.00666666666666671,0.05674606542211069,0.006433395276584708,0.0015355417529331339,0.0,0.06135632020176329,0.02196608993293514,0.0009357040229884817,-0.0008620875574117948,-0.0033333333333332993,0.016774504006987767,-0.014762406895903357,-0.005157798602692831,0.005435861091424465,0.011380225553640266,0.0024277276740368725,-1.1102230246251565e-16,0.0033333333333332993,0.00032790114882730315,0.0,0.014276682603904245,0.0032683602957863656,0.0025365033997892805,0
-0.0005380075677727247,-0.016740083359261304,-0.001797791580400332,0.024826388736042815,-0.024654662921811843,0.013441077307424887,0.032575077929014096,0.005947994207108398,-0.0359050120819841,5.551115123125783e-17,5.551115123125783e-17,0.00666666666666671,-0.009173689479959612,0.03060326519164064,0.00029510155225365153,-0.0005669860051581432,-0.0057176545038218896,-0.005131124913733631,-0.004978942684432719,0.015698110918891783,0.004635603696184543,0.016340528365289653,0.004043066715337107,0.0003047361776909452,0.01573096264367818,-0.006802113294415102,-0.0017977915804002764,-0.01159708732878395,-0.016097274585862575,0.022433583743487917,-0.0012597840126274407,0.0019052509681709573,0.01543586109142453,-0.00693899694527611,0.0,1.1102230246251565e-16,0.003333333333333355,-0.003319825420495026,-0.022922328738261333,0.020599837729944614,0.006605121090815791,0.00983298718168818,0.004395892802767365,-0.004259402730884543,0.004564138908575488,0.01179779158040034,-0.0015159981680028523,0.0,-0.0029027851533311444,0.0,0.021535541752933096,-0.0041301632668772625,-0.011636101122352582,0.003333333333333355,-0.014793537011256352,-0.0016719795780890112,0.0017977915804003874,0.03716435050242173,-0.0013382649630127585,0.0007387118193891706,0.0025980489756403102,0.003333333333333355,0.0,-0.0012308055752421332,0.003333333333333355,0.003333333333333355,0.0,0.0,-0.0033333333333332993,-0.0054554046763545805,0.0020701218590098436,0
0.010781440350067784,0.002102527758091166,0.0465025184529515,0.0033333333333331883,0.018212642599833906,-0.004933848123813367,0.0,-0.0002622498274673646,0.020701712430921115,0.06007980337298224,0.002102527758091166,0.0033333333333332993,-0.02523515683980826,-0.007725746427677871,-0.010566986005158152,0.030229345860955048,0.0,-0.0033333333333332993,0.007019924866673133,0.022031062970482074,-1.1102230246251565e-16,0.010538007567772789,0.002102527758091166,0.003290846983109663,0.0057074372847362165,0.09746854833207075,0.0012308055752421332,0.01476141569849565,0.01153554175293292,-0.0023572012718592328,-0.020016257048533825,0.03212778838884611,0.0,-0.009336180429916019,0.006666666666666599,0.0012732919254656583,-1.1102230246251565e-16,-0.005607586905655548,0.03292080569963385,-0.010006404217782316,0.0,0.0030710835058659347,-1.1102230246251565e-16,0.008506944597290511,0.0033333333333332993,-0.07645452668800312,-0.00720467423443949,0.0008002573952400338,0.0004339756416981144,0.10020459053977226,0.01820220841959963,-0.0017977915804002764,-0.0012308055752421332,-0.004868875086266433,0.006433395276584708,-0.0076352224144417,-0.0015355417529331339,0.022031062970482074,0.00911020978893129,0.00666666666666671,0.06555237321509344,0.006666666666666599,0.0,-0.0033333333333332993,-0.002766347328175267,0.004868875086266322,0.0,0.009737750172532755,0.0044635875370191425,0.0033333333333332993,-0.0009357040229885927,1
-0.0009975341851603536,0.0,-0.01953964533659991,-0.0039003193384914425,-0.012014487703022325,0.011535541752933087,-5.551115123125783e-17,-0.004330867518493597,0.03955981719456078,0.004489822790195774,0.0,0.006928916494133908,0.0015355417529330784,-0.026666666666666727,-0.009799295748383674,0.003333333333333355,0.014239859145954381,0.0,0.0015355417529330784,-0.07196708113034278,0.0007547443140663579,-0.02341161451073659,-0.0024154454234773803,-0.0015355417529330229,-0.0023357991481730567,-0.022982683343722776,0.0017977915804002764,-0.010000000000000009,0.010336565945846976,-0.004687272466143144,0.007181983901866251,-0.0033333333333332993,-0.0056691324815064115,0.0016007993768009099,-0.0012308055752421887,-0.00356660472341519,0.0017977915804002764,-0.00543503304541193,0.010000000000000009,0.008435479809681623,-0.0033333333333332993,0.0,-0.03206004140786761,0.00026224982746725356,-0.0033333333333334103,0.0,0.01632907876418943,-0.023744537701387403,-0.004868875086266378,0.0,-0.026207140049279265,-0.005435861091424576,-0.0003261383013771213,0.0027349628151438488,0.023540349139893918,0.022332870298039487,0.0007387118193891151,0.0,0.006433395276584819,0.003333333333333355,-0.016686126623039976,0.028923984864454605,0.003333333333333355,-0.004868875086266378,0.025921863827961633,-0.03812927642023567,-0.0006734541955212836,0.0,-0.002335799148173112,0.003333333333333355,0.004280486957422003,0
0.005131124913733576,0.01916317307334292,0.016384961401510134,-0.003632152692217616,0.011043447997079792,0.01671548410585444,0.0015355417529330229,0.010997534185160251,-0.0067347189196568236,0.0033333333333332993,-1.1102230246251565e-16,0.014868875086266442,-0.03443043449858041,-0.0033333333333334103,0.0033333333333332993,0.028202208419599528,-0.0012308055752422442,-0.003774375360960036,-1.1102230246251565e-16,-0.019678026321894637,0.0026115568884785834,-0.0045641389085755435,0.0030710835058660457,-0.008769194424757876,-0.0016945137396234822,-1.1102230246251565e-16,-0.003595583160800664,0.0015355417529329118,-1.1102230246251565e-16,-0.0026309007004268192,0.01820220841959963,0.006971402844357488,-0.004868875086266433,0.027715630751807385,-0.00279532576556063,-0.00666666666666671,-1.1102230246251565e-16,-0.0023357991481730567,0.05222947490391938,0.03414665049382182,0.014868875086266331,0.02482979577722355,0.018975653634412892,-1.1102230246251565e-16,0.0015355417529329118,-0.05342629727335391,-0.00279532576556063,-0.01333333333333342,0.037401951024359614,0.11647090069759436,-0.004088077647399713,-0.0007387118193892261,-0.011597087328784061,-0.01307897771671418,0.00749308697878559,0.030380849451605685,-0.005669132481506467,-0.026699518391453236,0.003809795325255161,0.004330867518493542,0.035345052491867146,0.0033333333333332993,-1.1102230246251565e-16,-0.0013056978245472584,-0.003379362419578591,0.03417327695623651,0.002140562921385869,0.012578589019266895,-1.1102230246251565e-16,-0.000630967845297703,0.01786107778110102,1
0.0006324350570526827,-0.019367564942947307,-2.7755575615628914e-17,0.0,-0.01918697206223116,-0.0035606159752214067,-2.7755575615628914e-17,0.003333333333333327,-0.03800346441792435,-0.03348566664626529,0.0,-0.003595583160800525,-0.0051311249137336035,0.0060571009450553215,-0.00902386793852597,0.0014896279410132884,-2.7755575615628914e-17,-0.004977991561885983,-0.020304736177690935,-0.02326541153653805,0.005669132481506384,-0.013333333333333364,0.0,0.008464458247066958,-2.7755575615628914e-17,-0.005866124685105806,-2.7755575615628914e-17,-0.00549984293156397,0.002369363439076122,-0.024577200995708814,-0.022397629310344835,-0.05793313654548307,-0.02446602955992125,-0.010233271390081872,0.003333333333333327,0.0009357040229885094,-0.014103093831958208,0.003028597155642382,-0.012422895699713249,-0.013287427866368967,0.0005983705181894505,-0.00460662525879918,0.0033333333333333826,-0.010000000000000009,-0.0015355417529330923,-0.02264937651132623,-2.7755575615628914e-17,0.0009357040229884955,0.0012308055752421193,-0.0007311023408433509,-0.007262830882192262,-0.0036380695110242584,0.006329078764189325,-0.004644485543208315,-2.7755575615628914e-17,0.002073190671213254,-0.003074510967562172,-0.0007485886252814322,-0.0060996806615085525,-0.004564138908575502,-0.017304346797654552,0.013071083505866152,-0.01524305105065607,0.003333333333333327,-0.04766989906826391,-0.025391873714061708,0.0009357040229885094,-2.7755575615628914e-17,-0.003871340901106135,0.01159708732878395,0.003333333333333327,1
0.006521394403545933,0.07385160155050408,0.0,0.05585600709436289,0.02128982531745005,0.01251373212614515,-0.0008717221828491439,0.0,0.01721269571599926,0.06412121557482764,0.006268970211450897,0.0,0.001338264963012703,0.006366925239585597,-0.07622398024724442,0.04168287202335563,0.0011484000764792057,0.0,-0.0015355417529330229,-0.007233652671824853,-0.005127697452037672,0.0031000619432514087,0.0,-0.0045931173459609065,0.0,0.04932061922834985,0.009185508189936464,-0.00666666666666671,0.0015014826456338781,-0.00248450166905112,-0.004930705248438305,0.06104455092133476,-0.0002622498274673646,-0.02344067657667881,0.019137912442588223,0.013333333333333308,-0.0015355417529331339,-0.0014612256345534202,0.006404416839199456,0.018061897307042662,0.0019332382081487243,0.021282090204492454,0.006184449716705842,0.010000000000000009,0.01147371159076127,0.06326374522149747,0.008361450046225238,0.019999999999999907,0.0033333333333332993,0.12618608361391626,0.00011709401320780799,0.004868875086266322,0.03291382429139578,0.01941755417701785,0.010505440429307233,0.023894556357008656,-0.0017977915804003874,-0.0019332382081488353,0.010080797669546282,0.0,0.0033333333333332993,-0.0015355417529330229,0.0,0.0011484000764790947,0.005435861091424465,0.03887665381252825,-0.0033333333333334103,0.0033333333333335213,0.017664200851827072,0.0,0.0,1
0.002484553915777954,0.036477833531794235,0.04716283083537065,0.023208441484346753,0.0007547443140664134,0.008123843613639825,0.010443610267135472,0.011209403451556077,0.01014689622884879,0.03198025695228646,-0.00033758790247728765,-0.0033333333333332993,0.0005998377299446522,0.009475500345065613,-0.013454792446799813,0.01624815084279252,0.002946191656879482,0.0033333333333335213,-0.0033333333333331883,0.0012308055752423552,-0.004088077647399491,0.007233652671824853,0.00043507856595303984,0.0015355417529331339,0.005468712816211085,0.0025110077713244028,0.03788992935012958,0.003595583160800775,0.029317756771292558,-0.0009975341851601316,1.1102230246251565e-16,-0.004486848928579645,0.00023931117358011456,0.0,0.0033395554241518743,0.008599904874815545,-0.005131124913733576,0.0052054410321134,0.010230244659131915,0.012738360088197287,0.011010557738695748,0.020546805846799576,0.00981224169109196,0.012692031209795562,-0.0015355417529330229,0.07714915562721192,0.008501027778483827,0.05810649478098051,0.03735946467413631,0.17088694844059704,-0.004197857155033624,0.0033333333333335213,0.0,-0.04932461316847592,0.0012308055752422442,0.0025330759380934875,0.004330867518493764,0.011400095125184584,0.005558937907390482,0.0005669860051582543,-0.00420505551618211,-0.0056856658734903975,-0.06785523070323629,1.1102230246251565e-16,1.1102230246251565e-16,0.0017977915804003874,0.0017977915804003874,-0.0033333333333331883,1.1102230246251565e-16,0.0039003193384914425,0.0030285971556425206,1
-0.004697149272035461,-0.031057010376645988,0.0017977915804001654,-0.0033333333333334103,-0.016666490489777308,0.029704448442364972,0.008769194424757765,-0.003134873917978953,0.003197296238923286,0.03306380284482863,0.005869836733122635,0.0015355417529330229,0.01246161115048422,0.0017977915804002764,0.0,0.015131124913733585,-0.005364396303815577,0.004868875086266322,0.0033299058716371732,-0.02058001790364916,-0.011059079761011281,-0.0012535525748640364,-0.05506787957027526,0.007654566226389603,0.0067586371548775115,0.018400408408177193,0.002047755224641512,7.489224930490312e-05,0.030585338619698588,-0.0036835825921980314,-0.004868875086266544,0.004868875086266322,0.0,0.010304736177690788,0.012744945204488878,0.023327578375294478,-0.00964091660760702,-0.004715741734418799,0.0,0.018248489943298474,-2.220446049250313e-16,0.0,-1.1102230246251565e-16,-0.0628561572106816,0.005131124913733465,0.00265987913781196,-0.00516010335111905,0.0142280182178533,0.004392413094344405,-0.00666666666666671,0.001045531771162067,0.0015355417529330229,-0.0033333333333334103,-0.019021016607755348,0.015540270970049452,-0.012123929881777462,0.011634256778724483,-1.1102230246251565e-16,0.026390908926361034,0.0033333333333332993,0.0015824750377844143,0.00039877383421671464,0.02579283229034801,0.008558885736346888,-1.1102230246251565e-16,-0.0015810548341067543,0.0008258083709291597,0.003595583160800442,0.0015355417529330229,-1.1102230246251565e-16,0.022533075938093228,0
0.010258874626345116,0.013038231781079657,0.0008002573952400338,0.021803708399206978,0.0033333333333334103,0.05300719503195628,0.009737750172532755,0.022866790553169647,0.023246958172100096,0.04467292071894302,0.004635603696184654,-0.002274253572322027,0.0009975341851603536,0.010000000000000009,0.011535541752933143,0.04958887494951025,0.010000000000000009,-0.0015355417529330229,0.013007195031956242,1.1102230246251565e-16,-0.0015355417529329118,0.006760152873651615,0.0,0.016863658870266196,-0.0033333333333332993,0.14094136266905077,0.002160287507412595,0.006666666666666599,0.08970681780826062,0.0036380695110243,0.037939958592132506,0.0,0.06606682893672211,0.0033333333333334103,1.1102230246251565e-16,-0.0030285971556424096,1.1102230246251565e-16,0.0010822933275043134,0.004868875086266433,0.0015355417529331339,-0.0008002573952399228,0.011535541752933032,-0.0033333333333332993,0.0,-0.004891813740153461,0.07870165285025199,-0.01878294451805118,0.002274253572322249,0.030258822365771265,0.08662290282026375,-0.0025330759380932655,-0.0015355417529330229,0.0017977915804002764,-0.01820220841959963,0.07873088645320092,0.0,0.0020467371402791423,0.011679174758198685,0.029675920010361012,0.0,1.1102230246251565e-16,-0.0009975341851602426,0.01105907976101117,-0.0022988352910345844,0.0,-0.017762025614160182,-0.013602360656228663,0.008769194424757987,0.02026126100699488,0.0005380075677727802,0.0023357991481731677,1
0.004330867518493597,0.021123346187471526,0.0021025277580912216,0.011076015135545625,-0.009384491972526332,0.0012308055752421887,-0.012533075938093219,0.010800257395239987,0.0003047361776908897,0.013491056342790853,0.006666666666666599,-0.007897472241908787,0.0,-0.03379285995072079,0.011772240604710993,0.0022379743858396695,-5.551115123125783e-17,-0.001980235651843354,0.012102527758091175,0.022583765535123312,0.0,0.0,0.0,0.04087788403593107,0.020261965241146318,-0.0012438676623754974,-0.014943366604825481,0.001104993572930868,0.0,0.0031398544266191264,-0.013999061905883625,-0.0221385223582527,0.007376400048670406,0.0,0.00313262908171702,-0.00973775017253281,-0.00666666666666671,0.0005998377299445412,0.024698042598800207,-0.0026270274130256732,0.0009685557477749351,-0.00636193048897582,-0.007463496600210617,0.005357183015589628,-0.001448883265269707,-0.01035235877422136,0.014395840556040596,-0.003763881513335454,-0.002092893132653928,-0.003871340901106135,-0.002578589019266997,0.03969219646768757,0.0015810548341066988,-0.0032584410840282296,0.0033333333333332993,0.002905636484101859,-0.0023357991481730567,0.010906725585603128,-5.551115123125783e-17,-0.0025980489756403657,-5.551115123125783e-17,-0.03986849790826036,-0.003333333333333355,-0.003595583160800553,-0.039454481203425096,0.029618216962688237,0.00048633879781417866,0.007664200851826952,0.004944766610463114,0.004671882882666956,-0.005931382308973665,0
0.0005380075677727802,-0.017789728267817384,-0.010368223920854736,-0.0015840637752485565,-0.01677673426483317,-0.007340120862187938,0.0,0.0,-0.014615750936932348,0.009643767938377568,-0.0023782854983967483,-0.008903920850520941,-0.0019013262876462766,0.009523538008078092,-0.005318883222641846,0.0033103622867071136,0.005866409271426676,-5.551115123125783e-17,-0.01333333333333342,0.0030710835058661012,0.005995270782883588,0.01216650959823068,0.0,0.001797791580400332,0.0077549679854381215,-0.010997534185160307,-0.003333333333333355,0.0,-0.0022581045165837588,0.0,-0.011772676220375589,0.008966471214678085,-0.007266504396611251,0.000164870809006179,-0.001211261990312018,0.00833765504734818,-0.004133590728573278,0.006149478467552427,-0.013502987894980223,-0.0037928599507207617,0.003333333333333355,-5.551115123125783e-17,0.00274494520448898,0.0,0.024782355328747563,0.0,0.012533075938093385,0.011602456957792995,0.009999999999999953,-0.010996560518891862,-0.0011090689950817856,0.026527202028728047,-0.0009975341851603536,0.00015218222930074576,-0.0048263887360427415,0.0012114617632940083,-0.003333333333333355,0.02276634732817523,-0.003566889309736032,-0.005127697452037561,0.04724927771117149,0.0005380075677727802,0.0015355417529331339,0.0,-0.025746594407609347,-0.005435861091424521,-0.007897472241908787,0.008726708074534184,0.0,0.0,-0.010000000000000009,1
0.0016943368713411844,-0.029942775740070787,-0.002073549320705803,-0.004826388736042658,-0.005395936027698556,-0.006730648506806131,0.0016455884886234229,0.006666666666666682,0.0,-0.030552202308591403,0.0017977915804003042,2.7755575615628914e-17,0.012006233385099874,0.0,-0.0024335837434878715,0.004976218329611842,0.0,-0.007518592831865234,-0.01846445824706691,-0.013599369271989181,-0.003333333333333327,-0.005885869227799961,0.011230805575242142,-0.0008002573952399783,-0.008464458247066903,0.006666666666666682,-0.003333333333333327,0.0014930554027093867,-0.0005669860051581155,0.0,-0.009900507805394532,0.006666666666666682,-0.0242748884012029,-0.018066761791851155,0.0017977915804002764,0.001321329588478387,-0.0035955831608004973,0.0023357991481730567,0.016928916494133917,-0.007959738019745116,-4.555370484518595e-05,-0.008694302175452723,-2.1402123686203867e-05,-0.00777166023959755,-0.00486887508626635,-0.018641795963439095,0.0051311249137336035,0.0,0.015261489564569852,0.004868875086266433,-0.02442566554987699,0.0,0.0003047361776909452,-0.005669132481506356,0.0051311249137336035,0.0006441171086433439,-0.005812476859914956,0.006241117373192856,0.004564138908575488,-0.024250232536078803,-0.007485306506576639,-0.00456413890857546,-0.006404416839199428,0.012795041179239686,0.001587491236944627,-0.022248353241924174,-0.016666666666666663,-0.006666666666666654,0.0,-0.006180327868852448,0.003333333333333355,0
-0.01556167309373574,0.0451310342380305,-0.0034912666484051558,-5.551115123125783e-17,-0.001816342373315849,0.0021158358979473935,0.012092893132653937,0.01044617994393321,0.0,-0.007310942651820529,0.031104993572930895,0.004868875086266378,0.008331447883606957,0.015331829165349975,-0.0003047361776909452,0.015817887249111096,-0.004616060111254372,0.0,-0.006666666666666654,-0.002312836446502209,-0.004088077647399713,-0.020000000000000018,-0.0016009155212260984,-0.03346977115848937,-0.012031062970482176,0.01150338968094966,0.0005255216115647721,0.010862087557411748,-5.551115123125783e-17,-0.012060041407867483,-0.021772240604711002,0.0,-0.0023591790293393533,-0.0015355417529330784,-0.00913791244258827,-0.001797791580400332,0.004330867518493597,0.008202208419599732,0.020777294693569148,0.006338967787304917,-0.002655344571435403,0.0,0.0033333333333332993,0.0025980489756402547,0.0012308055752421332,-0.020178177165610045,0.006666666666666654,-0.011597371915104904,-0.0015355417529331339,0.0057232889907098405,0.0009719832094709502,0.021781593576175373,0.0037344572502451268,-0.008856577884503725,-0.003962149500663259,0.00846445824706693,0.0015355417529330229,0.011471653279023108,-0.0024712457759216155,-0.003333333333333355,0.04032445438817189,-0.022167500795638173,0.0,0.009999999999999953,-0.03272426170869769,0.0009975341851602981,0.0009975341851602426,-0.018464458247066995,-0.0009975341851602426,-0.00026224982746730907,-0.003333333333333355,0
0.005866409271426731,-0.012935636878117607,0.059186428964005666,0.0024599155016046814,1.1102230246251565e-16,0.006971402844357655,0.0020409821822404695,0.005306636554494315,0.0008002573952401448,0.007266504396611195,0.0022283397604025423,-0.008159722069376096,0.010686934281484761,0.01543586109142464,0.0034567090713560344,0.00450015706843615,-0.0033333333333332993,-0.010511195387346017,0.002594621513944406,-0.004259402730884543,0.003825427089186595,-0.00912818445092134,-0.01969989956121776,0.003333333333333466,-0.004395840556040476,0.00456624948292389,0.019405942445209545,0.0061421670117323135,0.003333333333333355,-0.014905154272748744,-0.02669564510405187,-0.006863943456586696,0.000692798007469464,-0.016404416839199354,0.0031288432551873635,0.0036380695110242445,0.003045153524700972,-0.010242906015519027,0.003161607519102383,-0.004868875086266433,1.1102230246251565e-16,0.013592155699104491,3.907930904278878e-05,0.010415383179314841,1.1102230246251565e-16,0.008981063691153424,0.013634064149800673,1.1102230246251565e-16,1.1102230246251565e-16,0.007589884733447294,0.0048688750862666,0.020968555747774953,0.0,0.00312911876401617,-0.009802723210079689,-0.015140759539170712,0.01692891649413386,1.1102230246251565e-16,0.02062560626842408,-0.0030079136598509804,0.00031348399692376905,-0.011205754695074122,-0.0007387118193891151,-0.015131124913733474,0.0019487546977547399,0.013773196349097572,0.006666666666666821,-0.007204674234439379,-0.026562541374362647,-0.0023357991481729456,0.003333333333333466,0
0.0,0.010134871696493186,0.010935988609309444,0.0,0.009199458018439022,0.02610886528156431,-0.0033333333333334103,0.013805917858177752,-0.0015104699870958083,-0.0017977915804003874,0.0025330759380932655,-0.0026184923909950975,0.06868208467182235,0.0015355417529330229,-0.00034011883666273945,0.06366923018537085,-0.002899357691635185,0.0,0.015545640599058497,-0.01730438152207847,0.005435861091424576,0.008078431950830911,0.006034231609614027,-0.002595022244690215,0.013462625890162672,0.03251093922270476,-0.0017977915804002764,-0.00046786739361259766,-0.03050812970460237,0.0033333333333332993,-0.015650493576593982,0.010063981840139458,0.031732533956532416,-0.0008002573952399228,0.0012308055752420222,0.00528425826558121,0.0017688131430150245,-0.012413089128168853,0.0168907556370137,0.014959399099502724,-0.0033333333333332993,-0.00023327139008189057,0.0,0.008337205041966667,-0.0009260693975513545,0.021004296858271765,0.01666666666666672,0.012799199052961563,0.0,0.013068965138726352,0.00404063045104841,0.0033333333333332993,0.0023843211704885903,-0.02909533272613518,-0.00969526382230912,0.015103836904723389,0.009461992432227229,-0.010566986005158152,0.005607586905655548,-0.021244092193294817,-0.03364500517077118,0.004912505271508771,-0.026368837305520088,0.0,0.0,0.004068617691026288,-0.002102527758091055,-0.0011049935729308125,0.003440792721103869,0.008202208419599732,0.010566986005158041,1
0.0009975341851603536,0.029166890879973706,0.03200008852688485,-0.003595583160800553,-0.015940067862884044,1.1102230246251565e-16,-0.000282153452905165,0.005202589701342686,-0.009297567367093196,0.008464458247066875,0.0,0.014842152878444925,0.021210218965232452,0.004897853523651796,-0.009986845478499262,0.015313568985176884,0.004133590728573333,-0.0033333333333332993,0.017405378486055834,0.053055081675197124,-0.010533244016913579,-0.006164938285376342,-0.031175024242237614,-0.009064295977011527,-0.006792478668977919,0.09141807328093404,1.1102230246251565e-16,-0.007949617491592176,-0.032037990977779485,0.008385860473165918,-0.008250730441915266,0.008238203019761303,0.004868875086266544,-0.004897853523651574,-0.0033333333333331883,0.0033333333333334103,-0.0033333333333334103,-0.002969653537413519,0.014373353868717298,0.017463496600210626,0.027991593248248625,1.1102230246251565e-16,-0.0049633025755462246,-0.031750214068098526,-0.004868875086266433,-0.019504423864854736,1.1102230246251565e-16,0.05730899074683504,1.1102230246251565e-16,-0.0033333333333331883,0.0052054410321134,0.0,-0.004868875086266322,-0.0455118787472959,1.1102230246251565e-16,-0.0033333333333331883,0.008769194424757876,0.0005380075677728913,0.00019426784877851766,0.01857840938489974,0.002795325765560741,-0.014213396484597296,-0.0045931173459609065,-0.009261288180610783,0.03120588980826644,-0.006974830306053614,-0.001774626609263863,0.004948680842290609,0.009500598905280322,-0.0030710835058661567,-0.0025330759380932655,1
0.005364396303815522,0.013595583160800617,0.0,-0.0015355417529330229,0.008769194424758042,0.01447117863105074,0.034482765161473694,0.0020310629704822225,0.006257520586348764,-0.0015355417529330229,0.003333333333333466,-0.0033333333333332993,0.0,-0.022668522565841787,0.015069579337882721,0.00815972206937604,-0.0017977915804002764,0.018959979464616028,0.0,-0.05166792403111531,0.0009975341851602981,-0.0033333333333332993,0.0057907736433019386,0.02823118685698517,0.005534039532285928,0.001797791580400221,0.06370304254857134,0.0,0.008202208419599732,-0.029284259227237208,0.011273291925465778,0.00876919442475782,0.006204288718508533,0.023123570587205322,0.009556797515544446,-0.006977157802396383,0.0,0.0,-0.006066828936722168,0.0,0.013025786735678557,-0.010997534185160307,0.02909261567240079,-0.0030710835058660457,-0.004236885284338299,0.009326715108495143,-0.0009357040229884261,-0.0030710835058660457,-0.009151220582444441,-0.007466924061906632,0.009505563346088208,0.04616180236828504,0.0005998377299444857,0.015269598272432294,0.012692031209795507,0.002533075938093432,0.0005669860051581432,0.006621112961821551,0.009445903675344036,0.023375819683557064,0.019582341500500144,0.06825620511742159,0.005131124913733631,0.01620611809264877,0.024303487168664095,-0.006990746656305669,0.0,0.011230805575242198,-0.006928916494133908,-0.009002465814839655,-0.004868875086266267,1
0.012552535894466643,-0.0022742535723221657,0.010861051265045413,0.00015218222930082903,-0.028528972140388242,0.0,-0.0017977915804002487,0.018464458247066967,-0.03235514296012118,-0.002926889005325145,5.551115123125783e-17,0.0,0.004868875086266461,-0.00456413890857546,0.007528754224078449,-0.009002465814839683,0.003333333333333355,-0.0017977915804002487,-0.0044506967180469315,-0.003333333333333327,0.0012767193871619231,-0.017985471673306136,-0.004330867518493597,0.006618144644351148,-0.005131124913733576,-0.0033333333333333826,-0.013900319338491424,0.0,0.0015970873287839693,-0.004868875086266322,0.0015488498927893335,-0.04252008937171367,-0.03112140402015859,0.0009975341851602981,-0.005131124913733631,0.025271915627734176,5.551115123125783e-17,-0.016929653864443422,-0.0015355417529330784,-0.005131124913733576,0.006666666666666682,-0.011794817592008261,-0.004868875086266378,-0.0056691324815063004,-0.006666666666666654,-0.013333333333333336,0.0029967673874864154,0.010723006710580324,-0.015406882654039195,-0.006666666666666626,-0.004133590728573305,-0.0049875466735728735,5.551115123125783e-17,0.003284811311017849,0.004868875086266433,0.046950411984049645,-0.003333333333333327,0.0033333333333333826,-0.02434004993822847,-0.0009975341851602426,-0.0334979383104238,0.04160051479048005,0.0,-0.02253279135177247,0.0030904273178141983,0.007508219441740821,5.551115123125783e-17,-0.004133590728573305,0.0007547443140663856,5.551115123125783e-17,-0.003333333333333327,0
0.0033333333333334103,-0.02094656802554329,-0.00662063758042164,0.0033333333333334103,-0.004191458032224316,0.012578589019267006,0.002744945204489091,0.016388384344522278,-0.00969526382230912,0.024601589434023796,-0.006404416839199345,-0.014772041521340484,0.01597287746178988,-0.004330867518493653,-1.1102230246251565e-16,0.011209403451555966,-0.007020462464000454,0.005708785162284236,0.008464458247066875,-0.0062050294749309565,0.00023327139008177955,0.0025330759380932655,-0.0033333333333332993,-0.014992250824289122,0.022223681523911742,-0.0544603786279757,0.006404416839199456,-1.1102230246251565e-16,0.04027730102501581,0.016035698821369126,0.004868875086266433,0.015092511850911094,0.0033333333333334103,-0.0014021386565902239,0.0011097571237899118,0.0036380695110243,-0.0036380695110243,0.0,-0.0017977915804003874,-0.001155913325937008,0.0033333333333334103,-0.008767727213002785,0.02331387337696017,1.1102230246251565e-16,0.004868875086266433,0.011845041481483132,0.006821375955520237,-0.005730962643678117,0.008983406589212595,-0.003595583160800553,0.010546805846799345,0.02144258147540834,-0.002135379482877564,-0.007528754224078393,-0.015866409271426685,-0.014593117345960804,-0.0059279548472775945,-0.0017977915804002764,0.008202208419599732,-0.014868875086266442,0.0014388964111448077,-0.004897853523651574,-0.014868875086266331,-0.003346786328575435,0.008329011619318538,-0.0004924944865991598,-0.002613213976327522,0.0029056364841018034,0.0,0.0,0.023090427317814244,0
0.0,0.005895387708812039,0.0026870924083678416,-0.0017977915804002764,-0.0025980489756403102,0.0,0.006666666666666821,0.014639031157880567,0.030200079930243706,-0.008464458247066875,0.0003047361776908897,-0.003809795325255161,-0.0006867100886507327,-0.011947737318394713,0.013828854550882341,-0.007897472241908843,0.0,0.0019950683703204852,0.0,0.0,0.0,0.014331858715901147,0.0,0.0009975341851602426,0.0036698992791803775,-0.015772173210173546,0.011368254488704377,0.004868875086266433,0.008831024586929748,0.01346985734008277,-0.0033333333333332993,0.0,-0.01009052401323618,0.0033333333333334103,-0.010502012967611218,0.0009975341851603536,-1.1102230246251565e-16,-0.0017977915804002764,0.00666666666666671,-0.02110499357293094,0.0033043548959479363,0.012594981621018797,-0.0033333333333332993,-0.0045931173459607955,-0.0004920937558531291,-0.014751742855559913,-0.004269037356321781,0.0105380075677729,-0.0019695173946313593,0.007602370689655191,0.0005102409343179515,-0.009996973269050025,0.02366704794840968,0.0,0.0,0.004872302547962448,-0.0017977915804002764,1.1102230246251565e-16,-0.0035206909114954277,-0.0045641389085754325,0.0337285935242605,0.020000000000000018,0.017304088643410265,-0.021367243400398195,0.0010300139882629678,0.004133590728573333,0.005669132481506356,0.00356660472341519,0.003595583160800664,0.0010590797610111613,0.012413542728248794,1
1.1102230246251565e-16,-0.05556486906193314,0.012335799148173177,-0.0022622232368498807,-0.012730711052893806,0.0009975341851603536,1.1102230246251565e-16,1.1102230246251565e-16,-0.03936725539653796,0.05972345362840825,0.004872302547962559,0.005209605864119005,0.0034047981209424094,-0.0033333333333331883,0.0,-0.0038279343975577973,0.0017977915804004985,-0.0022388336080269022,-0.009874187997688688,0.028084587639615965,-0.0006638195700838789,0.005435861091424576,0.003012965391711364,-0.006404416839199345,0.006709153016890457,0.05058356574928857,0.0017212036822156218,0.003919862923421835,0.00039769645521581243,-0.0059279548472774835,0.008202208419599732,0.06168116199782403,0.01592219988923871,-0.004058029629227411,-0.008202208419599621,1.1102230246251565e-16,-0.011230805575242142,0.011104993572930821,-0.0033333333333332993,0.0023357991481730567,0.0026873692911083547,0.02606711352304303,0.008202208419599843,0.006604836504494949,0.013407649451713133,0.0,0.024434899444568114,0.06048412830069283,0.017864620517122454,0.0981517298049947,0.001535541752933245,-0.0015355417529329118,-0.00726650439661114,0.015669132481506476,-0.01522552221437079,1.1102230246251565e-16,0.011626065766169313,1.1102230246251565e-16,1.1102230246251565e-16,1.1102230246251565e-16,-0.006928916494133852,-0.002428666059468121,1.1102230246251565e-16,1.1102230246251565e-16,1.1102230246251565e-16,0.001535541752933245,0.005205441032113289,0.02236477758555855,1.1102230246251565e-16,0.009230872720113137,0.0033333333333335213,1
0.0023357991481730567,-0.0009975341851602426,0.0033333333333332993,0.010000000000000064,-0.005102146476348213,0.016575239773573336,0.0,0.005095130313572005,-0.03532530913395504,0.010000000000000009,0.0012308055752421887,-0.008664877912362479,0.0,-0.007664200851826952,-0.007664200851826952,0.0216709883806816,0.0,-0.0015355417529330229,0.004868875086266378,-0.009737750172532755,5.551115123125783e-17,-0.0033333333333332993,0.009233137789238177,-0.001797791580400332,0.0,-0.004868875086266322,-0.006216658530291241,0.0010855336165576102,0.004301889081108234,0.01920317006645611,0.0033333333333332993,0.026454670208621023,0.01789747224190885,0.0009975341851602426,0.0033333333333332993,-0.0015355417529330229,0.0,-0.008464458247066986,-0.00951366120218583,0.0033333333333332993,0.0033333333333334103,5.551115123125783e-17,-0.0005380075677727247,5.551115123125783e-17,0.012166509598230624,0.022368546481756513,0.0,-0.011992259202160738,5.551115123125783e-17,0.0011738003411210784,-0.00858740666982305,0.03926164828768541,5.551115123125783e-17,0.005804579109254915,0.00526657154148219,0.025409693074003148,0.006761063967303971,0.01650655349398905,-0.004606625258799124,0.00066381957008399,0.003197886705584907,5.551115123125783e-17,0.0019950683703205407,0.017835642079737035,0.005691478750382062,0.0,5.551115123125783e-17,0.00666666666666671,-0.004868875086266378,-0.011809072380799424,-0.0027663473281751005,0
0.01634258667702765,-0.001797791580400332,-0.005795935681225162,0.01330191863165947,0.0005048233875749597,0.010061830162171659,0.032060617538793024,-0.0059279548472774835,0.0,-0.0017958138229202114,-0.0012597840126275517,0.0,-0.00419542089074515,-0.0003047361776908897,0.005540270970049499,-0.0017977915804002764,-0.01637862274313534,-0.01951366120218584,-0.015272162528275901,-0.023642829844261193,0.0,0.0001194141330713161,-0.016160358743369463,0.006585292919564778,-0.002335799148173112,0.0,-0.007033233006529305,-0.005607874996188034,0.014035609177410036,0.009358697876462152,-0.0021025277580912216,-0.006394782213762162,0.01513112491373364,-0.015462861771329828,-0.0035173019833972807,-7.431611837971364e-05,-0.004868875086266378,-0.005927954847277539,0.02216262841996769,0.0014860113731752778,0.004868875086266433,0.012594621513944193,-0.0033333333333332438,-0.007896450285278356,-0.0019866247152728334,-5.551115123125783e-17,-0.006330100720819742,0.0,-0.005131124913733631,0.009472451130736859,-0.0033333333333334103,0.022286860927188068,0.0023357991481730567,0.001797791580400221,-0.015001909723748708,0.006666666666666599,-0.00777834550971479,0.0038713409011060795,-0.0030575755930277726,0.0,-0.0034398015236964397,-0.003333333333333355,0.010369709215237943,-0.0023357991481730567,-0.007224018046387559,-0.002216456117728305,0.0033333333333332993,-0.00813831994568981,-0.0035465235411575313,-0.0003104911357297846,-0.008202208419599732,1
0.026433395276584726,0.0,0.0,0.0,0.01402004342198404,-0.0006538828888398296,0.010188860856623738,0.011535541752933032,0.004282345496178119,0.07498945629548492,0.002795325765560741,0.013655582505967323,0.005604159443959311,0.004309910562668051,0.0,0.0033333333333332993,0.004481733409812283,0.0001273630132083703,0.04210252775809109,0.04621511315637994,-0.001961326382076023,0.002102527758091055,0.04501210671729139,0.0,-0.0015355417529330229,0.020483421263888912,0.0,0.006971402844357599,0.004026016066477456,0.0,0.0013745671468898824,0.07569742977515415,0.009415963345982159,0.0,0.0033333333333331883,0.007177862054012718,0.0,0.0,0.005131124913733576,0.03559193974000796,0.03288593974409326,0.0,0.01755065354523766,0.02158217015645636,0.0,-0.0033333333333331883,0.0,0.00014870252087806346,0.024557715185104745,0.14023174155278606,2.220446049250313e-16,-0.002608410140835349,-2.220446049250313e-16,0.0018986745585108933,0.03729588356474245,0.008677652257339186,0.01962273739317233,0.004289898288893479,0.0015355417529330229,0.005730962643678117,0.1064526202352476,0.005205441032113289,0.09076540228342067,0.008181251463774242,0.05707308829834157,0.033068483051164166,-0.0033333333333332993,0.023638069511024318,-0.004072045152722525,0.0033333333333332993,0.008202208419599732,1
-0.007279516064460742,-0.0237424793896492,-0.006666666666666668,-0.002335799148173029,2.7755575615628914e-17,0.0017977915804002903,-0.00666666666666664,2.7755575615628914e-17,-0.04604930010043694,-0.04446925724863514,0.014183971289644909,-0.0023357991481730567,-0.016666666666666677,0.0,-0.002950507084723192,0.004564138908575502,0.0,0.0,-0.003333333333333313,-0.020829427260652053,-0.013545202599728953,-0.005931382308973568,-0.00973775017253277,-0.006361930488975737,-0.018904641052506374,0.009569451819997882,-0.04065485138871479,-0.006128659098893888,-0.0028469945355191068,0.00545726321511078,-0.008020696896300306,-0.08957515003643478,-0.0141335907285733,-0.007255054795511001,-0.006666666666666668,-0.003333333333333327,0.009052846375911305,-0.009100250410154567,-0.06605737467989443,-0.002335799148173029,-0.00014726185516243662,-0.0018402779306239403,-0.036268270558647966,0.006666666666666668,0.0,-0.007897472241908801,2.7755575615628914e-17,0.007285891771652425,-0.017255054795510996,-0.02443842027249378,-0.027405378486055745,0.0,0.0,-0.003333333333333313,-0.0020276355087860687,0.003333333333333355,-0.024544595323645294,0.0015355417529330645,-0.004872302547962448,-0.0027663473281751977,-0.012831320365722113,0.009146397120097502,-0.0017977915804002764,-0.0006734541955212281,-0.003333333333333327,-0.08684005979956229,-0.009853103771151284,0.0,0.0,0.0017977915804002764,2.7755575615628914e-17,0
0.005847360349262476,0.07416343543693782,0.00666666666666671,0.002935636878117709,-0.0004761319580283141,0.039649750741135525,0.00793995859213259,-0.0017977915804002764,-0.006666666666666599,0.07033212796751931,0.0027110844142508306,0.012142320241458893,0.06778524705652067,0.002972295197680719,-0.010785015320739277,0.016971402844357608,-0.00627952499021267,-0.010393268850189319,-0.002594621513944184,0.03287398310177014,0.004961835363791245,0.001679174758198676,-0.014046482074621336,0.0,0.009737750172532644,0.006034231609614027,0.0017977915804002764,0.0033333333333334103,0.09637958725381712,-0.002102527758091166,0.014606625258799188,-0.013090142731493337,-1.1102230246251565e-16,-0.002594621513944184,0.016404416839199465,0.013953428330520823,-0.01172120368221552,-0.01098717301996499,0.03780798825580067,0.005336742479879142,-0.002578589019266997,-0.008464458247066986,0.0012732919254658803,0.031618901309502956,-0.0007225138151641941,-0.015435861091424474,-0.0033333333333332993,0.06378610835238885,0.0,-0.12465408742062589,0.0033333333333334103,-0.0033333333333331883,0.005131124913733687,-0.027076667116686104,0.004572566151499924,0.0033333333333334103,0.005131124913733687,0.01981740133765897,0.02504519492036117,0.007945201100900023,-0.04850687370395701,-0.013288036563145589,0.014751651313062442,0.0,0.01400130175542047,-0.0033333333333332993,-0.006666666666666599,0.007742069861022549,0.009163173073343134,-0.00023327139008189057,-0.004868875086266322,1
0.0030710835058662678,-0.0033333333333332993,-0.009977061346112759,0.010000000000000009,0.013176959537456567,0.031838335763311076,0.003502622883275963,0.0,0.012766347328175276,0.0039003193384914425,-0.006666666666666599,-0.0017977915804001654,-0.012800402861521065,0.005131124913733798,0.007793878160512024,-0.022336990118562494,0.0,0.0015355417529331339,0.0017977915804004985,0.03192264556052493,0.009336180429916019,0.005387339069109043,0.002819594926654845,0.004606625258799291,0.0017977915804003874,0.034831095098275866,0.002102527758091277,0.02508404199729286,0.006340528365289644,-0.0015355417529330229,1.1102230246251565e-16,0.015173611263957332,-0.0005380075677726692,0.004671882882667178,-0.001209403451555846,-0.004868875086266211,0.005205441032113289,0.017506179796792032,0.01533469620275818,0.0059932124711455925,0.01283262867727597,0.030566986005158392,-0.009960920690957109,1.1102230246251565e-16,-0.006099905215364965,0.04720092601614756,0.0,-0.009033611247550977,-0.00820220841959951,-0.0006424174463977028,0.025464839528809957,0.0004305481800022104,-0.0008427437454635589,0.01612825373798976,0.002789285982062406,0.020061830162172,-0.021096249210951656,0.003231625183016118,-0.0015355417529329118,-0.0017405897864798403,0.11710719005041559,0.0,0.01850654386654471,0.003595583160800664,0.0,0.0,0.0,0.013608534050045473,-0.001334837501316688,-0.0017977915804001654,0.0012732919254658803,1
-0.0030710835058660457,0.01865989268770618,0.06392848046374477,-0.0017977915804001654,-0.02144284726642187,0.02434004993822858,-0.008004931629679302,0.0015355417529331339,0.010882625754402575,0.006180327868852475,0.0,0.002031062970482278,0.037401951024359725,0.0006350382581483682,0.020542341976322542,0.0012308055752423552,0.0007301146782436874,-0.0039003193384914425,1.1102230246251565e-16,0.005835067171175323,-0.004133590728573333,-0.020735284357693007,0.005131124913733687,0.009201811568615215,1.1102230246251565e-16,0.08137363040595236,-0.0003624959270119854,0.012835788992251351,-0.0006926827331440455,-0.009788130733604294,-0.02740348357530109,0.0,0.05178764525090629,0.006928680709562984,0.0067669127662115525,0.01126057033142358,0.014205055516182452,0.0019849069781073814,0.03574702423434939,0.0015355417529331339,0.002092893132653928,0.01850624911757348,1.1102230246251565e-16,0.02495326694386313,0.0,0.0900807030225127,-0.011439758712777914,0.0,0.028848644448423832,0.07517939706683074,0.005740597269115355,-0.002173595647268378,0.0033333333333334103,0.026186293404380945,0.025226797540484625,0.002108282716130061,-0.00026224982746725356,-0.003214716511131699,0.0015355417529331339,0.006827137431919983,0.07633443576950638,-0.011800240702268261,0.0007962117395804436,0.008464458247066986,0.023132629081717093,0.004868875086266433,0.0017977915804003874,0.009141087607206,0.004868875086266433,-0.00023327139008177955,0.0009975341851602426,1
-0.004392413094344572,-0.02486887508626645,0.03988595549593771,-0.017464581163847803,-0.003333333333333355,0.006069586901263246,0.009157162888306702,0.008805665039266997,0.013333333333333308,-0.04949798703238889,-0.011104993572930932,-5.551115123125783e-17,-0.010000000000000064,0.0012597840126274407,-0.00228988533625335,-0.005131124913733631,0.002533075938093321,0.008175396239173016,0.0029300458913237293,-0.00666666666666671,-0.0025330759380933765,0.007860438354291455,-5.551115123125783e-17,0.0033333333333332438,-0.009864553372251561,-0.005131124913733631,-0.0189565821915626,0.005973868659197301,-0.001797791580400332,0.0033333333333332438,0.018590270249378094,0.0,-0.024906960226692976,0.0,-0.0033333333333334103,0.0031000619432514087,0.007635222414441534,0.005497691253596226,-0.010602980605319778,-0.0015355417529330784,0.018329011619318436,0.0,-0.021966006304378283,-0.010668240271699103,0.0035452025997290137,-5.551115123125783e-17,-0.0018402779306240236,-0.009495017740691447,-0.0005380075677727802,-0.001797791580400332,0.008202208419599621,0.03616794074230395,-0.0052780211425823564,-0.0012308055752421332,-0.005426226465987283,-0.003608732424146388,0.003871340901106135,0.00827582488517642,-5.551115123125783e-17,-0.0033333333333334103,0.004330867518493597,0.0003047361776908897,-0.009261288180610894,0.007793062363283754,0.010379628426995968,-0.0008620875574117948,0.012953165714402748,0.005026715035108598,0.004398183454099536,0.011797791580400285,-0.013615043117173875,0
-0.0007387118193891151,-0.0009904546136725312,0.01144258147540822,0.006666666666666599,-0.006962535777872536,-0.002471129631496316,0.0025789897500130277,0.008240369276719894,0.0,0.04433869113539052,-1.1102230246251565e-16,0.009073930602448654,0.0,0.0033333333333332993,-0.017013088702672596,0.00092321806678064,-0.0021508778342995694,0.0,0.0,0.00012080034795458605,0.02056698600515816,0.002552535894466579,-0.035870969281704634,-0.004561702644286902,-0.005805278762057942,0.08804684704106991,-1.1102230246251565e-16,0.011183873478712303,-0.02332045040591646,7.14647876089991e-05,-0.0020953539849437597,0.010411004595071938,-0.009291812409054634,-0.01318156962458683,-0.0033333333333332993,0.014341295162963341,0.005496490968053047,-0.003974424490096995,0.0122106788867834,0.0017977915804002764,0.00255253589446669,0.009199742604759975,0.0033333333333332993,0.02067444539292873,0.006666666666666599,0.002102527758091166,-0.020074491518559,-1.1102230246251565e-16,0.009282059931067899,-0.015163976638520094,0.0,-0.005669132481506467,0.005338557652981413,-0.058552039157910185,0.019883612597878852,0.018981063691153377,0.01433086751849344,-0.0033333333333332993,0.0003047361776908897,0.004807044924094561,-0.0023357991481730567,-0.0025365033997895026,0.06633643360684444,-0.010897923605675097,0.010055940725643309,0.011884205230911715,0.014906339394666568,-0.001980235651843465,-0.008140378257427971,0.022627967335706156,-0.002102527758091277,1
0.009002465814839766,0.06850694459729056,0.031750317190495925,0.0019296990196054908,0.002552135163720659,0.0010590797610111613,0.00666666666666671,0.018769194424757996,-0.0023843211704884792,0.05465388235579194,0.0007063059203076261,0.009442648620279104,0.03405510977818804,1.1102230246251565e-16,1.1102230246251565e-16,1.1102230246251565e-16,0.0009933853331572928,0.0033333333333334103,-0.0017977915804002764,0.021190388663043347,-0.0033333333333332993,0.01000000000000012,-0.015435861091424474,0.014822961274346791,-0.0017977915804001654,-0.005131124913733576,0.004897853523651907,-0.014843780643005067,-0.02853444747796552,1.1102230246251565e-16,0.007201822903668775,0.0333921950512589,-0.0017977915804001654,-0.007094778582380168,1.1102230246251565e-16,0.0007387118193891151,1.1102230246251565e-16,1.1102230246251565e-16,0.0055421295088057265,0.012335799148173066,0.004868875086266322,0.003628434885587173,0.02443293601691754,0.0033333333333332993,-0.0017977915804001654,0.05624851885474069,0.012841239577480401,-0.0017977915804002764,0.0010590797610112723,0.07072003899841062,0.03174926955808477,0.0029027851533312,-0.0017977915804002764,-0.019383418115612394,0.009448387700455196,0.013333333333333308,-0.006666666666666599,0.0010112174981780075,0.002274253572322138,-0.0027392274295457986,-0.04193159383102185,0.0,0.012375434167626098,-0.002102527758091166,0.015924351567206507,0.01333333333333342,1.1102230246251565e-16,0.008325584157622301,0.021797791580400516,-0.0024712457759215045,-0.0009357040229883706,1
-0.010262249827467262,0.0019984958320166113,-0.010766373369426763,0.0,0.0033333333333332993,-0.0039054235779779622,-0.0009975341851602981,0.003797765539148623,0.027214092592433015,0.04099810214791927,0.004794558967886553,0.023334151671267178,0.02766420085182708,0.0015145847971075321,0.006423476064826739,-0.010000000000000009,-1.1102230246251565e-16,0.0,0.0064333952765847635,0.012308729713253974,0.007401951024359699,0.022316339191799817,-0.004330867518493764,-0.007324652699408685,-0.0015355417529331339,-0.0019006408810406938,0.016114624457052473,-0.004948996100290315,0.008049905267755841,0.006068550546155571,0.023028597155642483,0.014666970071207375,0.02998814555098578,0.0033401883385580367,-0.0039003193384915535,0.0017977915804003874,0.0010147052382725175,0.00513112491373352,0.00173596141822846,0.0,-1.1102230246251565e-16,0.033456709071356006,0.008630508585630414,0.006816507576158037,-0.012102527758091453,0.044289836700932006,-0.004901472413374575,-0.012660608108471638,0.012377369799174587,0.006081790540402365,0.006666666666666765,0.005607586905655437,-0.0027663473281752116,0.0,0.015254500651756264,0.012135379482877517,0.001400095125184464,-0.008464458247067042,0.0011049935729308125,-0.015571121323991577,-0.010511135135455096,0.023259716867756686,0.0,-0.016355842570157153,0.024959399099502844,-0.039169699671594393,0.003491128071119065,0.01711671989800112,0.003667047948409552,0.0033333333333332438,-0.001400095125184464,0
-1.1102230246251565e-16,-0.0374103851668145,0.030052157319235828,0.0017420009625880306,0.03867189098631463,0.022795414188234497,-0.005173210533211292,-2.220446049250313e-16,-2.220446049250313e-16,0.045634673393429526,0.0033783314460307245,-2.220446049250313e-16,0.02337541895281081,0.009313241536890171,0.004642619858960639,0.004824828158057959,-0.002515279183216923,0.003577632113486273,0.02841407768599513,-2.220446049250313e-16,-0.0118559096945553,0.0033333333333331883,-0.013595583160800673,-0.03153554175293316,-2.220446049250313e-16,0.032338650478943576,0.023100061943251426,0.0002623047450631688,0.01486887508626622,-0.002578589019267219,0.007058512636014536,0.0070526929629025625,0.0065301426599170265,-0.005891385315860864,-0.005561673093735897,-0.0007225138151643051,-0.0016169317734723299,-0.001209403451555957,0.011166823735102693,0.010566986005158041,0.0033333333333331883,0.01153554175293292,-0.006666666666666821,-0.02716218788421587,0.009064295977011416,-1.1102230246251565e-16,-0.0030071950319563445,0.0033333333333332993,0.0030285971556422986,0.03099753418516027,0.010262249827467151,0.0023572863042575776,0.0033333333333330772,0.0,-0.0322097605880326,0.010282717012272458,-0.005669132481506467,-0.0033333333333334103,4.1570651001188175e-05,-2.220446049250313e-16,-1.1102230246251565e-16,-0.008431606522280588,0.015625836838812912,-1.1102230246251565e-16,-0.004868875086266433,-1.1102230246251565e-16,-0.00023042005931128706,-0.007528586007993776,0.0018402779306236905,0.0038713409011060795,-0.0012308055752423552,0
-0.01143924737994173,-0.03479455896788686,0.0,-1.1102230246251565e-16,-0.00020751820482445282,0.010000000000000009,-1.1102230246251565e-16,0.022914989455566193,-0.03174568085700469,0.010216736746293476,-0.005649672525133209,-0.00313262908171702,0.009788130733604405,0.023140924023310916,0.0,0.009802723210079745,-0.004063793373236424,0.004868875086266378,-0.006695645104052073,0.009002465814839655,-0.012060041407867594,-0.001363815938702273,0.007513877161282101,0.0,0.0025946215139441287,-0.021348426355226047,-0.007616054002672956,0.0018721076987799345,0.012762919866479039,-0.0014612256345535313,-0.0003047361776909452,0.01937821457443728,0.016128659098893827,0.0,0.005302850727964603,0.0023647775855583086,0.002128066620154412,-0.008464458247066986,0.0005883881288443193,0.0012308055752421887,0.0,-0.0304920937558531,0.030061830162171732,-0.006207140049279192,0.0020147280996759,0.005393374741200663,0.007939958592132423,0.018134184487895666,0.002873806715945837,-0.0032316251830162845,-0.007423353148046041,0.037612956858411706,0.00030473617769072314,0.021083527812445657,0.0030710835058660457,0.0012308055752421887,0.0033333333333332438,0.0009975341851602981,0.010754343583320336,-0.0022841303782145106,0.017916017837973752,-0.0030575755930277726,-0.012889480885742932,0.0059279548472774835,-0.017459314437379803,-0.016666666666666774,0.0007807974388667205,-0.0009975341851602981,-0.0064044168391994005,0.010000000000000009,0.0,0
0.019293776739407797,0.03283307235252331,0.03108819732174961,0.04120072779388739,0.02817363071296053,0.035647730357820095,0.0,-0.0033333333333332993,0.032377294300989345,-0.013333333333333308,0.00023042005931117604,0.0,0.056275177375192165,0.004868875086266433,0.0039003193384915535,0.043145975755171206,0.0023357991481731677,0.0015355417529330229,-0.0025330759380932655,-0.019271810709168058,-0.0004257846291430001,0.0,0.0,-0.0017977915804002764,-0.0025330759380932655,0.0727639487356232,0.03531436706181257,0.002102527758091277,0.0,-0.004868875086266322,0.0,0.051939155026955564,0.05375886392560614,0.0,0.03130539066845417,0.0023976293103450397,-0.003637668780278047,0.0,0.008464458247066986,0.017876070118222787,0.015973868659197477,0.030822563587105,-0.0031000619432514087,0.0,0.004733428458517874,0.0,0.02310911866916099,-0.002102527758091055,-0.0015355417529330229,0.10921218102328956,0.0,-0.005435861091424354,-0.002102527758091055,0.02753838884951587,0.018678670411521603,0.0033333333333334103,0.0,0.0,0.031043447997080142,0.0038254270891864284,0.0023976293103450397,0.0022009123339142844,0.0012597840126277182,2.220446049250313e-16,0.042446943827414985,0.020000000000000018,0.00353061012325373,0.009073930602448876,0.0033333333333334103,0.0017977915804002764,0.004868875086266433,1
-0.003919862923421669,-0.000451082962339866,0.0,-0.01250096158361641,0.0,0.011305697824547267,0.0,-0.0033333333333334103,-0.01797236449121392,-0.013333333333333364,-0.005131124913733631,-0.002397629310344873,-0.004868875086266433,-0.00645293886151499,-0.0023357991481730567,-0.010000000000000009,0.0005883881288443749,0.0,-0.011768813143014978,0.004480168228381098,0.0,0.0033333333333332993,0.0,-0.014671598296346122,0.007428125485677617,-0.012931187459791105,0.016604836504494902,0.0033333333333332993,-0.010210300343455658,-0.0015355417529330229,-0.008464458247066986,-0.003792859950720817,0.0012308055752421332,-0.002335799148173001,0.0035470611384850192,0.006647123081736539,0.0033333333333332993,0.0033333333333332993,-0.013784416295673174,0.009261288180610894,-0.00584049818866289,0.0033333333333332993,-0.0021025277580912216,-0.0064535698250719475,0.0013382649630127585,0.008503349755351552,0.0033333333333332993,-0.003333333333333355,0.004795258620689635,-0.003063206625843584,0.016404416839199465,-0.01331741698308131,-0.001840277930623968,-0.005404124689498135,0.009064295977011472,0.0023357991481730567,-0.011688876790243441,0.0,0.0033333333333332993,-0.01506929475156188,-0.0025946215139442397,-0.013828854550882452,-0.0023357991481730567,0.00900246581483971,0.05466779211383321,-0.005131124913733631,0.00846445824706693,0.01307108350586611,0.005131124913733631,0.0,-0.004382536288452199,1
0.008202208419599788,-0.07083247844482182,1.1102230246251565e-16,-0.006666666666666599,-0.00838381103972291,-0.007530905902046026,-0.0007387118193890041,0.00440723789453068,-0.03341790785607118,0.0015355417529331339,-0.004236440029213584,-0.010538007567772678,0.0323647775855585,-1.873584470946099e-05,-0.023806367863559053,-0.03918829300365978,-0.0033333333333332438,0.009975442264229861,0.00962087741981088,0.0002780915452372801,-0.0035955831608004973,-0.008001504167983398,-0.019999999999999907,0.017897472241908907,-0.0033333333333332438,-0.11728010562190827,1.1102230246251565e-16,0.008464458247067097,-0.08082923583262519,-0.01346985734008277,-0.028335218783059613,-0.015669132481506254,1.1102230246251565e-16,0.0033333333333335213,0.008464458247067042,-0.0021675869772315726,-0.00835910943364454,-0.013745906851345191,0.013002920118732941,1.6653345369377348e-16,-0.0009975341851601316,-0.012102527758091008,-0.004330867518493542,-0.006465962415050264,-0.016666666666666552,-0.06469837619397106,0.0076597496648981855,-0.0097377501725327,0.022910883009429173,0.04432975219563384,0.005435861091424632,-0.03754433543150498,-0.009999999999999898,-0.04666661174907044,-0.024794678215139032,-0.004459729029950399,0.014640772116898626,-0.024564138908575395,-0.0004863387978140121,-0.02193737615319924,0.002353212854225628,-0.01708499514271744,0.0005380075677728358,-0.0025946215139441287,-0.006666666666666543,5.551115123125783e-17,-0.00513112491373352,-0.012669513763249263,-0.03191035162499695,-0.00513112491373352,0.0036380695110243555,0
0.0,0.017204674234439388,0.009785848783410822,-0.015690534605192652,0.02247140611001397,0.005607586905655437,0.03777166023959755,-1.1102230246251565e-16,0.009197422484896633,0.02648170681919526,0.029264715642307038,0.0,-0.011555001709306456,0.01253650339978929,0.0037310297885491117,0.0009913027473965608,0.0005983705181893395,0.0007387118193890041,-0.005435861091424576,0.024746482200695863,0.017667347599469974,-0.019971021562614766,-0.0017977915804002764,0.02126321147432353,0.010000000000000009,-0.006075696003207232,0.008506944597290733,0.0,0.00286891387839594,0.017204674234439388,0.02522478484406132,0.0,0.023330482002562603,-0.021924794553101035,-0.003981693085593374,0.005344936347442153,-0.005253749302191579,-0.013418499553835783,0.0032715031711615383,0.004330867518493653,0.0030543503408998474,-0.00048633879781412315,-0.005569198203816184,0.014667433464340518,0.0,0.0,0.005792093153046962,-0.0033333333333332993,-0.010000000000000009,-0.013190009825562288,-0.00666666666666671,-0.009125303955534902,-0.029390220794694333,0.005938237314198402,-0.0052279584786595334,-0.009002465814839766,0.0015088971204793022,0.0,0.0047430630839551124,0.0028471620834920053,0.0015355417529330229,0.0171663367362187,-0.0017977915804002764,-0.005794944483817788,0.03142139709504532,-0.010000000000000009,-0.0033333333333334103,0.0045641389085754325,0.0017977915804003874,-0.013333333333333197,0.0017977915804002764,1
0.008249137904299153,0.03844830478470507,0.004697149272035461,-0.00666666666666671,0.01585799878126415,-0.00010734324334549239,0.0,-1.1102230246251565e-16,-0.008127892301220019,0.05770937729343706,0.010258822365771136,-0.0033333333333334103,0.009999999999999898,0.006666666666666599,-0.013905688967500551,0.04389229282631302,-0.0033333333333332993,0.0,0.02729910172371941,0.014149264898370317,-1.1102230246251565e-16,0.0025330759380932655,0.0,-0.0025330759380933765,0.014619929526387465,0.08785110482125325,0.0017977915804002764,0.017581397448805713,0.0036296422680998086,0.005115493149802308,-0.00616142719512347,-0.006304170739654613,-0.008202208419599843,-0.011797791580400396,0.0180393732707268,-1.1102230246251565e-16,-0.013342167771298041,-0.008820404139400884,-0.002902785153331089,0.013062985649768155,0.0012308055752421332,0.0017977915804001654,0.024447072322540064,0.037580875199739405,-0.012135379482877573,0.0006699606635666155,-0.033024637407695234,0.06277283597773986,0.016928916494133972,0.05243048103513126,-0.012471245775921624,-0.004003192686915735,0.014098778753845798,0.06401814610474565,-0.09071985662231596,0.01153554175293292,0.002594621513944295,-0.01655893103753059,-0.0015970873287839416,-0.0038095107389344296,0.0,0.0009975341851603536,-0.006992804968043775,-0.0033333333333334103,0.0,0.006971402844357488,-0.0023357991481731677,0.0,0.011874337037923177,-0.0015810548341067543,-0.0007387118193891151,1
0.010000000000000009,0.0,0.008464458247066986,0.0014612256345533647,0.013671702774018024,0.005792093153046907,-0.00941347040991164,-0.005131124913733576,5.551115123125783e-17,-0.00846445824706693,0.009881383177798408,0.003333333333333355,-0.005131124913733576,-0.007527361459444437,-0.003595583160800553,-0.0015355417529329674,-0.006218297483710111,5.551115123125783e-17,0.006390908926361238,0.008231186856985095,-0.022121871570039198,-0.00895695273366598,0.0015355417529331339,-0.01276634732817522,0.008202208419599788,0.0007460366126951223,-0.004868875086266322,-0.007986827150623876,-0.025512245087139174,-0.009999999999999953,-0.0107024326329066,0.0015355417529330784,0.00473342845851793,-0.010279522030048116,5.551115123125783e-17,5.551115123125783e-17,5.551115123125783e-17,-0.0015355417529330229,0.003865315935737468,-0.0012308055752421332,0.016832742796169253,0.0033333333333334103,-0.029144394424522713,0.0008949392821981927,5.551115123125783e-17,0.0028996974266870534,0.0031036808329742427,0.01092309263766078,5.551115123125783e-17,-0.06442281650348702,-0.005806905417754082,-0.008665899868992799,5.551115123125783e-17,0.03158486260603394,0.004330867518493597,5.551115123125783e-17,-0.009264715642306909,5.551115123125783e-17,0.007396513188173082,-0.018919458059900973,0.02837108467166255,0.016990746656305677,5.551115123125783e-17,0.0015840637752485565,0.0003928289753178382,0.003627968639366985,0.005669132481506467,0.010000000000000064,0.0033655408276874743,-0.0015355417529330229,0.005452680321533787,0
-0.004654949830017185,1.1102230246251565e-16,-0.021934448076070423,-0.017233652671824806,0.004330867518493653,1.1102230246251565e-16,0.0300943973006374,0.007158760422519783,-0.02892856476294209,-0.0012308055752420777,0.01906401139069075,0.004868875086266489,-0.002397629310344762,0.014784000447616186,0.009717112703562514,0.02307108350586612,0.003333333333333355,0.00646596241505043,0.009520110546382077,-0.0007352843576928225,-0.005930391111566069,-0.00792645067929415,-0.008202208419599677,0.010538007567772845,-0.014156221583769779,0.011530055979498854,0.005131124913733631,-0.010333714615076095,-0.0022742535723220825,1.1102230246251565e-16,0.038004931629679495,-0.0015355417529329674,1.1102230246251565e-16,-0.004330867518493486,-0.003333333333333355,-1.9543584930059588e-05,0.00029510155225365153,0.0012308055752422997,0.021922119405379692,0.0035921556991045933,-0.0012094034515559016,-0.004301889081108012,0.003333333333333355,0.0007816746919789286,0.0202757577403056,-0.0022283397604023203,1.1102230246251565e-16,-0.0033333333333332438,0.005477942048292106,0.00023327139008211262,0.017802409711452083,0.028227806749992146,0.0,0.00011354730658935663,1.1102230246251565e-16,-0.0021353794828776196,0.007384559117397327,0.006666666666666765,-0.006666666666666654,0.0,-0.0012308055752421887,-0.005406882654039047,0.0,0.0012308055752421887,0.05788248557356601,0.008464458247066986,1.1102230246251565e-16,-0.00026224982746725356,-0.004635202965438345,0.0016430011407037592,-0.010511195387346073,0
0.006507711394964644,2.220446049250313e-16,2.220446049250313e-16,0.007101233935277618,2.220446049250313e-16,-0.008538774365446478,0.014868875086266442,0.017613820290755422,0.03930431306492499,0.05101864331306227,-0.0002749714215093402,0.0007788552715538577,0.00926471564230713,2.220446049250313e-16,0.003638069511024411,-0.05726384393948858,-0.007151247173061592,-0.016971402844357386,0.008231186856985206,-0.005131124913733576,0.009354822492370185,-0.010004181546993562,-0.0017977915804000544,1.1102230246251565e-16,0.0008385621984700053,-0.004868875086266322,0.05487200424819072,-0.0048688750862661,0.0901739792124473,-0.006128659098893818,-0.008202208419599621,0.04939644446342517,0.030203814432001153,2.220446049250313e-16,0.005131124913733687,0.01666666666666694,0.004146361271102128,0.01000000000000012,0.027939958592132608,-0.0030285971556424096,0.008740215987372624,1.1102230246251565e-16,-0.007571925061261697,2.220446049250313e-16,0.0017977915804003874,-0.00861285297416381,0.036807962787995696,0.025607586905655455,0.0007734747250995877,-0.05336251541596837,0.01683810789457707,-0.002964615315502628,-0.0017039156036530168,-0.0066666666666664876,-0.019766728609918016,0.009978597876314055,0.005056808795354195,0.005475653574792405,0.001535541752933245,-0.006126325293962065,0.01333333333333353,-0.0027854489596680354,-0.0033333333333332993,-0.0033951634955050602,-0.014733428458517661,-0.007177862054012496,0.00031826652339028705,-0.008464458247066764,-0.010061830162171437,0.004376380599667495,0.015406882654039444,1
-0.004880875649934446,0.030868006472909437,0.005669132481506356,0.0033333333333334103,0.010338769392713387,0.0025330759380934875,0.009737750172532755,0.016171145449117574,0.0,0.01723365267182486,-0.0017977915804001654,0.00694395881646781,0.007417582788290855,0.0033333333333334103,0.03604855923287298,0.021704831302875482,0.012397629310344938,0.0015355417529330229,1.1102230246251565e-16,-0.00854753321731605,-0.015903314336413343,-0.0012308055752420222,0.058910817303400975,-0.0005380075677726692,-0.006666666666666599,0.03113405819190984,-1.1102230246251565e-16,-0.013333333333333197,-0.055147796847958674,0.007800638676982885,-0.004133590728573444,0.06383477136968918,-0.004133590728573333,0.0033333333333334103,0.020398396108018635,-0.006928916494133852,-0.01798845228423318,-0.0033333333333332993,0.004762406895903348,-0.0017977915804002764,0.008769194424757987,0.008202208419599732,0.012578589019266895,0.025806302815379212,-0.0012308055752421332,0.10921946911607161,-0.0023357991481730567,0.05970489844774629,0.0,0.09352230219190982,-0.011046056207475785,0.0,0.0033333333333334103,0.008202208419599843,0.014564138908575552,0.0033333333333332993,0.017728760000156885,-0.02359558316080046,0.012335799148173177,-0.0007387118193890041,0.010586529590088323,-0.0023357991481730567,-0.004552687210784279,-0.0034769663385989524,0.026164651594762445,-0.015661863886009875,-0.008825211120680576,0.016404416839199465,0.0015355417529331339,0.0033333333333334103,0.02475897943420724,0
-0.0015355417529330229,-0.011609857871312856,-0.006666666666666821,0.010563384342952675,0.0015355417529330229,0.018329011619318325,0.006264105726642377,0.0045641389085753215,1.1102230246251565e-16,0.027165568618550684,0.010000000000000009,0.015866409271426463,-0.008046174762786906,-0.00666666666666671,-0.03820220841959976,-0.008531922896126809,0.002763911063886626,-0.007830714510838055,0.015033715217882326,0.010796829933543806,0.0,-0.0033333333333334103,-2.220446049250313e-16,0.004559236656476617,0.0033333333333332993,-0.02234369335902109,0.004681116777358052,-1.1102230246251565e-16,0.006666666666666599,0.0009975341851602426,-0.011211261990311971,0.022471088843496245,0.018464458247066773,0.0007602604021269554,0.006709153016890235,0.00426903735632167,0.006928916494133741,0.003697540257692533,0.0,0.000492093755852907,-1.1102230246251565e-16,0.009999999999999787,-0.012073549320705923,0.019737750172532542,0.0024172703729108402,-1.1102230246251565e-16,0.006666666666666599,0.019328509232129365,0.0,-0.0967782641450533,0.011535541752933032,0.008506944597290511,0.006666666666666599,-0.00610366552405428,-0.014807044924094792,-0.004179381595736609,0.0015123245821753173,0.009999999999999787,0.04420505551618237,0.008692150497485063,0.002274253572322138,0.0026556015060927862,-0.016799719435992677,-0.0034621948447902673,0.0007736127627862022,0.006126800560137813,-0.008534820110421393,0.003089605134165785,-0.007093966003060004,0.0015355417529330229,-0.0017977915804003874,0
0.00023042005931117604,0.04223871694824127,-0.0033333333333334103,-0.004868875086266433,0.018875552659331718,0.01348823991745518,0.001225511662926837,-0.005435861091424576,-0.00666666666666671,0.0,-0.009999999999999898,-0.01423790724096885,0.00674811384362084,-9.78247623333317e-05,-0.0049762183296118145,-0.00666666666666671,-0.010000000000000009,-0.006928916494133963,0.014821419837779626,-0.00139622183778354,-0.003783341469708712,0.006099680661508566,-0.003116596587039666,-0.0033333333333334103,0.0,-0.0085387743654467,-0.005069294751561926,0.012823783773942443,-0.027185130649509337,0.0,-0.03302820008739216,0.008379740666825786,0.0007157731655018651,-0.004868875086266433,0.0025662192074843437,0.005435861091424465,-0.008202208419599732,-0.007528754224078393,-0.0032590172149536967,0.0007238347565928782,-0.0009975341851603536,-0.013942404957969057,-0.007740275726566326,-0.1068799769270451,0.008711076310602972,-0.0017977915804003874,0.002902258931389623,-0.009219202561133288,0.0033333333333331883,0.09750753732784712,0.0039003193384914425,0.004868875086266322,0.0,-0.013880859382118249,-0.03800824294695038,-0.00392172146217773,0.0,0.0,-0.0017039156036532388,-0.00925553322257211,0.010116802468603359,0.01403576596624001,-0.0033333333333334103,0.0007547443140663024,-0.01615825876216359,-0.0022738528415761072,-0.009002465814839877,0.02087172218284905,-4.208561947760536e-05,-0.0026309007004268192,0.006971402844357488,1
0.011338264963012767,-0.007907300387401395,0.0033333333333332438,0.0,0.016816765803354783,0.006927696055213206,-0.005528821368949222,-0.0009975341851603536,-0.00026224982746730907,-0.010492093755853082,0.0,-0.004868875086266433,0.007266219810290353,-0.01253307593809333,0.016932343955830098,0.0015355417529330784,0.004036757163647375,-0.0021679768099858165,-0.006848629251719529,0.028756750631160954,-0.00969526382230912,0.0,-0.013052576706499563,-0.0012308055752422442,0.0002757577403054712,0.05335760677772822,0.012867651027160809,-5.551115123125783e-17,0.016647123081736492,0.0007547443140663579,-0.0033333333333332993,-0.0042690373563219475,-0.004514952312982878,-0.0037638815133355097,0.0,-0.008202208419599788,-0.0008487794175555119,0.004027047040024878,0.024039439480659064,0.0017782479954700503,0.006128659098893763,0.015068103781172126,0.0,-0.032812261140094945,0.005669132481506189,0.011238167418571476,0.013545202599728912,0.008853691110857487,0.0025330759380932655,0.0,0.0037928599507207617,0.020488744721075647,0.0015810548341066988,-0.025174337803715252,0.0028571559277323355,-0.005131124913733687,-5.551115123125783e-17,-0.007592736064218064,-0.003016732179757564,-0.0033333333333334103,-0.001842886141019684,-0.029291794421433592,0.02243597964673555,0.005655624568668194,0.00610985427865085,0.0,-0.0027468037432450965,-0.0022998045480116525,-1.6653345369377348e-16,0.0005669860051581432,-5.551115123125783e-17,1
-0.00943991963412083,0.029085711147240123,0.0,0.05554510322521933,-0.0029016025278969515,-0.0033333333333331883,0.0036380695110243,0.0069022718616802425,0.0,0.054159988260713776,0.00187210769877999,0.011317240791877126,-1.1102230246251565e-16,0.012533075938093274,0.0019236035827117082,0.11425369017871145,0.007771660239597522,0.0045641389085754325,-0.00666666666666671,-0.007636825835634298,-0.006666666666666599,0.009737750172532755,0.010000000000000009,-0.006128659098893929,-0.003974190201746386,-0.01104276523304959,0.013668356979966823,-0.002484553915777732,0.06731965426556141,0.0033333333333334103,-0.0015355417529330229,-0.015435861091424474,0.03224176149164726,0.0,-0.005730962643678117,0.0038713409011061906,-0.007091684471418835,-0.004558794627321228,0.0033333333333334103,0.010664810767491595,0.01666666666666672,0.023885547859147982,0.0,0.010000000000000009,0.013572644506913423,0.05011921462262492,0.004072045152722414,0.08204482739969676,0.02691575071801311,0.061948286786596474,-0.013028597155642418,-0.0005380075677727802,0.002102527758091277,0.04487262469940523,-0.003641496972720426,0.0023384119899060307,0.011621978291124768,0.0,0.008464458247066986,-0.002102527758091166,0.002506402249134121,-0.00805740233512231,0.009433013994841866,-0.0017977915804002764,0.003102061167817971,1.1102230246251565e-16,-0.004868875086266322,0.0015355417529330229,0.0,0.0,-0.007709713933000573,1
-0.013028597155642474,0.00846445824706693,-0.003333333333333355,-0.01413359072857337,-0.013754322408651848,-0.0022573181977877943,-0.003333333333333355,0.0015355417529330506,-0.05047858584301476,0.002766347328175184,0.0012308055752421332,-0.013890684713054213,-0.003333333333333355,0.0,-0.012522617534400649,0.0007807974388666927,0.0,-0.0017977915804002764,0.0,0.0,-0.0015355417529330784,-0.019400162270055477,-0.0051311249137336035,0.002335799148173029,0.00456413890857546,-0.01396532313526136,-0.01443832690626426,0.015429253196937137,0.016404416839199437,-0.0015355417529330784,-0.010050380561071603,-0.010433032138169485,0.0,0.0069744295753075,-0.0012597840126274962,0.0,-0.0008238993684630269,-0.0015355417529330784,-0.027612109706295435,-0.008464458247066958,-0.0015355417529330784,0.0017977915804002487,0.0015355417529330506,0.0,0.005866409271426676,-0.0017977915804002764,-0.007664200851827008,-0.003333333333333355,0.016127831052881292,0.0051311249137336035,-0.004195420890745094,-0.002549067809099026,0.0036807980417029595,-0.0014343768642665067,0.0016526059360115752,0.0076023706896551635,6.183016217176096e-05,0.010800257395239987,-0.0005380075677727802,-0.024184741269472926,-0.000637680130987861,0.0008427437454636977,-0.005464839528809884,-0.0017977915804002764,-0.026391646296670734,-0.052356126876350745,0.012598048975640264,-0.0051311249137336035,0.006257520610350731,0.002594621513944212,-0.010000000000000037,0
0.0,0.024750270379714556,-0.0030710835058660457,0.010000000000000009,-0.011838560193458303,-0.011493055402709396,0.0,0.0020921934798510122,0.02373188352963629,0.0009975341851603536,-0.0020608277266633834,0.0,0.02006183016217178,-0.0033333333333332993,-0.0052686780617495765,0.0033333333333334103,-0.0005519472148227678,-0.007529620221936484,1.1102230246251565e-16,0.031248930753261295,0.012766347328175165,0.004088077647399713,0.00178448344054416,-0.012335799148173066,-0.019737750172532875,-0.044574580448068946,-0.0033333333333332993,-0.0023357991481730567,0.04976844641624778,0.005435861091424576,-0.005131124913733576,0.0009357040229884817,0.02066381957008412,0.0,-0.0033333333333332993,-0.005435861091424465,-0.004330867518493653,0.018111399820042506,-0.01678876019710618,0.002594621513944295,-0.008303598858282246,0.03277451474185733,0.02486887508626634,0.007864620517122445,-0.0023976293103448176,0.026675871646630878,0.0014411444522957062,0.0746399172065304,0.004269037356321781,0.014265244882921246,0.011797791580400396,0.0012732919254657693,-0.006999105498014524,-0.011359854333750419,0.0010615467845226378,0.01199600467584705,-0.00926573759893723,0.0033333333333332993,0.019864693992048932,1.1102230246251565e-16,-0.05355272697013713,0.01105907976101117,-0.013616667387338022,-0.0033333333333332993,-0.008895006427069196,0.01875856521239616,0.0006230027010809547,0.0010144695596946418,0.0024712457759216155,-0.006078278537822279,0.0,0
0.004542736784889256,0.022397629310344946,0.03158029107760263,0.006971402844357599,0.0056824791549605624,0.035205441032113094,-0.00026224982746725356,0.015373914784827747,0.0,0.04853580776035071,0.0015355417529330229,-0.0033333333333332993,0.0,-0.0024712457759215045,-0.013241814005872543,0.005406882654039213,-0.0027726784171393515,0.0,0.036433395276584846,0.018549969481604478,0.00016353480167574652,0.002594621513944184,-0.08406905871025916,-0.012102527758091064,0.002594621513944184,0.07842046371392819,0.01333333333333342,0.004868875086266433,0.0027468037432449854,0.0030710835058661567,1.1102230246251565e-16,0.020272138850582655,0.0370911753023091,-0.008464458247066986,0.016404416839199465,0.030735284357693127,0.0,0.0008344961432781295,0.02486887508626634,-1.1102230246251565e-16,0.015669132481506254,1.1102230246251565e-16,0.0,0.02388927545356523,-0.0017977915804003874,0.013071083505866166,0.0,0.06598170139490944,0.0010434479970801158,0.11996058770793183,0.013071083505866055,0.0020892196182348277,0.006757018733795639,0.01281506126265508,0.026971402844357506,0.016419933328805314,0.0,0.0008914444404907185,0.029224699460854042,0.00760237068965508,0.009960996458696636,0.004574857165787649,1.1102230246251565e-16,0.0,0.02019824514737012,0.0,-0.0007387118193891151,-0.0009975341851602426,-0.0033333333333331883,0.013328019095868338,0.009737750172532755,1
0.010065257623867785,-0.001969517394631304,-0.0009975341851603536,-0.006666666666666654,0.006960862406715118,-0.007602370689655247,-0.003333333333333355,-0.0021025277580912216,-0.015711618831730223,0.0240577007820017,0.002335799148173001,-0.0026598791378120157,-0.030022776333817336,-0.0025946215139442397,-0.010388061829778583,0.02056698600515816,0.001797791580400221,-0.006666666666666654,-0.002536503399789447,-0.011130456231069952,-0.02791469683916309,0.006035792187598588,-0.0031000619432514642,-0.020000000000000073,-0.0071006423083648795,0.004133590728573333,0.003393174238399299,0.006728212242517517,0.00900246581483971,0.0,-0.0033717618758988266,0.0,0.008665702994285152,0.008296560625278115,0.0,0.006666666666666654,-0.0005855784675415365,-0.007188641739762358,-0.0019244040746203561,-0.027163512497664744,-0.0035050591475643267,0.006361930488975709,0.002335799148173001,-0.02162119739119528,0.0012308055752421332,-0.015171915827231874,0.001797791580400221,-0.03162696229367995,0.013028597155642307,-0.001797791580400332,0.005931382308973665,-0.010304736177690954,-0.014668455420971005,-0.013333333333333308,0.0,-0.004732437261110445,-0.009326545804478725,-0.0005669860051581987,0.0017977915804002764,-0.016099680661508686,-0.035561673093735924,-0.006918488849664117,0.0005380075677727802,0.004868875086266322,0.003900319338491498,-0.0026435620568140417,0.003669899279180211,0.0102332713900819,-0.012594621513944249,-0.006500310481444782,-0.00863589715309232,1
0.0033333333333332993,0.04558880918183983,0.03176519425329216,0.017390338349036916,0.021706012793111462,0.04199506837032052,0.004868875086266433,-0.0015355417529331339,0.027449374147262007,0.05933170657527076,0.0016005147904799566,0.0,0.01777166023959753,0.008202208419599732,0.0008717221828490329,-1.1102230246251565e-16,0.0,-0.011535541752933032,0.02634052836528955,0.0161862668161874,-0.0033333333333332993,0.017215212741887087,-0.00279532576556063,-0.0033333333333334103,1.1102230246251565e-16,0.14118967340954258,-0.0033333333333332993,0.0033333333333332993,-0.06537518722737123,0.0033333333333334103,-0.004868875086266322,0.0,0.018464458247066995,0.007934744668310234,0.0,0.01766420085182696,-0.0033333333333334103,-0.0017977915804002764,0.043329699885366724,0.006666666666666599,0.03749559173384254,0.006313668760198232,0.001496462443890234,0.0,0.005108186259846437,0.05415657983347244,0.029435553323012176,0.0015355417529330229,0.028109932629034606,0.05366030632912899,0.0023357991481730567,0.017729658248676894,0.02563656534304093,-0.020354525618032193,0.023841201525545697,-1.1102230246251565e-16,0.01834944546770667,-0.006404416839199345,0.00666666666666671,-0.005866409271426787,-0.09941286955150874,-0.0012308055752421332,-1.1102230246251565e-16,-0.0003261383013771768,0.008788738009688157,0.016365337530156676,-0.0033333333333334103,0.0008002573952399228,0.0015355417529330229,0.00666666666666671,0.0015355417529329118,1
0.0085946909509933,0.02903600202658585,0.0,0.030254800784480174,0.011939568769514186,0.03176881314301483,-0.0012308055752421332,0.0,0.023230868696172524,0.03051019031360014,0.0033333333333332993,0.004162569165958696,0.03451156564564284,-0.007029162593678584,0.039860252519344996,0.03679962478840082,0.0012308055752421332,-0.0024028432341669514,0.0033333333333332993,-0.00666666666666671,-0.016926881170363672,0.009128277817150976,-0.0033333333333334103,-0.007148644746649113,-0.0030710835058660457,0.04336218158415295,0.032952532578647165,0.004868875086266322,0.0008487794175554564,-0.026971402844357506,0.00579163482831857,0.004330867518493542,0.067635136232848,0.015566093795350788,0.0017400318310791807,-0.012102527758091175,0.02548553879563098,-0.021564520190318404,0.040457962133276126,0.02026224982746716,0.0033333333333332993,-0.013333333333333308,0.010978432553667261,0.0017977915804002764,0.001803006365693749,0.036316417407802115,0.009646176125049366,0.0,0.010000000000000009,0.057781835975368234,-0.005669132481506356,0.0,0.009307201992530656,-0.01333333333333342,0.0,-0.005493620840745672,0.024422481496761406,0.005131124913733576,-0.0011263956966170996,0.012828293634772003,0.11139901774618355,-0.07115013985600493,-0.0059279548472774835,0.006666666666666599,-6.398280337904794e-05,0.03774738709014824,0.0,-0.0009975341851602426,-0.0015355417529330229,0.012511673814407098,-0.00026224982746725356,0
-0.0014426748416377921,0.003333333333333355,0.0,-0.008066761791851229,-0.0005559586150870044,-0.016537026471913352,0.02987677534560851,-0.0019660899329351778,-0.043325580378533846,0.0009975341851602981,0.008373533503084618,-0.0017977915804002764,0.0,-0.010013703322434953,0.0,0.01179779158040023,-5.551115123125783e-17,0.005131124913733631,0.007756434627366526,5.551115123125783e-17,0.006928916494133908,-0.003333333333333355,-0.008263753995450651,-0.006128659098893874,0.004392813825090658,-0.003333333333333355,0.0032010954197088104,-0.00023327139008189057,0.010000000000000009,5.551115123125783e-17,-0.0045641389085754325,-0.024171559396608644,5.551115123125783e-17,0.020027000679905316,-0.0433724094368515,-0.0028469945355191206,0.0023976293103448176,-0.017401666438038865,-0.012028211639711517,0.014330867518493606,0.0,5.551115123125783e-17,-0.004868875086266322,0.0,0.0,-0.0024384984423380662,0.0,0.0,-0.004868875086266378,0.002160895750258962,0.004133590728573333,-0.009060870837200141,-0.009072487199338897,-0.008464458247066986,-0.005364396303815466,0.012073190671213263,-0.0009685557477748796,0.0,0.0017977915804002764,0.0035955831608006084,0.01900246581483972,0.00041765849949992884,-0.0027953257655605745,-0.0056691324815064115,-0.02609692269696745,0.0,0.002102527758091166,-0.007191166321601161,-0.0017977915804002764,0.0016377560123965185,-0.0012308055752421332,1
-1.1102230246251565e-16,0.018062646989236153,0.012377548128087057,0.00949039593835721,-0.014330867518493662,0.01818241460227016,0.0026598791378120157,-0.0005380075677728358,0.003333333333333355,0.022672285890062094,-0.002640535325864002,-0.005694440381669774,0.010829435605607396,-1.6653345369377348e-16,0.009737750172532755,0.0015355417529330229,0.002406813930400653,0.006971402844357488,0.0035972043304673407,0.001797791580400221,-0.011797791580400285,0.00792645067929404,-0.0849908811666053,-0.0017977915804003874,-0.0015355417529331339,0.043289429737309815,0.0161706996234125,-0.00027084442577651746,-0.003333333333333355,-0.004671598296346169,-0.004492791597286716,0.015268615072887792,-0.0017977915804002764,-0.0030710835058661567,0.006240882037523654,-0.0002622498274673646,-0.001661353755244288,-0.012478276517688791,0.005598992307346173,0.0,-0.013871340901106144,-0.0045931173459609065,-0.019610613556772793,-0.0017977915804002764,-0.008225147073486871,0.056290730678857204,-0.0118358267436951,0.01906429597701148,0.01853706544975231,0.04021857176694549,0.0,-0.01274680374324505,-0.005131124913733798,-0.032594621513944266,0.013488123773029825,-0.007592642697988317,-0.003333333333333355,-0.0047945589678867195,0.0021999392225448555,-0.010430263593681377,-0.020070140174160145,-0.019007121967683727,-0.011048361503799065,0.002594621513944184,-0.01499414105413005,-0.006006676125505261,-0.008202208419599788,-0.0018872319618617461,-0.0012308055752422997,0.002335799148173001,0.0012308055752420777,1
-0.0045641389085754325,-0.04360732430650527,-0.03574274894708318,-0.00013544662774850336,0.017075812722982586,0.0026598791378120157,-0.019740893047907992,-0.0027953257655605745,0.0064044168391994005,-0.007491027913900605,-0.013871340901106088,0.008202208419599732,-0.007547398383223547,0.0,-0.0005380075677727802,-0.002746803743245041,0.0,0.02256014847893431,0.0009975341851602426,-0.0010590797610111613,-0.01385783298826787,0.004826388736042686,-0.0069007661027611356,0.0033333333333334103,0.004195420890745094,-0.024736398447866015,-0.008221843776152316,0.000780797438866665,0.0,-0.0045641389085755435,-0.01657268443251142,-0.0008901503181433235,-0.004197572568712782,-0.0056691324815064115,0.0012308055752421332,-0.0005111953873461195,-5.551115123125783e-17,0.0,0.0,-0.008785113096894615,0.003333333333333355,-0.018535638448355207,-0.03098121585235808,-0.006666666666666654,-0.015162161662857165,-0.0026405353258639463,0.0015355417529330784,-0.003932471410474925,-0.009957513649776317,-0.014116655354038998,-0.006141682652429259,0.008636184061297958,-0.0018494603503588225,-0.0206734541955213,0.014418096288111637,0.005506873673331192,-0.003333333333333355,-0.0017977915804002764,0.0,0.003333333333333355,-0.04855498226030325,0.04451313391634831,-0.003333333333333355,0.025088638563509902,-0.011439290943034919,-0.01740195102435982,-0.00048633879781417866,-0.0005669860051581432,0.005669132481506356,0.0003261383013771213,0.0,0
-0.004733428458517902,0.0013902144470244182,-0.00043054818000212713,0.0,-0.011586375787308673,0.004593117345960851,-0.001561416426827389,0.0033333333333333826,0.03406501873768111,-0.0018012190420963192,-0.010262249827467235,-0.008636497656820424,5.551115123125783e-17,-0.0007547443140663579,-0.004868875086266405,0.02938114887672305,5.551115123125783e-17,-0.008464458247066958,-0.012335799148173038,-0.006404361921603291,0.002640535325864002,-0.005669132481506439,0.0039003193384915535,0.004932856926405854,-0.003333333333333327,0.0013382649630128418,-0.009355524241864005,0.0023357991481730844,-0.0012597840126274407,-0.03448982279019577,-0.0015355417529330229,-0.04616096805089773,-0.022556328367867223,0.007897472241908815,0.046444737846894485,-0.005435861091424493,-0.007187738859905118,-0.0019984958320165835,-0.0010590797610111058,-0.003336758473144602,-0.008464458247066958,-0.019987298019941174,0.005127697452037505,-0.03654329092864403,0.0,0.00926128818061095,-0.012828469034951467,-0.0008487794175554841,0.009261288180610977,-0.0032464789622481394,-0.014467305343649511,0.0,-0.004868875086266405,-0.0007864736444345433,0.002808833678398931,0.0007968299335439633,-0.005931382308973582,0.0012308055752421887,0.0005050396985611938,0.006666666666666737,-0.011946546348004988,0.0,-0.00359215569910451,0.007204674234439518,0.006666666666666682,-0.024990603321471377,0.003333333333333355,0.0011378452977173492,-0.005132694749000827,5.551115123125783e-17,-0.01173233418355038,0
0.0022902860669994085,0.0,-0.023788138574505846,-0.020216344360502903,-0.005406882654039186,0.0,0.03625215098134177,-0.005435861091424521,0.007592736064217898,0.0,0.009582214017571283,-0.01907588250743439,-0.0012308055752421332,0.031210682586854444,-0.015607186174909388,-0.013165034980798379,-0.019173707269767748,0.002917950154018495,0.006666666666666682,-0.0007387118193891151,-0.0017977915804002764,0.01359558316080059,-0.0017977915804002764,-0.03952999220072412,-0.003333333333333327,0.003333333333333355,0.016404416839199465,0.00746692406190666,0.011797791580400285,-0.003333333333333327,-0.0005244996549344239,0.00692891649413388,0.0,0.003333333333333355,-0.00026224982746719805,-0.007852307446941542,0.0005727682950254775,-0.006361930488975709,-0.020136437825156034,0.0041141307722000475,0.008012460214213563,0.0,-0.03207354932070586,0.0,0.001230805575242161,-0.01071227723299964,-0.002594621513944212,-0.005336245912442694,-0.007057778005590765,-0.001461225634553337,-0.01916068371623239,-0.016527546524499226,-0.005131124913733631,0.0,-0.009999999999999981,-0.003333333333333327,-0.008769194424757903,0.001881023866258269,-0.004402047719781782,0.0,-0.0033555054368475112,0.0,-0.003333333333333327,-0.005131124913733631,-0.055236378903348315,-0.020034223565692594,0.003333333333333355,-0.002102527758091194,-0.009216193619991375,0.004649799044602582,-0.0017977915804002764,0
0.002873806715945837,-0.006666666666666654,-0.00407204515272247,-0.010307587508461502,0.004133590728573333,0.013440792721103989,-0.010000000000000009,0.008895006427069085,-0.0012597840126274407,0.007989971085536174,0.00761587860249352,-0.003333333333333355,-0.003900319338491498,0.006666666666666654,0.004660885012630067,0.003333333333333355,-0.002766347328175156,-0.003333333333333355,0.01179779158040023,-0.008202208419599732,0.0023357991481730567,-0.022175562653422243,0.0012404402006794268,0.017868493804523433,0.002332371686476986,0.0,-0.007158984976376237,0.013612518535334961,7.431611837965812e-05,-0.0017977915804002764,0.0017977915804002764,-0.0024875222332481073,-0.011982540948166642,-0.0017977915804002764,0.0,-0.005933803646185121,-0.003333333333333355,-0.011872107698779999,0.035614061611994596,0.0,-0.003333333333333355,0.007204674234439379,0.0,0.0024072639357821113,-0.0012308055752421887,-0.017787464119199126,0.0,0.018537038357535895,-0.018159722069375994,0.003333333333333355,-0.01933313197369585,0.00846445824706693,0.0,0.016452938861514943,-5.551115123125783e-17,-0.0017977915804002764,-0.014392413094344525,-0.003333333333333355,0.0015026900281466249,-0.0005380075677727802,-0.037031379497268424,0.02589823903958266,-0.008263753995450596,-0.0026405353258639463,0.0,0.0,-5.551115123125783e-17,-0.003333333333333355,-0.005131124913733631,-0.007316600371361948,0.0015355417529330229,1
0.010028978437385483,0.00618283891128002,-0.0066666666666664876,0.0033333333333335213,0.011581455564852905,0.0007352843576931001,0.0024616111504843774,2.220446049250313e-16,-0.020320367941621842,0.0024712457759217266,-9.296027752458969e-05,-0.005124893475969783,-0.004400926657518345,1.1102230246251565e-16,-0.026665907401268063,0.03872670807453438,0.0033333333333334103,0.0017977915804003874,2.220446049250313e-16,0.02079985666449402,0.002102527758091388,0.001535541752933245,-0.07589476443070364,-0.0033333333333331883,2.220446049250313e-16,-0.0011375607113963682,-0.0045641389085754325,0.01596662001099758,0.005435861091424687,-0.00895442815182712,0.002798753227256756,0.004403792908389881,0.02216075464019207,2.220446049250313e-16,0.0029027851533312,-0.008202208419599621,1.1102230246251565e-16,-0.021186367320032762,0.02030473617769113,0.001209403451556068,0.005586939483104292,-0.00026224982746714254,-0.0012403887257229629,-0.09706282920817466,-0.0023976293103447066,0.022215197039801682,0.002766347328175267,-0.007233652671824631,0.012148441570010826,0.07386500735216844,0.004868875086266433,-0.00015218222930080127,0.0045641389085756545,0.08688991295283072,-0.006666666666666599,-0.0026909158869354854,0.00043054818000243245,-0.004114130772199909,-0.0033333333333331883,-0.014081563633734362,0.014932856926406113,0.0033333333333334103,0.014795258620689866,0.0021849332568543156,-0.0023357991481729456,0.005140759539170925,-0.0007387118193890041,0.014826388736042917,0.01323521822606566,0.001535541752933245,-0.0025365033997892805,1
-0.010523624601952164,0.08272432302057386,0.0065068141732758655,-0.00876576696306186,0.034748141168359614,-0.01959085394368404,-0.0027468037432450965,-0.006666666666666654,-0.03047853555596375,0.008808486006454286,0.002397629310344762,0.0009357040229885927,0.005669132481506467,0.00036509912810761547,1.350791283832864e-05,-0.0025980489756402547,0.00031919883710096464,-0.013333333333333364,-0.00023327139008189057,-0.00023327139008177955,0.005131124913733631,-0.003871340901106135,0.009008501486931664,-0.006728212242517573,-0.022526844500329657,-0.006158374906588715,-0.003628434885587062,0.01573096264367818,0.0003047361776909452,-0.007233652671824853,-0.0021025277580912216,0.03671014421429791,-0.008418945165893199,-0.0005380075677728358,-0.01179779158040023,0.011230805575242087,0.0059279548472777055,-0.0008002573952399783,-0.005131124913733631,0.013579664488663823,0.004868875086266489,0.011273291925465778,-0.0033333333333334103,-0.0017977915804002764,-0.0008613879046088235,-0.03497113328692364,-0.011600799376800863,0.017864620517122398,-0.004868875086266378,0.005730962643678228,0.015669132481506476,0.007343548323884008,-0.00846445824706693,0.010985491122309288,-0.005651867425692292,0.0,-0.027165296586889875,0.00803890895359305,0.013028597155642418,0.01233237168647694,1.1102230246251565e-16,0.007108979607049537,0.0,0.0033548288232491674,0.0008489751832272963,0.03919701437767109,-0.0018721076987799345,-0.023765544286419693,-0.00023042005931123155,0.0,0.01276634732817522,0
0.003333333333333327,-0.022770890112731174,-0.018497309971853337,-0.020446999195233545,0.006311549927904114,0.009773744772694326,0.0033333333333332993,-0.0006309678452976197,0.007709713933000573,0.0,0.00472197885741768,-0.006666666666666682,0.002630900700426625,-0.011581054834106735,0.006268970211450897,-0.005973868659197329,-0.0017977915804002764,-0.007771660239597605,0.012986017439189146,-0.04770628398384816,-0.01493384812381332,-0.0017977915804003042,0.0064333952765847635,-2.7755575615628914e-17,-0.0017977915804002764,0.0,0.003074510967562144,-0.022895208839632114,0.007466924061906632,-0.0031846915108633966,0.002766347328175156,-0.0290024658148397,-0.004285354437319977,-0.016821079153812812,0.005669132481506384,0.001797791580400221,0.0,0.01014114936349314,-0.019932399478073126,0.0,0.0,-0.0036284348855870063,-0.003259017214953641,0.0,0.0025785890192669414,-0.0071911663216011334,-2.7755575615628914e-17,-0.001230805575242161,0.010862087557411748,-0.03377885518883983,-0.01797811944925279,0.016961884363345475,0.0,0.005866409271426648,0.0017943641187042336,-2.7755575615628914e-17,-0.010566986005158152,-0.010744466777427963,-0.008532495634180126,-0.004330867518493625,0.02657775287496089,0.008814707505931468,-0.00627712928017779,0.0015355417529330229,-0.02240592425193877,-0.07407164442197642,-0.00848586037075319,0.0,0.0015355417529330229,-0.005973868659197329,-0.01666666666666669,0
0.010534580106076774,0.05844607574883742,0.014340502143931011,0.008497025385532542,0.03462596907074733,0.018151827858528202,0.0017977915804004985,0.0,-0.05477204152134041,0.0,1.1102230246251565e-16,0.0066666666666664876,0.014224394136038154,0.00956945181999791,-0.009369032154702417,0.006942424406972236,-0.0033333333333334103,-0.00438253628845231,1.1102230246251565e-16,0.0060257055464393305,0.0015355417529331339,0.0,1.1102230246251565e-16,-0.00666666666666671,-0.00013941168677200633,0.0005244996549345071,0.003595583160800664,-0.005669132481506467,-0.004989446848221557,0.017557932434445922,-0.0067219808047539464,0.019667561168652092,0.011535541752933032,0.0044051836368732555,0.004603222071125512,1.1102230246251565e-16,-0.004195420890745205,0.020000000000000018,0.00666666666666671,0.0045641389085755435,-0.002102527758091166,0.005131124913733576,-0.018254695500938833,0.0010434479970800048,0.03188464354309695,0.0,-1.1102230246251565e-16,0.013721110576790818,0.005850092190428535,0.009986691860143782,0.005131124913733576,-0.028769194424757893,0.00141286566771337,0.019539736012302966,1.1102230246251565e-16,0.007217823497785103,0.0,1.1102230246251565e-16,0.003205880535589345,-0.005131124913733576,0.0,0.030213481752428772,0.002766347328175156,0.006633814941880312,0.022562054375478646,0.08339372647239274,0.004133590728573333,0.0033333333333334103,1.1102230246251565e-16,-0.004868875086266433,0.0,1
0.0,0.006340528365289588,0.004868875086266378,-0.02253307593809334,-0.010566986005158152,0.0009067255856031187,-0.0031000619432514087,0.006835095205767361,-0.0007417337018893466,0.007083048666599312,0.0005380075677727802,-0.014160235361027118,0.0015355417529330784,-0.0020566139461713484,-0.008464458247066986,-0.006099680661508511,0.0,-0.003333333333333355,0.013261098608802757,0.005258550059922318,0.0009357040229885372,-0.00666666666666671,-0.08253409789472371,0.004868875086266433,0.0,-0.0033333333333332993,0.002625309713632895,0.0030413676981712046,0.04287527951003578,0.0,0.0015636299268603215,-0.006666666666666654,5.551115123125783e-17,-0.0056691324815064115,0.007774096503886108,-0.016164653699055453,-0.01602520359734022,-0.009219202561133288,-0.010538007567772734,0.005177038725653393,0.0017420009625881971,-0.0007485886252814877,-0.007466924061906688,-0.0010408815462257248,0.002335799148173112,0.00666666666666671,0.002500224213306923,0.019433013994841875,0.007991908076144083,0.007833459642546614,0.0009357040229885927,-0.0019052509681709018,0.0015355417529330784,0.01731583402899617,0.0,5.551115123125783e-17,-0.0008234745659976284,-0.00967592001036105,0.009293694079692327,-0.001797791580400221,-0.06541331071192164,-0.009461992432227173,0.013749881787639529,-0.0027953257655605745,-0.012902785153331098,-0.0025330759380932655,0.00508268651997501,0.005499842931564025,0.0015355417529330784,0.006066828936722113,-0.012996767387486396,0
0.013290846983109728,0.003333333333333355,-0.0020131728493760215,-0.0007676902567744226,-0.00840262808489517,0.010000000000000009,0.0,0.003333333333333355,-0.022520305395564544,-0.0035309730476306145,-0.006361930488975709,0.002640535325864002,-0.0038288545508824434,-0.010000000000000009,-5.551115123125783e-17,0.0,0.006971402844357599,-0.004868875086266378,0.0051158993015025245,-0.002661937449550178,-0.004868875086266433,-0.007754724865063178,0.0033333333333334103,0.007233652671824853,0.003426293610858111,-0.006663239204970528,0.0006158702246217285,0.005059660126124632,0.0046447861159194526,-0.05399214322484713,-0.011367443173380232,0.019765491912353994,-0.04078753168539018,0.0,0.030279930866331073,-0.006193632136440919,-0.015393374741200838,0.00048411169671225274,-0.006666666666666654,-0.00230352123242733,0.010498129579627369,-0.0043825362884521435,-0.0023357991481730567,-0.0003261383013771213,0.014169166808180755,0.002608129426782513,0.014382195283423715,-0.004620526860406149,0.005111781101785562,0.002335799148173112,-0.006404416839199345,0.020105641105194638,-0.004890277209952554,-0.0059188563721059295,0.0039511466571302,0.0,-0.0033333333333332993,5.551115123125783e-17,0.0009975341851602981,-0.0008717221828490329,-0.013333333333333308,0.002335799148173112,0.004510543406205381,-0.0182623169723381,0.015039377986103053,0.0033333333333334103,0.0,-0.011230805575242198,-0.004868875086266378,0.005131124913733687,-0.010000000000000009,0
-0.0038713409011059685,0.004166472642002372,-0.005562664291143271,-0.0017977915804002764,0.004952200738353951,0.0065467213226880205,0.025927954847277612,0.020603456619667282,-0.0008292358326253968,0.0,1.1102230246251565e-16,0.003333333333333355,-0.001797791580400221,1.1102230246251565e-16,-0.0038350617146236665,0.015781832109633243,0.008852520076845394,-0.0026901208224463513,0.012200352520424618,-0.01949170823992208,-0.006361930488975709,0.0009975341851602981,-0.014564138908575441,0.0,-0.016697703415790188,0.001616188960277043,0.004670067907004027,0.0,-0.0016915231630190708,-0.011933238208148678,0.03790370367967244,-0.007085437096154612,-0.0033333333333334103,-0.011535541752933032,0.005102146476348324,-0.0009975341851602981,0.001400095125184464,0.041535541752933225,0.03872670807453421,-0.0005883881288444304,-0.0023357991481730567,0.009848637021999507,-0.008140378257428083,-1.1102230246251565e-16,0.0,0.0012308055752421887,0.007466924061906632,0.010155973065130774,-0.0017977915804002764,0.00973775017253281,-0.001797791580400221,-0.02099130274739669,0.0045641389085753215,0.0,-0.0015355417529330229,0.0,0.006666666666666765,0.019157256254536292,0.004868875086266378,0.0,0.022407263935782185,-0.03512626877388064,-0.0009975341851602981,0.005302850727964603,0.0009357040229884817,-0.010397696455215766,0.012911058409608434,-0.006002847096582609,0.017524385870651416,0.009002465814839766,0.012640535325863955,1
0.007463496600210617,0.0034964645492548962,0.042083183946142966,0.0173690992995732,0.0020467371402790313,-0.009264715642306909,0.002102527758091166,-0.014158447318105227,-0.007262631109210216,0.0,-0.004763549508419174,-0.0017977915804002764,0.020554112168341798,0.008802046149544163,-0.005121606432721637,0.0023357991481730567,-0.006267533188338503,-0.0015355417529331339,0.0124402090267981,-0.004868875086266322,0.01108016398754863,0.02751965128671474,-0.02286512949984243,0.0,-0.0015355417529330229,-0.010000000000000009,0.003638069511024189,-0.00026224982746725356,0.0033333333333332993,0.0012926357374137831,0.0017977915804002764,-0.0033333333333332993,-0.0012926357374138941,-0.003576239348852539,0.0062408820375235985,-0.0023357991481731677,0.0017977915804001654,0.0,0.011535541752933032,0.010000000000000009,0.016666666666666607,-0.004868875086266433,-0.004687272466143089,0.0017748529265130264,-0.0006963928494084781,0.03689942686268599,-0.0036380695110243,-0.008531679298585448,0.00565048569903015,0.03037491537417969,0.020000000000000018,0.012335799148172955,0.005869836733122691,-0.051236560533281184,-0.0036380695110243,-0.00670266126682828,0.012045261373796468,-0.00666666666666671,0.01248455391577774,0.014604566947060915,-0.029348249065239917,-0.002228339760402487,-0.0031000619432515197,0.0,0.002123929881777342,0.00720467423443949,0.0019555863181860422,0.014930705248437981,0.0,-0.0017977915804002764,0.0065952018790575995,1
0.007725746427677871,0.0009990013969154443,0.0002852762213176874,-0.008202208419599677,0.023093570193189528,-0.011596672262301877,-0.028802046149544236,0.0073079687902046775,0.00666666666666671,0.02814809854926481,0.0,-0.011030101323625752,0.00026224982746719805,-0.0023323716864769306,-0.003628434885586951,0.0008002573952400893,0.0018398771998778818,-0.0033333333333332993,0.009199742604760086,0.036456357978255804,0.02219305177132752,0.014192109573474443,-0.005406882654039158,-0.0023357991481730567,-0.0038713409011060795,-0.031020031695329076,-0.025206754533348252,-0.003944942779924798,-0.0005479267795309162,-0.009999999999999898,-0.008344629047513596,0.030346200571284343,0.0028738067159458924,5.551115123125783e-17,-0.0012308055752421332,0.0030285971556424096,-0.006035698821369118,-0.00883317626489738,-0.019724242259694436,-0.0005380075677728358,0.006666666666666654,0.003200322969873437,0.00783971798602573,-0.0015355417529330784,-0.004133590728573333,-0.006128374512572976,0.019569451819997974,0.007791120195971002,-0.0005594096914589008,-0.007191166321601106,-0.005131124913733631,0.009199742604760086,0.0015355417529330229,0.00419542089074515,-0.025636565343040818,0.007926450679294317,-0.002795325765560519,-0.016666666666666663,0.004438326906264278,-0.0006790451823150967,-0.013411190798090056,0.00870736426258617,-0.008354147528525646,-0.0014930554027093312,-0.0437373377456316,0.018333160471321663,-0.013749202413213812,-0.005310899832339289,-0.0015355417529330229,0.004868875086266433,0.0005380075677728358,0
6.183016217170545e-05,0.031056336857318623,0.005653864091708982,-0.006236118486664666,-1.1102230246251565e-16,-0.015256558963494538,-0.0031616075191025494,0.007162187884215798,-0.019174191629070858,-0.0007968299335439633,0.006666666666666543,-1.1102230246251565e-16,-0.0043443754313318705,0.012284130378214464,0.0034919046260636355,0.0017977915804001654,-0.009322366993217868,-0.00010745938777062536,0.0038254270891863174,0.01285687134141128,-0.006861600558528025,0.0005669860051580877,-0.007233652671824908,-0.008202208419599843,-0.014282345496178184,0.028896473638824083,-0.0033369522230561888,-0.0012597840126276072,-0.003483657023878206,0.0026598791378120157,-0.011429166928799472,-0.003584418146021451,-0.003288723132016891,0.004330867518493597,-1.1102230246251565e-16,0.008202208419599566,0.0033333333333332993,0.031464076965323995,0.0015355417529330229,0.01869772963714872,0.014438326906264176,0.0054572632151106415,-0.004868875086266378,-1.1102230246251565e-16,-0.016267502999696093,-0.012675095835261274,-1.1102230246251565e-16,-0.004544595323645428,0.003964301178630836,-0.012335799148173121,0.008989433916348877,-0.012031062970482287,-0.007369099299573356,0.024284949985988402,-0.009002465814839822,-0.0007387118193891706,-0.01943301399484193,-0.0035955831608004973,-0.006333528182516035,0.00030473617769083416,0.012736430026898893,0.0024712457759213935,-0.001797791580400332,-0.0033333333333335213,-0.014813276361858474,0.00011697786878261951,-0.006883403412960287,-0.021447542321535895,-0.003333333333333466,-1.1102230246251565e-16,-0.018636184061298022,0
0.0015355417529331339,-0.03275408263245322,-0.0024712457759213935,0.019069765770443226,0.0033324176341112954,0.01242978138232842,0.0050381646362088195,0.008464458247067042,0.005131124913733742,-0.01592795484727738,-0.011694675353547845,-0.0033333333333332438,0.014301889081108465,0.007538388849515798,0.03263925954213576,0.0033333333333335213,-0.0034502597271596214,0.011124337384879113,2.220446049250313e-16,0.014418866949890974,0.035989500423128595,0.03030473617769114,-0.016845351446303114,-0.009147621629098879,0.0064044168391995115,-0.041587037636864554,0.004818494525195005,-0.003960824887214165,-0.0319653176731875,-0.008591586679346286,0.010262249827467429,0.006666666666666765,-0.0021665095982305593,0.0033333333333335213,0.0010552939344814494,2.220446049250313e-16,0.0002757577403056932,0.014868875086266498,0.010517380613335792,0.0040200434219841985,-0.0006937137066914678,0.013136341129733942,0.0022656589740130406,2.220446049250313e-16,-0.00307108350586599,0.009729828134810159,0.0033333333333334103,-0.006465547348568135,0.008723280612838225,-0.009261572766931625,0.022283797417434803,0.004133590728573444,-0.004658014885322359,0.001535541752933245,0.005160103351118994,2.220446049250313e-16,0.0013867869853285697,0.0033333333333335213,0.007246244885441067,0.007986827150624154,-0.045455923569480916,0.00591493129374232,0.004413556563891086,-0.0012308055752420777,-0.0033333333333332438,0.019901124103338774,-0.0030285971556421876,0.009166314749048388,-0.005435861091424465,0.0033333333333335213,0.0011049935729310345,0
0.00666666666666671,0.007463496600210617,0.005202589701342686,-0.0059279548472775945,0.007268291062874521,0.026799677030126645,1.1102230246251565e-16,0.0138713409011062,-0.01032779203765588,0.022907222889549717,0.0017977915804002764,-0.0009975341851602426,0.00666666666666671,0.0,1.1102230246251565e-16,-0.041136378085962044,0.004072045152722525,-0.007897472241908732,-0.0025365033997893915,-0.03214316114068361,0.004392413094344572,0.0006800694898659865,0.015023665525963126,0.0038713409011061906,1.1102230246251565e-16,-0.016546718390339943,0.002289197367866147,-0.008202208419599732,-1.1840928101136683e-05,-0.0033333333333332993,-0.0017977915804002764,0.009276659788250319,0.012899357691635083,-0.004376496744092351,1.1102230246251565e-16,-0.0015355417529329118,0.004868875086266322,-0.004705996973193738,0.0,0.005435861091424576,-0.007943386053828383,0.011535541752933032,0.003391451447488092,0.026380578451224657,0.010997534185160363,0.028029793077784415,0.0007807974388667205,1.1102230246251565e-16,0.012926034293715305,0.02721461143381876,0.028888918508250483,0.010258822365771247,0.009261288180610894,0.01956945181999803,0.021907958578663678,0.0036486174840713037,0.00903620780308434,0.007696767990292508,0.007466924061906743,-0.020899212225353958,1.1102230246251565e-16,-0.014130163266877327,0.012562670347130322,0.007897472241908732,-0.001998211245695769,0.02293538248043947,-0.0015355417529329118,0.028587833985089572,0.0009975341851603536,-0.0030710285882700195,-0.012102527758091286,0
0.0332571068276043,0.030135446627748474,0.05796923182462643,-1.1102230246251565e-16,-1.1102230246251565e-16,0.03431107370116393,-0.0015355417529330229,0.0115088971204792,0.01484223045381261,-0.003943725842039614,0.003058361911823626,0.0005029716759423764,0.01153554175293292,0.013111956712212325,0.00893684317926735,0.03713970119689236,0.0,-1.1102230246251565e-16,0.02517969918277596,-1.1102230246251565e-16,0.0,0.0015355417529331339,-0.03733113336758165,0.0066666666666664876,0.01994078171071967,0.02021755166056005,0.0458813530669705,0.0033333333333331883,0.0028010961253157607,-1.1102230246251565e-16,0.005173611263957323,-0.012102527758091397,-0.0023976293103449287,0.0033333333333334103,0.01666666666666672,-1.1102230246251565e-16,0.017042147429981114,0.016280521656446112,0.04103381337164258,-1.1102230246251565e-16,0.0357343696848591,0.026993472804527463,0.0033333333333334103,0.035434001826553985,-0.0033333333333335213,0.0462986906184043,-0.0010067166048950416,-1.1102230246251565e-16,0.004868875086266433,-0.04120940345155588,0.0024712457759215045,0.012869641883940353,-1.1102230246251565e-16,0.019131684858331832,0.03289424767443894,0.0031000619432512977,-2.6644632453609596e-05,-0.007897472241908954,0.03748982464877404,0.002920759815321361,0.0,-0.012101127792455646,-1.1102230246251565e-16,0.008243081625945892,-4.602908624518065e-05,-0.0002622498274673646,-1.1102230246251565e-16,0.0012308055752421332,0.0015355417529329118,-0.0033333333333332993,-1.1102230246251565e-16,1
0.00023327139008186282,-0.0074053784860557414,-0.015837231061059165,-0.002102527758091194,-0.00433429498018964,0.010754343583320225,-0.006666666666666654,0.005131124913733631,-0.04641286351201024,-0.0453218890911157,-0.006928916494133852,0.000862087557411767,-0.006384873254269258,-0.008231186856985068,0.0005380075677727802,0.010262249827467235,0.0009357040229885094,-0.0007387118193891151,0.012730068141692696,0.020967960053886264,0.0017977915804002764,-0.003161607519102355,0.0,-0.0015355417529330506,0.0013022703628511878,0.0,0.003763881513335482,0.007897472241908815,-0.014477101196153391,-0.02339487890918418,-0.0012308055752421332,-0.019351825433963965,-0.012384321170488571,0.0015355417529330784,-0.005669132481506384,0.0,-0.0030285971556424096,0.0023976293103448176,-0.005063431025577214,0.0023357991481730567,-0.007602370689655191,-0.006712220371511868,0.0027663473281752116,-0.019523938738824187,0.0,-0.006666666666666654,-0.003333333333333355,-0.0011412727594133643,0.0,0.0,-0.025173611263957313,-0.043424492789503805,0.0,0.00247124577592156,-0.0015355417529330506,-0.008000766797673836,0.001230805575242161,0.01016396913884604,0.001230805575242161,0.0,-0.04305302671055519,0.0,-0.0030710835058661012,0.006666666666666682,-0.09876956884565766,-0.019972930565080926,-0.009264715642306909,0.0,-0.004868875086266378,0.003333333333333355,0.0,0
-0.006666666666666599,0.005995270782883644,-0.014621267737333576,-0.026899938056748562,5.551115123125783e-17,0.006080137076578451,0.04389907411375671,0.0023357991481731677,-0.0021025277580911106,0.002746803743245041,0.021864706785260313,0.002397629310344873,0.009869136265828637,-0.007153005464480888,-0.005952784432659786,-0.004634775650171896,0.003184578565728624,0.012280008530360986,-0.00046531737716337673,0.0,-0.0003502492588645101,5.551115123125783e-17,0.014105724923521523,-0.037719569094065986,0.018058888365900805,0.0015355417529331339,5.551115123125783e-17,-0.008464458247066875,0.0,-0.009064295977011472,0.0033333333333334103,0.01538364674953413,0.01952510693101822,5.551115123125783e-17,0.0035452025997290693,0.013406404226978197,5.551115123125783e-17,-0.0015355417529329674,-0.010262249827467151,0.0022159699486197226,-0.019707079049722964,0.002536503399789447,-0.01734012086218789,0.00843262847891102,0.02173596141822859,0.0017977915804002764,0.003333333333333355,-0.04290476509069646,0.007897472241908898,-0.008099548476950214,0.012471245775921624,-0.00010626841738098358,-0.004006787528854583,0.022261483029793472,0.0,0.0,0.005669132481506467,-0.0030710835058661012,0.004615807678534034,5.551115123125783e-17,-0.04942228641144758,-0.0005895034517042763,0.006180327868852531,0.0,-0.060061046880811986,-0.057483904099094985,-0.004868875086266378,5.551115123125783e-17,-0.003333333333333355,-0.011400095125184528,5.551115123125783e-17,0
-0.0037147117387095197,0.031560517797366905,0.00025882236577101647,0.029517095012204564,0.03397908487519752,0.025131124913733593,0.0023976293103445956,0.0,0.02043856966156188,0.06351081320549123,0.005736132323127641,0.009411611871155579,0.0015355417529330229,0.013071083505866055,0.0,0.03991683460654749,-9.21160911788732e-05,2.220446049250313e-16,0.021564520190318404,0.0,-0.018727192433837136,-0.00740195102435981,0.019092167942663774,0.0051370417325403706,0.0,0.0877781323340634,-0.0033333333333332993,-0.0017977915804002764,0.01217981773808674,0.0,0.008506944597290622,0.07433678433730029,0.007939958592132479,0.0024287573290068254,0.0,-0.02339516349550541,0.016035698821369015,0.0,0.05670384388455618,0.03021186926639563,0.0015355417529330229,0.0,0.037401951024359614,0.027527344964589306,0.0038713409011059685,0.0023357991481729456,0.01963245941865599,0.07783573841574087,0.0038713409011059685,0.08778114381245705,0.029478927806761313,0.0033333333333332993,0.0,0.00026224982746725356,0.0,0.0,0.029883683067964517,0.0,0.02145303922125641,0.0033333333333332993,0.022268483212567025,0.0,0.0,0.0030986485723559776,0.008418429160821805,-0.009183634342343594,0.00026224982746725356,0.0015355417529330229,0.0,0.0,0.018940920238988856,1
0.0012308055752421332,0.03428953082645447,0.004315066442566851,0.029006769489769102,0.004920876817004705,0.013333333333333308,0.002261483029793343,0.006066828936722168,-0.013638069511024198,0.07525927836292423,-0.012073549320705812,0.011104993572930932,-0.005532694656350534,0.0052462641836819035,0.00414495858381092,0.005866409271426676,-0.006305969659056276,-0.026746947726982717,0.0029027851533312,0.038333363458727066,-0.017564836228010194,0.0059279548472775945,-0.02832450052584734,0.0030710835058661567,0.005435861091424576,0.10386466853875775,0.01499008729919138,-0.0033333333333334103,0.01571765450382201,-0.003628434885586951,0.0,0.0,0.05636600754869725,0.0033333333333334103,-0.00026224982746725356,0.0179399585921326,0.006152594656201993,0.0,0.02227082611062603,0.013333333333333308,0.0,0.0033333333333334103,0.0012308055752422442,0.0033333333333334103,0.012397629310344938,1.1102230246251565e-16,0.0,-0.010067221051518582,0.019245656416679746,0.03781333149104282,0.02820220841959975,0.01000000000000012,-0.011338549549333665,-0.008723509568887566,0.034369067415347176,0.01333333333333342,0.01942546060325223,-0.0033333333333332993,0.0,0.015435861091424474,0.12870197282997198,-0.007452778342998401,-0.016172222828118477,0.006128659098893929,0.015313568985176773,0.008535923034676096,0.002899357691635185,-0.0003365659458468562,0.008210635662524224,0.02031961949326111,-0.001363815938702051,1
-0.0033333333333334103,-0.0035955831608006084,0.007254491522402873,0.0005991380771415145,-0.011796134492551291,0.008900757664522474,-5.551115123125783e-17,-0.0015355417529330784,0.049319873433033845,-0.03307397630258263,-0.003333333333333355,0.0,-0.0014702841290651358,0.0,5.551115123125783e-17,-0.01638129707911956,0.004330867518493597,0.0,-0.026359494224687086,-0.006944291734052588,0.0023976293103448176,-0.0033333333333334103,0.004868875086266433,0.004868875086266433,0.000258822365771072,0.01657333584703835,0.0015282108151933316,-0.00187210769877999,5.551115123125783e-17,0.022441488162096568,-0.01846445824706694,0.01268608903070928,0.0033333333333332993,-0.010462954079083653,0.020919587899754566,0.012228339760402385,0.0,0.022102127027345153,0.005393374741200774,-0.00623611848666461,-0.0033333333333332993,0.0015355417529330229,-0.001999233202326145,-0.020157839948842182,0.004055847148497604,-0.03356660472341516,5.551115123125783e-17,0.00023911354211858526,0.02625729605649424,-0.001133395879390875,0.004392413094344516,-0.016611478336384267,-0.0023357991481730567,-0.005899260996213074,-0.003333333333333355,0.001314329405704695,0.004438326906264223,0.0012308055752421332,-0.0007387118193890596,0.0007968299335439633,0.01528618588305869,0.0023282625563934567,0.00846445824706693,-0.0021025277580912216,-0.027563205190670348,0.017666059390583022,-0.0027663473281752116,-0.008804577083729892,0.01058487881473863,-0.0030710835058661012,-0.017612008847948446,0
-1.1102230246251565e-16,-0.008464458247067097,0.009134073966466705,-0.006666666666666932,0.024058537239884048,-0.002407263935782167,0.0033333333333332993,0.009999999999999787,-0.013933171063278071,-0.01572860420832367,0.00820220841959951,-0.004772580713275243,0.004542736784889034,-0.010968555747775,0.004697149272035239,0.0032293014072586335,-0.000899749589845622,0.0023976293103447066,-0.012228339760402607,-1.1102230246251565e-16,0.0017977915804001654,-0.011273291925466,0.002294140843961845,-0.0015355417529331339,-2.220446049250313e-16,0.01248506559693674,-0.008740215987372624,0.0015936598670877045,-0.001535541752933245,0.0066666666666664876,0.0033333333333332993,-0.009708771735147614,-0.008724471583227866,-2.220446049250313e-16,0.0015355417529329118,-0.0023357991481731677,0.011961490143548636,-0.0017977915804003874,-1.1102230246251565e-16,0.005998582100154248,-0.0045312871837892565,0.002102527758091055,-0.00033758790247728765,0.024803450082155343,0.0,-0.008613412787653818,-0.0023976293103449287,0.0033333333333331883,0.0012308055752420222,0.0028839681081589408,0.020433975641698243,0.005131124913733465,0.0018402779306238015,0.02486842923762389,0.004868875086266322,-0.006184197283985782,0.00973960871128876,0.0073304862367504775,-0.0076352224144417,-0.004868875086266544,0.05148363080251933,-0.003595583160800664,-0.004868875086266544,-2.220446049250313e-16,0.0015355417529329118,0.009073930602448654,-0.0030710835058662678,-0.0011668237351027955,-0.002547668414568882,-1.1102230246251565e-16,0.008678269680775341,0
-0.0017977915804002764,-0.06522421021346769,0.0,-0.009535608897803971,-0.004272874426547946,0.010227282641888047,-0.00043397564169822544,0.0007547443140663024,-0.014229396878916778,0.011230805575242087,-0.032228339760402513,0.007328334558782956,0.0,0.004681759688559273,-0.0009975341851602981,0.02047646199192188,-0.017339921089205845,-0.0009975341851602426,0.012902785153331209,-0.011529423349751267,-0.003333333333333355,-0.013595583160800617,-0.0056981109188917745,-0.010000000000000009,-0.0015355417529330229,-0.036666666666666736,-0.0021025277580912216,-0.006099680661508566,-0.008202208419599732,0.009695263822309064,0.01233579914817301,0.0023976293103448176,0.011641810170314126,-0.011535541752933032,-0.01867818605221866,-0.003333333333333355,-0.0240716444219764,-0.006066828936722168,0.0,0.006928916494133852,-0.0056691324815064115,-5.551115123125783e-17,0.015393374741200783,-0.007864620517122445,-0.005131124913733631,-0.02459311734596087,-0.008202208419599732,-0.0036284348855870063,0.0,0.004123765397637313,0.003333333333333355,0.022901669703695282,0.0013702701313480503,0.002335799148173001,-0.006666666666666654,-0.003057934242520377,0.0015355417529330229,0.0,0.008616640476367676,0.0,0.010420943384694237,-0.012335799148173121,-0.0028568713414114932,0.0,-0.008002458251459232,-0.0017977915804002764,-0.00272386097795152,-0.02183014750842216,-0.0015355417529330229,0.0,0.0034406765766786807,0
-0.0005669860051581432,0.0018112994932385496,0.0016741289341720145,-0.014288381168269915,0.01179779158040023,0.01093505442496312,0.055409416374417875,0.002335799148173112,-0.001797791580400221,-0.043429154983943064,0.0033333333333332993,-0.011429073562569891,-0.004392413094344516,0.019213046872348427,-0.006304100465353346,0.00018095970892217927,-0.0033333333333332993,0.0,0.03123945364060693,-0.016142167011732267,0.002746803743245041,-0.008020847979931467,-0.023830912862620623,0.0,-0.015330460015392067,-0.02662318911903555,-0.0038254270891863174,-0.014185086612504949,0.0,-0.014330867518493662,0.010304736177690899,0.0015355417529330229,-0.0033333333333332993,-0.008202208419599677,0.003333333333333355,0.006666666666666654,-0.0033333333333332993,0.003977609318487119,-0.03602598338193147,-0.013460136533052114,0.005435861091424521,-0.010505440429307233,-0.002795325765560519,0.002335799148173001,0.014654662921811779,-0.011396228772896366,-0.01039769645521571,-0.008464458247066986,0.017985832730047335,-0.004261335769371599,-0.021628502030457908,-0.016128659098893994,-0.0012308055752421332,0.007233652671824853,-0.0004305481800020994,0.006141145055101771,-0.011535541752933087,-0.003073491943279827,-0.0073594646741360625,-0.010262249827467151,-0.01816692736563763,-0.004438326906264223,-0.010000000000000009,-5.551115123125783e-17,-0.06079926619783271,-0.03751164690343689,0.001797791580400332,-0.02067101793123277,-0.03156419707039965,0.0,0.001797791580400332,0
-0.0023357991481730567,0.010780797438866785,0.003333333333333355,0.03426213614604545,0.0,-0.017615678829511427,-0.007035384684497048,0.01666666666666672,-0.022332371686477004,-0.004042989160664923,0.008464458247066986,-0.007353233236372436,0.006024435275395201,-0.01233579914817301,-0.040262249827467234,0.010412573518012003,-0.007059248360029136,0.0,-0.009922256419924225,-0.01761142098756685,-0.0273736103930442,0.010000000000000064,-0.11718446750345352,0.0012308055752421887,-0.006666666666666654,-0.10596612349866436,-0.013857832988267815,-0.002050382508407833,0.046388218834974626,-0.019626492901556047,-0.035534576117216,-0.0041301632668772625,0.003638069511024189,5.551115123125783e-17,-0.003333333333333355,-0.0007387118193890596,-3.427461696015044e-06,-0.028269524355205633,-0.033512277210519525,0.012335799148173066,0.0,-0.01972424225969438,5.551115123125783e-17,-0.00755744807514297,-0.007233652671824797,-0.022831375283318356,0.02350262288327576,-0.007696767990292452,-0.002396551931343749,0.007871173655138619,-0.0010562757849436055,-0.00941347040991164,-0.02027473578367517,0.0,0.015190280481637397,-0.010997534185160196,0.0020416646349538103,-0.0005244996549343961,0.002335799148173112,-0.02383360034608023,0.03963829814494596,-0.02179779158040024,0.005131124913733631,-0.004593172263556933,-0.031628786616778704,-0.0064044168391994005,-0.023333333333333317,5.551115123125783e-17,-0.013255589753257524,-0.0046447861159193415,-0.014330867518493606,0
-0.0008002573952400338,0.015633137881344794,0.018865650037133253,0.003288036563145691,0.03331092708171246,0.009002465814839655,-0.00279532576556063,0.010168298352534966,0.0015355417529330229,0.052677852348622545,-0.0039003193384915535,0.0033333333333332993,0.002578589019266997,0.009064295977011527,0.0003174899684456056,0.005695798780055661,-0.0035452025997289027,-0.001616188960276932,0.0033333333333334103,0.03437213686357676,1.1102230246251565e-16,0.012640535325863955,-0.038128641839975,0.006621369896479101,0.019141440344050964,-0.004639031157880669,-0.00026224982746725356,0.025499842931564043,-0.017771660239597642,-0.012533075938093163,-0.003365163101489377,-0.0033333333333332993,0.010636722803336496,-3.627918648252404e-05,-0.006666666666666599,0.005669132481506467,0.01363806951102442,-0.015561673093735684,0.014033399936299262,0.0022222518415837555,0.02618459413222074,0.017362151513331536,0.0030910443595463244,0.02123080557524215,0.010240754337551228,-0.010057590227550817,0.006361930488975709,0.022092893132654057,0.004130163266877429,0.09166580317357093,-0.0015355417529329118,0.002594621513944295,0.0031326290817170754,0.042522975066435986,0.004295801162289559,0.004438326906264223,0.002726326547463964,0.0032590172149536967,-0.0017886091606653665,-0.0046051497020886956,-0.03396597423903325,0.0,-0.0033333333333334103,0.0010917400577709069,0.00110038348580066,0.003997152903417178,0.00576311471566171,1.1102230246251565e-16,0.00666666666666671,0.0,0.014868875086266442,1
0.021965522167712193,0.03534358530085935,0.06203469565595665,0.0039331710632779515,0.03278148795552538,0.004868875086266322,0.006404416839199234,0.008740215987372402,0.0,0.0,-0.0033333333333334103,0.006816990357211283,0.08620479766581235,0.01379534047348785,0.01433086751849355,0.03322163364147235,0.02313634112973395,-0.0017977915804003874,0.0030890345531799923,0.06467302629185279,0.0,-0.002766347328175378,0.0,-0.0030516235494927324,0.024768614059644256,0.1133737732772524,0.0,0.006371750300636969,-0.007806819714230473,0.0066666666666664876,-0.006971402844357599,0.052417171461922374,0.06264396278756001,-0.004714320431140839,-0.0023357991481729456,0.0,0.005455404676354525,-0.006344636148332805,0.03783093472025023,0.03733147743415799,0.008202208419599621,-0.0032425852543322975,0.0033333333333332993,-0.0015355417529331339,-0.005672611179020404,0.09756097187594404,0.007227051324788736,0.08684782733335261,0.014868875086266331,0.05499807247512345,0.002102527758091055,0.0033333333333332993,0.0,-0.0017328185428533427,0.010197276789920218,0.014823578316078723,-0.0015355417529331339,0.0,0.00918119181184418,0.00566570501981023,0.11659277685239577,0.0033333333333332993,0.0,-0.007170615127140234,0.04291764632581041,0.06118286427892483,-0.009807313292665265,-0.0015355417529331339,0.0,-0.011535541752933032,0.011797791580400285,1
-0.010874573513619923,-0.03146020367792318,-0.0376051212637864,-0.0009357040229885372,0.011535541752933032,-1.1102230246251565e-16,-1.1102230246251565e-16,0.005730262990875201,-0.034823362005092784,0.01794338605382856,-0.016971402844357608,0.005669132481506467,0.00969682336984412,-0.0037598328257551494,-0.007771660239597578,0.015646608236767112,-0.017094778582380288,-0.0017977915804002764,-0.0043308675184937084,-0.012694837445607454,0.0006442759851538193,-0.009627630327639636,-0.0009975341851602981,-1.1102230246251565e-16,0.003333333333333355,-0.012199361323017133,-0.015698170248106158,-0.005040200169751374,-1.1102230246251565e-16,-0.008740215987372624,0.004466465229873151,-0.006666666666666765,0.024286345634727535,-0.00017172581423097188,-0.005205441032113456,-0.00482296127434656,-0.008371497969542174,0.0009232180667804735,0.009369032154702361,0.003333333333333355,0.0033333333333332438,0.008464458247066986,0.0031000619432515752,0.0017977915804003874,-0.01333333333333342,0.012728395863313036,0.0,0.017025750059059708,0.002594621513944184,0.003994716639128704,0.028999038353143658,0.0017977915804003874,-0.005669132481506356,-1.1102230246251565e-16,0.027844240350066607,0.006190204674744848,-0.023093156303972573,0.011910249854699184,-0.014156529382460592,0.00430188908110829,-0.027350455140428276,-0.012995697056397137,0.008464458247066875,-0.012073549320705979,0.011402531389473058,0.008202208419599732,0.0005669860051580877,-0.0004920937558530181,0.00026224982746714254,-0.0008620875574118503,0.003333333333333355,0
-0.0033333333333332438,-0.025435861091424483,-0.028545542398547785,-0.004515036937838501,-0.02274521705410093,0.0030575755930278836,-0.016731639704213652,0.0033333333333334103,-0.01800150416798335,0.0432869937837686,0.010262249827467318,0.0015355417529330784,0.009186234691921757,0.0,5.551115123125783e-17,-0.010566986005158097,-0.0038109644297762424,0.003333333333333355,0.0,-0.05623169974572828,0.0,-0.019504478782450818,0.0,-0.009999999999999953,0.001797791580400332,0.03678186689124496,0.006666666666666765,-0.0033333333333332993,0.007771660239597689,0.004868875086266433,0.0,-0.002299804548011375,-0.0073594646741359515,0.0,0.0,-0.002073549320705803,5.551115123125783e-17,-0.007602370689655191,0.00026224982746730907,-0.0015355417529330229,0.004868875086266489,0.010262249827467318,-0.01586640927142663,-0.006666666666666599,0.006989292965463745,-0.0015355417529330229,0.01611420996039714,0.00973775017253281,-0.001188319225018386,-0.0013919087476673697,-0.012552535894466588,-0.0031971870527818247,-0.0015355417529329674,-0.01076117808619731,-0.001797791580400332,-0.009002465814839655,0.0015355417529331339,-0.0033333333333332438,0.005268038753237281,-0.019063020193283098,-0.03988859023224156,-0.025716085580881953,-0.013379247145253015,0.01000000000000012,0.0011840959376835936,0.001797791580400332,0.0035955831608006084,-0.006564452407203214,-0.004229897135023586,0.004542736784889312,0.0015355417529330784,0
-0.0254262264659873,-0.019128853948076452,0.006666666666666654,0.00742101024998687,0.004868875086266378,0.007084845034885989,0.011133972010316184,-0.0007259412768603757,-0.057981988864386214,0.010754744314066311,-0.0038518809447329327,-0.001797791580400332,-0.00187210769877999,0.01912504744095095,-0.006066828936722224,-0.001043047266333974,-5.551115123125783e-17,-0.012335799148173121,0.010566986005158097,0.03864623375321724,-0.006498368314131864,0.002429160156443899,-0.019444727675305418,0.01719078836905069,-0.0038418004935905636,0.011367243400398075,-0.008060085722710664,0.0,-5.551115123125783e-17,-0.0021239298817773977,0.0,0.025406882654039065,-0.03722716092176287,0.005205441032113289,0.008095740229236537,-0.010000000000000064,-0.026096117324528878,-5.551115123125783e-17,0.022966575647276555,0.008464458247066875,0.0008717221828489774,0.005435861091424521,-5.551115123125783e-17,-0.009002465814839822,0.012218978889761534,-0.004078158435641577,-0.004868875086266433,-0.017258731124486337,-0.0007352843576931001,0.014462253465808095,-0.005435861091424576,0.004733428458517819,0.0,-0.0033333333333334103,-0.01846445824706705,0.0015355417529329674,-0.004288381168269906,0.0056691324815064115,0.004635603696184487,0.0033333333333332438,-0.021059079761011235,0.005131124913733576,-0.0064362466073555336,0.01179779158040023,-0.0006309678452976475,-0.051292052673909905,-0.0008002573952400893,-0.006361930488975764,-0.015342994180129299,0.0,0.006099680661508511,0
0.008949279686838008,-0.0017977915804002764,0.004492580754736908,5.551115123125783e-17,0.008288289298360119,-0.009957513649776317,0.003333333333333355,0.0010941978072335212,-0.03044675607485875,0.006057194311284819,-0.012222584802363656,-0.008769194424757876,0.003333333333333355,0.006666666666666654,-0.0063715651144130026,0.006474388763274719,-0.005561673093735786,-0.0017977915804002764,-0.01105907976101117,-0.03445355570917252,-0.0009975341851602426,-0.01986162000753111,0.0042690373563218365,0.002102527758091166,-0.0022718173080335524,-0.018769194424757885,-0.014476939969086944,0.003333333333333355,-0.003333333333333355,0.0,0.0,5.551115123125783e-17,-0.02253882702386434,-0.006928916494133908,5.551115123125783e-17,0.007664200851826952,0.003333333333333355,-0.00846445824706693,0.006702945853149123,-0.01179779158040023,0.0,-0.003333333333333355,-0.006391267575853676,0.049532032722654246,0.019307201992530637,-0.03915725625453631,5.551115123125783e-17,0.0012308055752421332,-0.0023976293103448176,-0.012740648054460124,5.551115123125783e-17,0.036435982624504565,0.0,0.0012308055752421332,0.0023357991481730567,-0.003057934242520377,0.00011349893213030704,-0.0033333333333332993,-0.005131124913733631,0.0007352843576931001,-0.033025169693946366,0.006992804968043831,-0.002102527758091166,-0.013900319338491507,0.003333333333333355,0.0015355417529330784,-0.004088077647399713,0.01090652581262111,-0.01634920338853746,-0.006128659098893874,-0.013333333333333364,1
0.009307201992530767,0.03930720199253068,-0.0023357991481729456,0.013375819683557055,-0.0015355417529330229,0.03357281188715655,0.0,0.011508897120479311,0.013938729782426718,0.06476904210546675,0.007990339153204129,0.004793427803684636,0.0552895979353325,0.010187264211932612,-0.002102527758091055,0.06910737342721829,0.0033333333333334103,0.008769194424757876,0.030710726621922757,-0.002723988248663267,0.0015355417529331339,0.0,-0.002766347328175045,0.0222053770587316,-0.006806977779223677,0.015542599183994144,0.025203898732899854,0.012766347328175276,0.005717706750548834,0.0033333333333334103,0.01999036537456289,0.020548650860103712,0.007035384684497159,0.007648284501574842,0.014868875086266331,0.010997534185160363,0.004868875086266433,-0.001208105329815412,0.04272558896738232,1.1102230246251565e-16,0.013530610123253628,0.021982801241704708,0.03744283049739061,0.015866409271426685,0.00997706134611287,-0.017139615015298815,0.0017977915804003874,0.0033333333333334103,0.02070973338200388,0.04421754147239032,0.0068673709182831555,0.01000000000000012,0.00514463282657196,0.058286242392335486,0.02287614961400497,2.220446049250313e-16,0.0015355417529331339,0.0015197290916686423,0.016078278537822288,0.0,0.08415289769792744,-0.008726708074534018,-0.0033333333333331883,-0.0015355417529330229,0.0004919784815277106,0.005271271835877611,0.0075597457621455755,0.01393317106327796,-0.01327178775748239,0.0023647775855585307,0.014868875086266442,1
0.0015943980534888214,0.006383014715513169,0.005131124913733687,0.002795325765560408,0.0022972246189483236,-0.0033490075031303856,0.0036698992791801555,0.005131124913733687,0.03097802275383066,0.012262049270087005,0.01666666666666672,0.00666666666666671,0.008464458247066875,0.0008002573952399228,-0.008999638271667276,0.027175695797054034,-0.005435861091424576,0.0023976293103448176,0.034897853523651934,0.006173797529752223,-0.0014930554027093867,0.0015355417529330229,0.04526236204491951,0.0025330759380933765,0.0,0.0030786598195652326,0.029540473382612564,0.0017977915804003874,-0.004868875086266433,0.004590026660828972,-0.008202208419599732,0.0033333333333334103,0.015160103351119059,0.004868875086266433,0.0012732919254657693,-0.004897853523651907,-0.00843262847891102,-0.0002951015522534295,0.00026224982746725356,0.0,0.016404416839199465,-0.00023399159206738407,-0.0015355417529331339,0.037791004051545674,0.0030710835058660457,0.026964700870256375,-0.0033300209265507696,-0.007897472241908843,0.019724242259694602,0.06290616755075029,0.0033333333333334103,0.0033333333333332993,1.1102230246251565e-16,-0.0036054423171572036,0.006774009910012091,0.0015355417529330229,0.0017977915804002764,-0.004269037356321892,0.03381942799045068,-0.0023647775855584197,0.0023357991481730567,0.008726708074534129,-0.013132629081717084,0.0,-0.0033333333333334103,0.002228339760402487,-0.002799915848146095,0.0033333333333332993,0.009002465814839766,0.0,0.0,1
-1.1102230246251565e-16,0.006666666666666654,0.017705952610348352,0.0038713409011060795,0.018904716550691647,0.013649599615043917,-0.004438326906264223,0.005541879276406092,0.035750998730976924,0.03630022246385789,0.0036070327619006637,0.0036380695110243555,0.007106399466724422,-0.0038713409011061906,-0.0015355417529331339,0.018653630462213744,0.0,0.014859240460829148,0.01064447575813604,-0.015457263215110872,0.03669708212716455,0.029704898447746375,-0.0016925711592150616,-0.0015355417529331339,5.559872440796809e-05,-0.007003232612513788,0.016469389876746454,0.011830643305186628,-0.005131124913733687,-0.0015355417529331339,0.0015355417529329118,0.013028597155642307,-0.009461992432227229,0.007710114663746659,-1.1102230246251565e-16,0.009461992432227173,-0.002954281037262918,0.003921721462177619,-0.02912926901455859,-0.0002332713900820016,-0.0033333333333335213,0.010476461991921704,-0.008221552231547968,-0.056198313657129684,0.0033333333333334103,-0.005435861091424687,0.0005883881288443193,-1.1102230246251565e-16,0.007966982042839854,0.004868875086266267,-1.1102230246251565e-16,0.013502622883275806,-0.0039036713020023095,0.01747655868734399,-0.0019236035827117082,0.003154409157953564,0.009401184226685844,0.007464072731135973,0.008441519593179792,0.017762365349212217,-0.01319788670558486,-0.007473011980725475,-0.007204674234439601,-0.0017977915804003874,0.02344088608733358,0.0012308055752420777,0.004791131506190538,0.0015355417529329118,-0.0012926357374141162,-0.0012308055752422442,-0.0023976293103448176,0
0.004205055516182332,0.0,-0.009002465814839766,0.0,-0.0015355417529331339,0.02649836831413166,0.008592283403416112,-0.005669132481506467,-0.0023357991481730567,0.004301889081108068,-0.00666666666666671,-0.0033333333333334103,0.0,0.0010243463655870144,0.013628434885586849,0.015406882654039,0.009031444252225018,0.003595583160800442,0.011797791580400174,0.0,-0.008966186628357242,-0.014868875086266553,0.0033333333333331883,-1.1102230246251565e-16,-0.020252590928007574,0.0017977915804001654,-0.026772019534169744,0.0009024716547033629,0.0010243463655867924,0.009999999999999898,0.025869552146801755,0.02087172218284894,0.0015355417529330229,0.0005380075677726692,-0.0004961708155746258,-0.0015355417529331339,0.0023976293103447066,0.01141291736447514,0.0035106167132801236,0.002795325765560408,0.006928916494133852,-0.002733495603388869,-0.00466743346434062,-0.0085387743654467,0.008506944597290511,-0.006099680661508566,-0.00026224982746725356,-1.1102230246251565e-16,0.005866409271426676,-0.004671598296346224,0.0033333333333332993,-0.006248322788899641,0.006066828936722057,0.000624651146841293,0.0,0.005701538380587845,-0.0069847068728075,0.013333333333333308,-0.0024422673385362526,0.0,0.031138612856669412,0.025481374172598104,-0.0007352843576931001,-0.0033333333333334103,0.03920597404252357,0.049880751376476185,0.0026405353258639463,-0.002251086760024279,-0.0007387118193892261,-1.1102230246251565e-16,0.00598623847098001,1
-0.013333333333333308,-0.028706963531840046,-0.013589543377302338,-0.0038384891763196816,-0.012594981621018797,-0.017130358116059785,-0.026844147438936483,0.005131124913733576,-0.026607924231139113,-0.0012404402006794268,-0.013136056543412988,0.005435861091424521,-0.007897472241908787,0.0007547443140664134,0.014650196172659946,0.003333333333333355,-0.016761950719948848,-0.004330867518493653,0.004330867518493653,0.026164938285376416,-0.005328117117332998,0.003333333333333355,0.006666666666666654,0.04922160391998692,-0.023987243943924486,0.004438611492585065,-0.014981916546048857,0.0,0.002700898276280672,-0.003333333333333355,0.014269321942642743,-0.006666666666666654,-0.002073549320705803,-0.03679210071642747,0.0,-0.006666666666666599,-0.0055601817411342624,0.0,0.052031815284456884,-0.0012308055752421332,-0.006928916494133852,0.006148119055267187,-0.002296733815749019,-0.00393214910664752,-0.013871340901106144,-0.0017977915804002764,-0.0033333333333332993,-0.011797791580400285,-0.022303603554705842,-0.007910534329042096,-0.0054572632151107525,0.022274253572322156,0.005131124913733631,0.0017977915804002764,0.00666666666666671,-0.004205055516182388,-0.0017977915804002764,-0.0017977915804002764,-0.0036698992791802665,-0.005131124913733631,0.00895695273366609,0.03677636254574379,0.007877928656978672,-0.0035955831608006084,-0.009400162270055468,-0.037876197740328466,0.003333333333333355,-0.002293312797949365,-0.0009975341851602426,0.003333333333333355,0.0023357991481730567,0
0.0015355417529330784,0.0035955831608005806,-0.002855702236890245,0.0,-0.03156452019031847,-0.008726708074534212,0.007358071497871321,0.005131124913733687,0.010000000000000064,-0.025856048106231433,-0.010800257395240043,0.001429073562569938,0.007907106867346136,5.551115123125783e-17,-0.005656646525298431,-0.005131124913733631,0.005082602891418125,-0.015655624568668036,-0.010923190530726795,-0.003100061943251492,-0.0053284017036538955,-0.000862087557411767,-0.00026224982746719805,-0.016731639704213708,-0.005590651531121149,-0.02078343854727882,-0.05244041410173006,0.0009975341851602981,0.0015355417529331339,-0.02931359986177065,-0.0005380075677727802,-0.036821457106363364,-0.004438326906264278,5.551115123125783e-17,0.0,-0.0017977915804002487,-0.006666666666666654,0.0,-0.005368645309644121,-0.009925683881620379,0.003871340901106163,-0.002461611150484322,-7.431611837968588e-05,-0.0323417819509309,-0.002289693908226559,-0.046335957926073534,5.551115123125783e-17,-0.0018596217425720374,5.551115123125783e-17,-0.004868875086266405,0.0033333333333333826,0.001583702596797909,0.0,-0.031060962324291702,0.005669132481506467,-0.009413470409911695,0.001888343420511418,0.0023357991481730844,-0.0012308055752420777,0.0015355417529330784,0.013964301178631011,0.022433178655381775,0.0015355417529330784,-0.003333333333333327,0.00028743806234213243,0.0,0.0027334956033888136,-0.01310291327402216,-0.0004920937558529626,5.551115123125783e-17,-0.0023357991481730844,0
-0.022795325765560592,-1.1102230246251565e-16,0.014521754771826323,0.01379257536440004,0.0006927980074693529,0.004868875086266378,0.010010427644469744,-0.009268218387604443,-0.011090574990744562,-0.018451202353937546,0.007528754224078449,0.0,0.009828274185769037,-0.0022184025610232916,0.0078238557763321,-0.003333333333333355,5.551115123125783e-17,0.004761415698495808,-0.0033333333333332438,0.002964615315502961,-0.010586529590088267,-0.0025365033997895026,0.0013541813132649239,-0.005457263215110808,-0.003763881513335454,0.011876748545133153,0.007266504396611306,-0.0019525820200968491,0.01823118685698505,0.0024845016690510646,0.0,-0.0254976912535963,0.0005635585434620727,0.0,0.003900319338491498,5.551115123125783e-17,-0.007185214278066121,0.013595583160800673,0.015131124913733529,0.010262249827467318,0.0,-0.005850492921174788,-0.0014612256345533092,0.00417873753591963,-0.0021220713430213367,0.006665946464681161,-0.0023357991481730567,0.006666666666666765,-0.003273361709917433,0.005306841969596576,0.013715731210109328,0.004405921007182734,0.01276634732817522,0.0025946215139442397,5.551115123125783e-17,0.0061612262373595406,0.000949012162844709,0.008356714272975407,0.0015355417529331339,0.00973775017253281,-0.009367564942947382,0.0006927980074693529,-0.005885869227799989,0.0033333333333332993,0.06316901655801649,0.0046279942176387645,0.0,-0.009243891728067999,0.0015355417529330229,-3.816085712021744e-05,0.008202208419599677,1
1.1102230246251565e-16,-0.015303604813262095,0.005669132481506467,0.004195420890745205,0.024658011156017734,-0.0014640769653239127,0.00666666666666671,0.009064295977011527,0.0,0.0015355417529331339,0.009737750172532755,1.1102230246251565e-16,0.039695263822309146,0.014868875086266553,-0.02586983673312271,0.06939226805920762,0.0008912657677793145,0.00802613641386507,0.02410876114319105,-0.0011049935729308125,-0.0015355417529330229,-0.006972022140047107,0.008790596548444274,-0.005131124913733576,0.02540528222071403,0.0334698573400829,0.05011349505986251,0.012545520088171225,-0.013333333333333197,0.002102527758091277,0.01714340000479264,0.03984677328192299,-0.0015355417529330229,-0.0031616075191022164,0.017768232777901627,0.010000000000000009,0.007897472241908843,-0.015224820978600118,-0.007725809341251666,0.003965768390386093,0.002102527758091166,-0.004347578827262777,0.02928627482440238,0.0,-0.0017977915804001654,0.06923671501148343,0.0,0.050493778307809434,-0.005131124913733687,0.0182738642171435,0.01325680073889679,0.004409633055199813,0.031199421062210964,0.07566433077042578,0.0012308055752421332,0.015029929976407064,0.018601478076088362,-0.025258127886434223,0.01333333333333342,-0.012848737168707158,-0.011797791580400396,-0.01637127332709054,0.04414999938405639,0.0,-0.008084396211589073,0.007949141011867278,-0.00720467423443949,-0.009662412097522721,1.1102230246251565e-16,-0.01692891649413375,0.01728463996379903,0
0.004281796051978315,-0.00279532576556063,-0.014790598390895304,-0.0031000619432514642,-0.03926352467191724,-0.0005380075677728358,0.01653464750061423,0.006666666666666654,-0.00804741797990316,0.03257088978167494,0.011187612309790707,0.0011378452977173215,0.020233271390081797,0.01228413037821452,-0.0015355417529330229,-0.0003701852295855401,0.0,-0.01746167893359951,-0.0006413021235378569,-0.01751983805660029,-0.018030482605368714,-0.016666666666666774,-1.1102230246251565e-16,0.026854338661279065,-0.002795325765560519,-0.0033333333333334103,0.009064295977011416,-0.0012905334844819372,0.0015355417529330229,-0.010997534185160307,-0.011840277930623866,0.016078087109795636,-0.013315372570995299,0.0014040318439801358,0.012397629310344771,0.000997534185160187,-0.010262249827467262,0.00026224982746714254,-0.0030710835058661012,0.0,0.0023357991481729456,0.010581951726006456,0.011502690028146578,0.0030285971556424096,-0.004868875086266378,-0.002335799148173112,-0.0017977915804002764,-1.1102230246251565e-16,-0.006432567230572284,0.002335799148173001,0.005111581328803461,0.005053546843205359,-0.0035209754978163255,0.008202208419599677,-0.001121109696165079,0.009737750172532755,0.011797791580400285,-0.005623619400332791,-0.009433013994841977,0.00543586109142441,-0.033250101047475444,0.0301032678211946,-0.010538007567772845,-0.0005380075677728358,0.007955471279290416,0.009105760370604787,0.0017977915804003874,0.0019713350612423075,0.0009357040229885372,0.0015722015829142677,0.0073594646741359515,0
0.013594976701612582,0.0017977915804002764,0.025122084699194525,-0.005131124913733465,0.023320390695259596,0.0354358610914246,0.00815962870314657,0.016944758211903777,0.007839712492587858,0.048662871094795945,0.011489808838346827,-0.010538007567772678,0.03316809036983048,-0.01269829507518494,0.010621015322711536,0.0727892900934688,-0.006157407867554365,0.004868875086266433,0.005435861091424465,0.01568512350675899,1.1102230246251565e-16,0.005131124913733687,0.0,0.0,-0.008632756599601832,0.06265539778259466,-0.0012308055752420222,0.001428082365162564,-0.01815617933335467,-0.002560915595332447,0.00406861769102651,0.003163950417161332,0.0023357991481731677,0.0015355417529331339,0.025252603400916285,0.022533075938093505,-0.0023843211704885903,0.0006362187603222713,0.002144593139269735,-0.027986868968961298,0.024256262823782015,-0.004395840556040476,-0.008464458247066875,-0.006666666666666599,1.1102230246251565e-16,0.09396612927017323,0.0005380075677728913,0.06903700209158259,0.007945097461770523,0.05272905562929575,-0.010047208771112759,0.002970837406321425,-0.006666666666666599,0.0,0.03463421112744769,-0.0017977915804001654,-0.0015355417529329118,0.020000000000000018,0.0033333333333334103,-0.02712946558386975,0.0,-0.03408823462917121,0.02207293737951621,-0.0036151267457306124,1.1102230246251565e-16,-0.001209403451555735,0.00666666666666671,-0.002547221657001497,-0.0003624959270118744,-0.0012308055752420222,0.020958171731890296,1
-0.009064295977011527,0.019864228618912128,-0.0015234708632073657,-0.0012308055752422442,0.010829235832625406,-0.005374030929252704,0.013333333333333308,0.003638069511024189,0.02743451816282516,-0.02223176722209852,-0.002766347328175378,0.0012308055752421332,0.0033333333333332993,0.0,-0.0033333333333334103,-0.012795325765560639,0.0009975341851602426,-0.01393317106327796,-0.005066151876186753,0.01608628889309538,-0.005775400898887395,-0.02153554175293315,0.01820220841959974,-1.1102230246251565e-16,-0.007382407439429639,-0.000922102743920683,-0.008065486008122846,-1.1102230246251565e-16,-0.011104702028326474,0.016466247001371115,0.009743785844624542,0.00046748193656243053,0.004836023361479924,-0.0012308055752422442,0.01875886014651762,0.010383553411158819,0.0015355417529330229,-0.0030710835058662678,0.021259784012627514,-0.0033333333333334103,-0.001496462443890345,0.00026224982746725356,0.0033333333333331883,0.0216578955343254,0.0015355417529329118,-0.0075211779103793175,0.0039003193384913315,0.041012033295406036,-0.006558922692575075,0.011046309218482264,-0.006666666666666821,0.0,-0.02618768009290584,0.009148073834801429,0.0005380075677727802,-0.0005669860051582543,0.0015355417529329118,-0.002873806715945837,-0.012156874972793497,0.0033333333333331883,0.010200704251616233,0.011797791580400285,-1.1102230246251565e-16,0.002795325765560519,-1.1102230246251565e-16,0.024567165639525435,0.0012308055752421332,-0.0013114527825861533,-0.007126193284054283,0.0,-1.1102230246251565e-16,1
-0.0032258739455627294,-0.0114900286717593,-0.004330867518493542,0.0,0.006971402844357599,0.0017977915804003874,0.0033333333333334103,0.005406882654039102,0.014094511419530664,0.01144111426365313,0.00666666666666671,0.004072045152722525,0.004868875086266433,-0.001998211245695658,-0.0033333333333331883,0.038656783928532445,0.006666666666666599,-0.014410848500961526,0.0033333333333334103,0.011483872982974597,0.003279288174438011,-0.0015355417529330229,0.0015355417529330229,-0.010997534185160251,-0.004868875086266211,0.046793329727543576,0.052598048975640355,0.01078079743886684,0.007991960322870861,0.01333333333333342,0.0005669860051581432,0.09418878230452943,0.0033333333333334103,-0.01184027793062381,0.0013213295884785259,0.00666666666666671,0.0,0.002102527758091166,0.042874091302266715,0.007939958592132479,0.036763033985372506,0.002766347328175267,0.0,0.0033333333333334103,0.0,0.00853167929858556,0.0012308055752422442,-1.1102230246251565e-16,0.004868875086266433,0.03454405772631797,0.006317519955517881,0.002274253572322138,0.0059932124711454815,0.055262455063189164,7.431611837982466e-05,0.00919517791210811,0.0033333333333334103,0.0,-0.0017977915804002764,0.00279532576556063,0.005856852881783725,-0.0015355417529331339,-0.002179817738086842,0.005131124913733687,0.006053651575263497,-0.0006538828888397186,0.0,-0.001334837501316577,0.0015355417529330229,0.006647206710293396,0.00666666666666671,1
0.004868875086266433,0.06835711500372155,0.0,-0.030997696812697484,0.02781410210410462,0.004434899444568208,0.0033333333333332993,0.01033482993793633,0.01588793866582483,0.006971402844357488,0.0017977915804002764,-0.006666666666666599,0.01314597575517118,-0.00411413077220002,-0.008397063872308652,0.002092893132654039,-0.004438326906264112,0.0033333333333332993,1.1102230246251565e-16,0.04149524098515944,0.012779008684562387,0.019002465814839664,-0.006404416839199345,0.0004920937558531291,0.011658917490955711,0.0687981999684325,0.013333333333333308,0.0012732919254657693,0.07232266242855756,-0.0033333333333331883,-0.019593559182805143,0.05486895060702024,0.04017793297797212,-0.003921721462177619,0.010708639725239277,0.0030710835058660457,0.0018596217425720374,-0.002578589019266997,-0.0033333333333332993,-0.004889655921327063,-0.0033333333333332993,0.0019776412500223106,0.02400063184006984,0.005669132481506356,0.0027950411792396768,0.05280048761916678,0.005730962643678117,0.092459291030621,0.03026273418677028,0.15303063360258962,0.0038384891763196816,-0.0013022703628510213,0.0015355417529331339,-0.0017977915804001654,0.05968535621147675,-0.009737750172532755,0.019908382329999252,-0.0005331430829642603,0.0,0.010869525601829966,-0.0005669860051581432,-0.018826575168603088,0.06447768500294382,0.006137326179140756,-0.0002588223657711275,0.03698446493149099,-0.0017943641187042614,0.008769194424757876,0.00666666666666671,0.0044414628233556686,-0.0053284017036537845,1
-0.012814869350490699,0.007615678829511419,-0.0007968299335439077,0.007512437143080475,-0.002565643076558932,-1.1102230246251565e-16,0.0,-0.0033333333333331883,-0.01688419365260374,0.0,0.03664397633409355,0.002102527758091277,0.0015355417529330229,0.0299190069937062,0.0015355417529330229,0.00033758790247728765,0.00392172146217773,0.010842743745463679,0.005082602891418042,-0.003927970213553955,0.013871340901106088,-0.01692891649413375,-0.002846994535519065,0.012795325765560639,0.009649926141314769,0.0006683499560348194,-0.0009685557477749906,-0.005669132481506356,0.0033333333333332993,-0.009031444252225018,0.0017977915804001654,0.0,0.003730651835998633,-0.0009975341851602426,0.016128659098893938,0.0025330759380933765,0.009004374817305982,-0.0033333333333331883,-0.009695263822309008,-0.002766347328175156,-0.0009046672738650674,0.007929878140990332,0.00554232928178755,0.004195420890745316,0.0030710835058660457,0.02099753418516037,0.011797791580400285,0.0036380695110243,-0.008895006427069085,0.0033333333333332993,0.012102527758091286,-0.01774529001260794,0.0017977915804001654,0.0,0.012628049369656003,-0.0038713409011060795,-0.008091758455224807,0.0,0.0033333333333332993,0.002102527758091055,0.0,-0.0037324668116615056,0.010673454195521348,0.0,0.09825755708397454,-0.00029510155225365153,0.008637286985552661,-0.0033333333333332993,0.0,0.0023647775855584197,-0.002504013872151045,0
0.0017977915804002764,-0.0023357991481730567,-0.001797791580400332,-5.551115123125783e-17,-0.01666666666666672,0.00959785412645775,-0.029419327902435344,-0.002532355736107994,-0.03028179341239745,-0.014662850423553864,-0.004868875086266433,-0.0037307452022282694,-0.00026224982746719805,0.002335799148173001,-5.551115123125783e-17,0.005342994180129235,0.014114047143643171,-0.0028469945355191206,0.019012782108664417,-0.00951384696565133,-5.551115123125783e-17,-0.005131124913733631,0.0038713409011060795,0.05536782144362676,-0.00810800254698918,-0.020874573513619765,0.007204674234439379,-0.0009975341851602981,-5.551115123125783e-17,-0.0017977915804002764,-0.0015355417529330784,-0.007664200851827008,-0.0005865295900883694,-0.008004931629679524,-0.006699899034951828,0.023618525926094036,0.0,-0.0033333333333334103,-0.009093474187378991,-0.0032590172149536967,0.000997534185160187,-0.004868875086266489,-0.011522392489587363,-5.551115123125783e-17,-0.007158760422519672,-0.002335799148173112,-0.0025330759380933765,0.002397629310344762,-0.009228000840160011,0.0,-1.1102230246251565e-16,0.03300901294704067,-0.02365947163471055,0.0017977915804002764,-0.009522600914822488,0.0074347356442580614,0.0016964060271014714,-0.003333333333333355,-0.0017977915804002764,-0.003981408499272587,-0.00048798462576959967,0.0215973719151048,-5.551115123125783e-17,0.002102527758091166,-0.007867794151720509,0.0023357991481730567,0.002073549320705803,0.0007968299335439077,0.004330867518493542,0.0059932124711453705,-0.0020568385000280798,1
0.01432743726073632,-0.0005998377299444857,0.016308159439531844,0.02136967966468667,0.013595583160800673,0.012640535325864066,-0.014238000607198265,-0.011535541752932976,-0.017301346559981112,-0.0033945943228635422,0.0015355417529331894,0.004868875086266544,0.01951750233598637,-0.00543586109142441,-0.007273359320003225,0.02416644245335975,-0.00887414650415691,-0.0033333333333332438,0.0009357040229885372,-0.0038715418588701755,0.002027635508786152,0.024176077078797098,0.014344375431331935,5.551115123125783e-17,0.013736784536815871,-0.023271787757482343,0.0028122611400950293,0.010874573513619812,-0.012627027413025682,0.02307108350586623,0.004868875086266433,-0.015131525644479782,0.005837430834041368,-0.00026224982746719805,0.013545202599729023,0.025592088554233672,0.008283876983838423,0.0002622498274673646,-0.013492797247903643,-0.02177103541410913,0.010534580106076774,0.0006638195700840455,-0.002102527758091277,-0.06755687611262823,0.006666666666666654,0.04647348355489611,0.0,0.01709721484666893,0.014182112750888876,0.023838680186254513,-0.0025365033997893915,-0.005131124913733465,0.0,0.05716429845856413,0.019242228954983676,0.0033333333333332993,1.6653345369377348e-16,0.006637688229281347,0.002335799148173223,-0.005131124913733631,-0.035554281772686214,-0.013136341129733886,-0.01550086488819441,0.0035921556991044268,0.009245255685933651,-0.0008296816583303612,0.0010590797610112168,0.0006094723553817794,0.017033233006529314,-0.0033333333333332438,0.0015355417529329118,1
0.014288381168269887,-0.026362506619901138,0.006666666666666626,0.006132086560589889,-0.007664200851826952,-0.0012308055752421332,0.0012308055752421054,-2.7755575615628914e-17,-0.027295198247675706,-0.019176073299708496,0.006666666666666626,-0.0065372490623995805,-2.7755575615628914e-17,-2.7755575615628914e-17,0.01203106297048212,-0.005364396303815494,-2.7755575615628914e-17,0.00692891649413388,-2.7755575615628914e-17,-0.0031360565434130627,-0.000599837729944569,0.004745098617497612,0.002766347328175156,-2.7755575615628914e-17,-0.01303823178107974,-0.021123061601150628,-0.016777672592906606,0.0033333333333332993,0.0007531744787991623,-0.003921721462177702,0.006666666666666626,-0.05264852290294139,-0.007359464674136035,0.0024616111504842664,-0.0015355417529330784,-0.0018559096945551523,-0.02619340562172212,-0.02052449965493444,0.004765201809684372,0.0,0.007516938996664474,-0.0003240799896390423,-0.0021025277580912216,-0.010673454195521348,-0.0014930554027093867,-0.0030710835058661567,7.431611837968588e-05,-0.011448644869251318,0.0,-0.017897472241908824,-0.03251956802525502,-0.003333333333333355,-0.003333333333333355,-0.027349572970622543,-0.01031691145861971,0.0,0.0060397595018030215,-0.017146269212078985,-0.011422619431124048,-2.7755575615628914e-17,0.0030285971556424096,-2.7755575615628914e-17,-0.0072550547955110845,-0.03798799625514504,-2.7755575615628914e-17,-0.044667795243292896,-2.7755575615628914e-17,-0.025902403871588292,0.0,0.021554600978560226,-2.7755575615628914e-17,0
-0.0009975341851601316,-0.004669736963312965,0.0,0.0017977915804003874,0.0017977915804003874,0.014704195623454375,-0.0003699938015586657,1.1102230246251565e-16,0.015063067167305766,-0.0005961256819274618,1.1102230246251565e-16,0.008921376654058677,-0.005131124913733465,-0.011334867689959394,-0.022060284498375937,0.024012486372899988,1.1102230246251565e-16,0.005435861091424465,-0.00014870252087795244,0.015364396303815697,-0.005361369572865371,-0.014868875086266331,0.0017977915804003874,-0.0033333333333332993,0.005828104468196926,-0.000692798007469464,0.030817151261195552,-0.009999999999999898,0.06198977757544222,0.0,-0.018111740331174797,0.021250026661637333,0.0,-0.010908291714265772,0.002594621513944295,0.00666666666666671,-0.009737750172532644,-0.014872302547962568,-0.0002622498274673646,0.023975527989061107,-0.002102527758091055,0.0221313035765891,-0.00824128772864241,-0.0023357991481729456,-0.005606047671105507,0.018299041984525477,0.002578589019266997,0.09361302356470574,0.022212423410150395,-0.06998726486271489,-0.0042822932494511745,0.0,0.011733809740260837,-0.03187268382970543,-0.00023327139008177955,0.013715359491019874,0.01729548283399651,-0.009999999999999898,-0.0033333333333332993,-0.012254318525301566,0.056267694427722614,0.0,0.0017977915804003874,-0.010357044026536033,1.1102230246251565e-16,0.005131124913733687,-0.016653136320967432,0.0036610322126950923,0.004330867518493764,-0.002361634710183136,-0.007466924061906743,1
0.004788227878922413,0.0033936962837499696,-5.551115123125783e-17,-0.003638069511024189,0.001188225858788916,0.002762919866479141,-5.551115123125783e-17,0.006666666666666654,0.03387737657319795,-0.01227385284157606,0.011080882615443433,-0.0019332382081487798,0.0015355417529330784,-0.0015355417529331339,-0.0131360565434131,0.001797791580400332,0.003333333333333355,0.007017558836732385,-0.01666666666666672,0.01219824600015712,0.013028597155642418,0.0042690373563218365,0.0035674327694278363,-0.0017977915804002764,0.014943366604825425,0.003165034980798398,-0.013462572797340588,0.0033333333333332993,0.0,-0.007204674234439434,-5.551115123125783e-17,0.005869836733122746,-0.03703490032519413,-0.008075388118775895,-0.003333333333333355,0.012335799148173066,0.0067284968288383595,0.01105907976101117,0.010202762563354395,-0.006912997821997169,-0.00900246581483971,0.009064295977011472,0.01513112491373364,-0.0033333333333332993,0.0007387118193891151,-0.028212154625010033,-0.0037588826268071807,0.00652968964957612,0.0033951634955050602,-0.011215185741423273,0.02002897843738538,0.015612169799232578,-0.003933171063277896,-0.0033333333333332993,0.0023357991481730567,0.005607586905655493,0.003333333333333355,0.00666666666666671,-0.020692914151894615,0.0,0.0033333333333332993,0.015393374741200894,-0.023028597155642427,0.003333333333333355,-0.014133590728573342,-0.018734548676139717,0.01257858901926695,-0.003333333333333355,0.004564138908575488,0.003333333333333355,-0.0036284348855870063,0
-0.01179779158040023,0.0036380695110243,-0.0070363758819044775,0.0056981109188917745,-0.004382536288452088,-0.002027635508786041,0.02222933095780999,0.013699993039425595,-0.006666666666666654,0.024236431684258375,-0.00492699320042117,-0.010796829933543917,-0.002143575893276961,-0.005869836733122691,0.006297948648836371,0.00666666666666671,-0.005911922352600296,-0.020538007567772743,0.00024278987109399575,5.551115123125783e-17,-0.007897472241908787,-0.011252207698928374,0.0012308055752421887,0.0036380695110243,0.010000000000000064,-0.00618032786885242,5.551115123125783e-17,-0.005911922352600296,-0.017032590095328093,0.005318883222641846,0.0021025277580912216,0.00666666666666671,-0.003609091073638826,-0.0031684625243271203,-0.008464458247066875,0.007466924061906743,5.551115123125783e-17,-0.003595583160800553,-0.01951104920135477,-0.002102527758091166,-0.0033333333333332993,0.008156654714754574,0.014868875086266442,-0.0033513079953234604,0.004793443645026818,0.01918605929174233,-0.0033333333333332993,-0.02189805260702221,0.0,-0.04189501058286632,0.005906552723591418,0.009051040083882078,-0.0033333333333332438,-0.02963712528763912,5.551115123125783e-17,-0.0021025277580911106,0.006404416839199456,0.011535541752933087,0.002014140052309543,0.0033333333333334103,5.551115123125783e-17,-0.006666666666666599,-0.003763881513335343,5.551115123125783e-17,-3.413606140550973e-05,-0.0063348610540566175,-0.0033333333333332438,0.03510214647634835,-0.0015355417529329674,0.008464458247067042,0.0007352843576931001,0
-0.007897472241908843,-0.027574429382020316,0.023395163495505078,-0.010389418059705668,-0.013641294763152234,-0.0008002573952400338,-0.037224018046387586,0.0033333333333332993,-0.06195486005601575,0.015204882445660095,0.026666666666666672,-0.0164693898767464,0.027771660239597595,0.01179779158040023,0.0,0.0,0.0,-0.007978119449252752,0.01782789941497548,-0.06084815033546348,0.0,-0.020579875685660387,-0.0025946215139442397,-0.00032379540331811674,0.002984158900433076,-0.0048263887360427415,-0.0010492029551188997,0.0033333333333332993,0.002869641883940177,-0.010028978437385427,-0.008464458247066986,-0.0017977915804002764,0.0007387118193891151,-0.001797791580400332,-0.01345897539279195,-0.003333333333333355,-0.0023976293103448176,-0.018769194424757885,-0.003930019439549015,0.003012678483505671,0.0033333333333332993,-0.003333333333333355,0.0012308055752421332,0.0,0.004330867518493597,0.006666666666666654,0.007664200851826897,-0.0314000951251846,-0.008509715959081399,-0.005695500326874381,-0.0008539587623020983,-5.551115123125783e-17,0.011502690028146634,0.00786777214085127,-0.001797791580400332,0.0,0.003900319338491498,0.00806077170791536,-0.0059313823089736095,0.0,0.0,0.006909572682185783,-0.02369577395307476,0.0,-0.0033333333333334103,-0.020094973431562746,-0.001037091251612221,0.016863943456586872,0.0012732919254657138,-0.005891197984664032,0.0015355417529330784,1
0.0,0.005669132481506356,-0.0023629190468023586,-0.007615678829511308,-0.002594621513944184,-0.00652247216612567,5.551115123125783e-17,0.0014712753264727318,-0.028475623261846328,-0.018453108871263613,5.551115123125783e-17,-0.010566986005158152,-0.0033333333333332993,0.0,0.00019426784877846215,-0.003715058289566031,5.551115123125783e-17,0.00749247503759598,0.007249569022076796,-0.026284468562872865,0.007077671261738694,-0.010566986005158041,-0.015131124913733585,-0.04368398332294399,-0.008367824455123185,-0.02125850822889913,-0.01882624116702042,5.551115123125783e-17,0.0012308055752421332,-0.014392413094344525,0.01602792554924426,-0.028493436684452367,0.007224018046387615,0.01073871181938918,-0.003333333333333355,0.0,-0.0009357040229885372,0.0,0.00392172146217773,-0.0009975341851602981,-0.00846445824706693,-0.01517640763532041,-0.013576239348852548,0.004130163266877207,-0.0007387118193890596,-0.008966471214678196,0.0,0.00666666666666671,-0.011535541752933087,-0.0014097297506218132,-0.040695847516615036,-0.021269326539436972,-0.0033333333333332993,0.01923573720492161,0.0025946215139442397,-0.0005380075677727802,-0.005131124913733576,0.0,-0.021230805575242095,-0.013595583160800506,0.002944551301569509,-0.01253307593809333,0.0017977915804002764,-0.009675720237378893,0.0016136219725722545,-0.05642443014830251,0.0024616111504842664,-0.0044326527244531455,0.033327266627440094,0.0,0.0033333333333334103,0
