SampleID,Dataset,DiseaseState,Acetanaerobacterium,Acidaminococcus,Actinomyces,Akkermansia,Alistipes,Allisonella,Anaerofilum,Anaerosporobacter,Anaerostipes,Anaerotruncus,Anaerovorax,Bacteroides,Barnesiella,Bifidobacterium,Blautia,Butyricicoccus,Butyricimonas,Catenibacterium,Clostridium_III,Clostridium_IV,Clostridium_XI,Clostridium_XVIII,Clostridium_XlVa,Clostridium_XlVb,Clostridium_sensu_stricto,Collinsella,Coprobacillus,Coprococcus,Desulfovibrio,Dialister,Dorea,Eggerthella,Enterobacter,Erysipelotrichaceae_incertae_sedis,Escherichia/Shigella,Eubacterium,Faecalibacterium,Flavonifractor,Gemmiger,Gordonibacter,Haemophilus,Hespellia,Holdemania,Howardella,Lachnobacterium,Lachnospira,Lachnospiracea_incertae_sedis,Lactobacillus,Lactococcus,Megasphaera,Methanobrevibacter,Mogibacterium,Odoribacter,Oscillibacter,Parabacteroides,Paraprevotella,Parasutterella,Phascolarctobacterium,Porphyromonas,Prevotella,Pseudoflavonifractor,Roseburia,Ruminococcus,Ruminococcus2,Sporobacter,Streptococcus,Subdoligranulum,Sutterella,Turicibacter,Veillonella,Victivallis
TS19,ob_gordon,OB,6,444,2,0,66,0,0,0,134,0,0,5124,97,0,2343,4,0,0,0,122,51,5,534,14,62,62,3,550,0,1,195,5,0,28,0,0,207,27,0,0,0,0,5,0,0,120,1965,0,0,304,0,0,0,4,313,0,0,362,0,6,0,1294,0,216,0,24,9,0,5,0,0
TS20,ob_gordon,OB,0,0,0,30,511,0,0,0,134,1,32,1801,176,0,1043,25,0,0,0,75,244,14,218,15,5,64,10,132,0,779,302,7,0,20,0,0,5029,81,0,0,0,0,6,0,0,116,1710,0,0,1,0,2,38,14,372,0,0,0,0,4767,4,1259,2051,207,0,23,36,38,60,52,0
TS21,ob_gordon,OB,3,44,0,19,89,0,2,0,137,3,7,4366,0,0,2770,14,0,0,0,45,85,15,356,16,53,64,23,53,0,214,125,5,0,8,2,0,1408,45,0,3,0,0,14,0,0,169,2733,0,0,216,0,0,0,25,149,0,0,0,0,10,10,804,249,277,0,29,981,151,0,0,0
TS14,ob_gordon,H,0,0,0,0,34,0,1,0,128,0,13,103,1,4,2666,9,0,0,0,19,151,38,21,2,5,14,8,44,1,127,365,79,0,3,0,0,1210,7,0,1,0,0,2,0,0,34,671,0,3,0,0,0,0,20,5,0,0,0,0,3,1,115,589,399,0,81,1460,3,55,0,0
TS27,ob_gordon,OB,3,0,1,0,61,0,1,0,14,9,11,1494,34,1,226,1,0,0,0,70,691,19,97,4,3,84,10,24,3,0,31,0,0,137,1,0,94,28,0,0,0,0,1,0,0,2,257,7,0,0,0,1,22,410,211,0,1,0,0,2,3,13,1587,374,1,74,96,2,628,0,0
TS8,ob_gordon,H,5,0,0,5,540,0,0,0,15,13,1,2402,89,0,290,12,19,0,0,59,128,45,36,5,27,0,1,159,28,138,121,0,0,153,0,0,2963,12,0,4,0,0,1,0,0,54,399,0,0,0,0,0,14,391,114,0,1,0,0,2,6,111,928,167,7,5,713,57,17,0,0
TS28,ob_gordon,OB,1,0,0,0,38,0,2,0,11,0,0,770,0,0,231,12,0,0,0,9,33,9,15,2,1,0,3,11,0,7,51,0,0,1,0,0,1353,22,0,0,0,0,0,0,0,115,239,0,0,0,0,0,0,61,19,0,7,21,0,0,3,27,342,63,0,2,372,0,1,0,0
TS6,ob_gordon,OB,1,0,0,4,46,0,0,0,27,2,31,1049,3,1,296,9,9,0,0,7,1,1,292,3,17,12,1,36,0,1,80,0,0,1,1,0,1271,10,0,1,0,0,0,5,0,48,205,7,0,0,0,0,5,28,58,38,0,0,0,841,0,122,128,112,4,9,48,39,1,0,0
TS4,ob_gordon,H,0,0,0,0,70,0,0,0,21,0,0,3341,52,0,354,4,3,0,0,4,68,7,800,6,0,0,2,59,0,84,110,2,0,1,0,0,251,43,0,1,0,0,3,0,0,38,130,0,0,0,0,0,9,16,229,0,0,0,0,0,2,41,0,293,0,0,94,122,0,0,0
TS7,ob_gordon,H,1,0,0,0,155,0,0,0,11,0,3,1131,2,0,405,10,11,0,0,131,83,6,79,2,150,39,0,75,2,2,113,0,0,684,0,0,1221,14,0,2,0,0,0,0,0,1,427,0,0,0,0,0,8,141,70,7,0,139,0,1267,10,347,194,280,0,1,70,25,1,0,0
TS5,ob_gordon,H,5,0,0,2,3,0,0,0,68,0,1,648,2,0,1882,18,0,0,0,23,33,71,429,36,20,8,32,120,0,0,439,3,0,16,0,0,581,29,0,1,0,0,2,0,0,165,2450,0,4,0,0,0,0,14,4,0,0,0,0,2,3,34,15,231,0,2,235,0,0,0,0
TS148,ob_gordon,OB,1,0,0,5,60,0,0,0,5,27,2,975,16,0,128,7,7,0,0,4,30,0,84,2,21,4,0,27,8,38,41,0,0,0,0,1,624,3,0,0,0,0,2,0,0,0,226,8,0,74,0,0,13,50,74,10,0,0,0,0,5,60,98,58,0,0,28,109,3,0,2
TS51,ob_gordon,OB,1,15,0,155,386,0,3,0,6,399,21,293,80,18,797,16,0,0,0,73,57,15,311,0,0,447,31,239,4,89,438,10,0,9,3,0,65,86,0,0,0,0,9,0,0,0,377,4,2,149,0,0,4,332,75,0,0,6,0,260,1,65,3,382,0,27,352,0,33,0,0
TS33,ob_gordon,OW,2,0,2,53,106,0,1,0,21,51,7,611,43,0,1319,8,17,580,0,284,0,0,60,24,0,8,0,227,0,476,369,0,0,541,0,0,1026,19,0,2,0,0,0,0,0,38,2278,53,0,0,0,2,6,200,39,0,0,0,0,209,0,129,182,410,6,86,623,60,0,0,0
TS2,ob_gordon,H,1,0,0,99,435,0,1,0,52,35,8,1623,0,0,245,10,0,0,0,396,41,197,50,7,0,168,4,2,0,34,11,0,0,34,1,2,681,62,0,69,0,0,3,0,1,2,427,0,0,0,0,1,45,870,253,0,0,1,0,0,21,84,907,472,0,1,246,1,20,0,0
TS149,ob_gordon,OB,0,0,0,0,43,0,1,0,50,22,1,2451,18,0,495,8,5,0,0,20,26,39,50,1,3,51,8,19,0,0,115,0,0,3,0,0,1614,1,0,2,1,0,3,0,0,48,372,22,4,0,0,0,15,50,13,69,0,0,0,0,1,742,0,134,1,32,139,104,38,1,0
TS3,ob_gordon,OW,0,0,0,0,84,0,1,0,4,5,0,1090,1,2,514,1,1,0,0,30,2,265,45,24,0,6,1,31,0,0,38,1,0,1,0,0,1140,11,0,4,0,0,3,0,0,20,704,0,0,0,0,1,0,32,19,0,2,45,0,0,0,86,97,86,0,0,487,6,0,0,0
TS57,ob_gordon,OB,0,34,0,0,0,0,0,0,7,0,0,1141,0,0,3349,3,0,0,0,1,4,67,253,0,5,0,0,5,0,17,0,2,0,18,0,0,38,2,0,0,0,0,0,0,0,0,510,1,0,0,0,0,0,6,44,0,0,0,0,0,0,122,3,0,0,4,0,69,0,2,0
TS15,ob_gordon,OW,0,0,1,19,189,0,0,0,24,0,5,459,10,0,391,44,0,0,0,48,7,2,59,11,77,5,1,27,1,324,93,0,0,0,0,0,2310,8,0,4,0,0,0,2,0,1,921,0,3,0,0,0,27,163,35,0,11,0,0,2556,10,148,364,86,25,24,380,0,3,7,0
TS9,ob_gordon,OW,0,0,0,7,176,0,0,0,6,0,0,3424,0,0,248,4,0,0,0,8,2,3,90,11,18,2,0,363,0,42,31,0,0,0,0,0,1079,7,0,1,0,0,1,0,0,0,661,0,0,0,0,1,0,99,27,0,23,1,0,2,1,255,302,132,3,13,243,0,0,0,0
TS13,ob_gordon,H,0,0,0,0,89,0,0,0,31,2,2,1406,67,0,238,16,5,0,0,43,5,16,32,8,0,0,0,84,8,0,66,3,0,3,0,0,992,8,0,2,0,0,1,0,0,2,456,0,0,0,0,0,14,117,12,0,0,60,0,0,1,32,211,75,0,6,536,21,1,0,0
TS49,ob_gordon,OB,1,0,1,1,1,0,0,0,27,0,7,342,0,3,837,5,0,686,0,78,22,6,61,26,0,42,8,555,0,0,462,2,0,616,0,1,106,57,0,0,0,0,5,0,0,7,1800,0,0,0,0,2,0,9,7,0,0,0,0,22,0,27,0,275,0,18,1040,0,0,0,0
TS31,ob_gordon,H,0,0,0,30,681,0,0,0,37,99,18,3544,0,0,1272,4,51,0,0,40,20,23,77,18,0,0,3,79,0,0,133,1,0,145,0,0,2387,27,1,0,0,0,6,0,0,225,1215,0,3,0,0,2,19,453,68,0,41,0,0,1,0,17,676,481,0,29,529,1,1,0,0
TS32,ob_gordon,H,1,47,0,0,130,10,0,0,14,0,1,1041,65,0,471,15,20,397,0,27,23,0,116,33,0,8,0,42,21,0,107,0,0,18,0,0,1307,6,0,0,0,0,3,0,0,20,254,0,0,0,0,0,9,21,44,50,0,0,0,1725,0,10,0,138,0,2,157,272,1,0,0
TS1,ob_gordon,H,1,0,0,6,146,0,0,0,3,54,0,1205,108,0,48,14,5,0,0,287,8,0,9,0,0,0,0,13,3,32,7,0,0,1,0,1,689,6,0,9,0,0,0,0,0,0,89,0,0,0,0,0,12,238,58,0,1,0,0,0,4,3,185,34,0,0,399,1,1,0,0
TS30,ob_gordon,OW,0,0,0,0,109,0,0,0,171,0,0,767,28,0,1873,4,0,0,0,26,0,45,96,14,0,0,0,0,1,0,0,1,0,0,0,0,842,20,0,0,0,0,2,0,0,39,682,0,0,0,0,0,0,11,50,31,0,46,0,0,0,62,65,88,0,1,8,0,0,0,0
TS26,ob_gordon,H,0,0,0,5,359,0,1,0,35,7,0,6360,0,0,656,3,0,0,0,328,34,75,35,11,61,3,0,95,1,0,106,5,0,7,0,0,419,10,0,0,0,0,1,0,0,0,415,0,0,0,0,2,37,300,68,0,0,113,0,2,17,24,706,201,0,35,95,0,35,0,0
TS56,ob_gordon,OB,0,0,0,0,20,0,0,0,17,0,0,1417,0,0,307,5,6,0,0,1,7,5,74,0,4,0,0,30,0,61,54,0,0,0,1,0,638,3,0,0,0,0,0,0,0,57,386,0,0,0,0,0,6,5,0,0,63,0,0,0,0,140,31,150,0,0,10,1,0,0,0
TS50,ob_gordon,OB,0,0,0,0,0,0,0,0,117,0,0,27,0,3,2196,2,0,0,0,26,75,270,9,0,3,348,0,167,0,295,425,0,0,6,0,0,90,0,0,0,0,0,0,0,0,15,3348,0,17,0,0,0,0,0,0,0,7,0,0,0,0,28,86,207,0,48,0,0,7,0,0
TS55,ob_gordon,OB,0,0,0,0,0,11,0,0,63,0,0,611,0,1,600,2,0,0,0,10,45,7,69,3,0,0,0,81,0,0,113,6,0,7,0,0,159,5,0,0,0,0,1,0,0,13,158,0,16,0,0,0,0,0,6,8,0,0,0,0,0,24,0,156,0,6,6,0,1,63,0
TS150,ob_gordon,OB,1,0,0,40,4,0,0,0,2,0,3,34,0,0,1189,29,0,0,0,45,0,4,346,4,0,71,0,93,0,0,263,0,0,6,0,0,0,1,0,0,0,0,0,0,0,244,1514,0,1,0,0,0,0,0,2,5,8,11,0,0,0,144,0,335,0,13,72,0,46,0,0
TS25,ob_gordon,H,0,0,0,0,204,0,0,0,33,10,4,2071,0,0,672,1,0,0,0,152,82,134,16,1,23,1,13,70,0,0,71,0,0,0,0,1,264,7,0,1,0,0,4,0,0,3,315,0,3,0,0,1,22,232,190,0,0,105,0,0,8,1,272,168,0,77,89,0,216,4,0
TS29,ob_gordon,OB,0,0,0,0,6,0,0,0,1,0,1,50,0,0,395,0,0,0,0,33,1,1,37,0,0,2,0,3,0,0,17,0,0,5,0,0,229,2,0,1,0,0,1,0,0,2,8,0,1,0,0,1,0,1,4,0,4,0,0,0,0,9,6,36,0,1,700,0,0,0,0
TS2.2,ob_gordon,H,2,0,0,6,119,0,0,0,3,5,0,314,0,0,17,1,0,0,0,75,17,16,2,0,3,8,2,0,0,2,0,0,0,9,0,0,159,4,1,1,0,0,1,0,0,1,82,0,0,0,0,0,7,85,68,0,1,0,0,0,14,7,41,44,0,1,13,0,2,0,0
TS62.2,ob_gordon,OB,0,0,0,0,21,0,0,0,9,0,4,217,0,0,698,1,0,0,0,17,67,90,175,6,1,0,1,15,0,1,69,2,0,9,0,0,227,13,0,0,0,0,1,0,0,1,42,0,1,0,0,0,4,10,6,1,1,15,0,2,2,139,3,339,0,17,0,1,3,0,0
TS65,ob_gordon,OB,0,0,0,0,59,0,0,0,3,0,0,218,15,0,130,1,0,0,0,52,35,1,12,0,10,2,0,14,0,7,15,1,0,2,0,0,195,7,0,0,0,0,0,1,0,2,51,0,0,3,0,0,4,15,25,0,9,5,0,0,0,61,25,42,0,3,164,0,10,0,0
TS66,ob_gordon,OB,0,0,0,72,377,0,0,0,3,0,1,485,32,0,49,0,16,0,0,33,0,1,10,1,0,1,11,5,0,0,10,0,0,0,0,0,96,4,0,0,0,0,0,1,0,0,117,0,0,0,0,0,13,210,16,0,1,0,0,0,1,9,40,42,0,0,61,0,0,0,0
TS193,ob_gordon,H,1,0,0,0,5,0,0,0,5,0,0,245,0,0,188,0,0,0,0,28,0,0,4,3,0,5,0,25,2,0,5,0,0,1,0,0,109,1,0,0,0,0,0,0,0,3,122,0,0,0,0,0,0,5,9,0,1,4,0,111,0,71,18,6,0,0,75,0,0,0,0
TS64.2,ob_gordon,OW,0,0,0,6,425,0,2,0,3,5,0,722,0,0,102,0,0,0,0,44,17,0,7,0,1,0,0,24,0,18,17,0,0,17,0,0,515,5,0,0,0,0,0,0,0,1,113,0,0,0,0,0,96,77,84,13,0,2,0,1,1,67,95,44,0,1,238,14,2,0,0
TS25.2,ob_gordon,H,0,0,1,12,208,0,0,0,13,0,8,567,0,0,422,0,0,0,0,39,19,139,12,0,26,4,1,20,0,0,14,6,0,0,0,0,339,8,0,5,0,0,1,0,0,0,246,0,0,0,0,0,11,30,73,0,0,18,1,0,0,2,79,204,0,8,71,0,195,0,0
TS4.2,ob_gordon,H,1,0,0,0,37,0,0,0,5,0,1,1022,21,0,143,0,2,0,0,15,11,12,114,7,2,0,2,34,0,25,39,0,0,2,0,0,134,26,0,0,0,0,0,0,0,6,49,0,0,0,0,1,9,16,44,0,0,0,0,0,2,25,0,66,0,5,62,47,0,0,0
TS23,ob_gordon,H,0,0,0,0,0,0,0,0,5,0,0,110,0,0,287,0,0,0,0,4,10,220,37,0,0,0,23,17,0,0,31,13,0,6,0,0,43,4,0,0,0,0,0,0,0,9,101,0,13,0,0,0,0,3,13,0,0,8,0,0,0,49,0,68,0,47,3,0,6,0,0
TS20.2,ob_gordon,OB,0,0,0,4,81,0,0,0,5,0,3,290,20,1,125,1,0,0,0,18,13,0,59,0,0,3,0,20,0,169,65,1,0,2,0,0,579,11,0,0,0,0,0,0,0,0,209,0,0,42,0,0,6,23,29,0,0,0,0,1442,0,59,53,54,0,3,0,11,0,0,0
TS55.2,ob_gordon,OB,0,0,0,0,0,6,0,0,42,0,1,1384,0,0,465,5,0,0,0,58,20,4,84,22,0,0,0,57,0,0,133,4,0,8,0,0,235,17,0,0,0,0,2,0,0,7,359,0,0,0,0,0,0,10,41,157,0,0,0,0,0,96,0,224,0,2,14,0,1,65,0
TS22,ob_gordon,H,0,0,0,0,19,0,0,0,25,0,0,110,0,0,853,0,0,0,0,103,9,22,154,10,0,32,4,120,0,0,97,1,0,21,0,0,242,20,0,1,0,0,0,0,0,34,414,0,10,0,0,0,7,5,45,0,9,18,0,0,0,20,5,233,0,106,0,0,53,0,0
TS69,ob_gordon,OB,0,0,0,26,199,0,0,0,6,0,0,951,0,0,373,1,0,0,0,19,1,20,101,21,0,3,5,1,0,1,2,2,0,19,22,0,249,22,0,0,0,0,0,0,0,71,275,71,0,0,0,0,0,16,377,0,0,0,0,0,1,44,0,10,0,513,1,17,0,0,0
TS33.2,ob_gordon,OW,0,0,0,1,3,0,0,0,1,1,2,1,4,2,136,1,1,38,0,6,0,0,20,0,0,21,0,8,0,2,48,0,0,290,0,0,56,2,0,0,0,0,0,0,0,4,265,13,0,0,0,0,0,3,3,0,0,0,0,1,0,4,6,65,0,2,79,0,1,0,0
TS49.2,ob_gordon,OB,1,0,1,11,20,0,0,0,2,0,0,329,0,0,179,1,0,472,0,18,6,4,83,5,0,147,0,20,0,0,90,1,0,245,9,0,3,17,0,0,0,0,0,0,0,0,653,0,0,0,0,0,0,3,23,0,0,0,0,227,0,80,0,124,0,9,12,18,0,0,0
TS56.2,ob_gordon,OB,0,0,0,0,0,0,0,0,1,0,0,0,0,0,946,2,0,0,0,1,55,12,22,0,8,0,4,0,0,7,12,0,0,99,8,0,1,32,0,0,0,0,0,0,0,0,9,0,1,30,0,0,0,0,1,0,351,0,0,3,0,139,0,1141,0,3,0,0,3,9,0
TS15.2,ob_gordon,OW,0,0,0,0,19,0,0,0,12,1,0,35,0,0,48,3,0,0,0,0,31,14,12,0,0,5,0,8,1,44,32,0,0,0,0,0,514,1,0,2,5,0,0,1,0,0,226,0,0,1,0,0,0,13,2,0,0,0,0,1211,0,112,29,29,3,26,50,0,6,2,0
TS67,ob_gordon,OB,0,0,0,0,12,0,0,0,1,0,0,184,3,0,85,0,0,0,0,1,1,0,9,2,0,5,0,9,0,0,9,0,0,0,0,0,107,1,0,0,0,0,0,0,0,13,72,0,0,0,0,0,2,4,9,0,8,9,0,1,0,19,9,42,0,2,1,0,0,0,0
TS111,ob_gordon,H,1,0,0,3,81,0,0,0,2,3,1,451,30,0,251,1,0,0,0,25,12,1,40,0,0,3,0,25,0,0,41,0,0,0,0,0,189,9,0,10,0,0,2,0,0,9,116,0,0,0,0,1,9,48,80,0,9,47,0,23,4,107,35,84,2,42,66,0,11,0,0
TS127,ob_gordon,H,0,0,0,29,240,0,0,0,6,129,8,465,65,0,110,2,0,0,0,18,80,18,6,2,2,31,0,82,0,21,62,7,0,0,0,0,117,6,0,0,0,0,0,0,0,21,259,0,0,0,0,0,17,123,28,0,5,0,0,0,3,29,64,40,0,1,150,0,19,0,0
TS43,ob_gordon,OB,1,24,0,9,22,1,0,0,5,0,2,532,13,0,113,4,18,0,0,19,16,0,84,0,0,93,1,34,0,0,70,2,0,0,0,0,90,12,0,2,0,0,0,0,0,24,202,0,0,22,0,0,5,20,32,0,21,0,0,1,0,100,15,69,1,0,29,1,2,0,0
TS30.2,ob_gordon,H,1,0,0,0,195,0,0,0,21,1,0,376,29,0,145,0,0,0,0,240,0,97,60,4,0,16,0,0,2,0,0,0,0,1,0,0,461,7,0,0,0,0,3,0,2,8,211,0,0,0,0,0,0,22,28,5,0,15,0,0,2,27,20,59,0,0,0,0,0,0,0
TS38,ob_gordon,OW,0,0,0,0,11,0,0,0,15,0,1,39,1,0,652,9,0,0,0,24,18,4,6,0,0,10,0,12,0,34,64,0,0,43,0,0,68,6,0,0,0,0,2,0,0,21,267,0,0,10,0,0,0,1,0,2,0,0,0,124,1,29,47,67,0,48,127,0,0,0,0
TS35,ob_gordon,OB,0,0,0,0,13,0,0,0,1,1,0,31,0,0,71,0,1,10,0,11,114,0,9,0,11,58,0,168,11,0,53,0,0,121,0,0,525,4,0,1,0,0,1,0,0,8,207,0,0,1,0,0,0,24,15,4,12,0,0,601,1,97,17,23,0,7,32,0,13,0,0
TS129,ob_gordon,H,0,0,0,5,42,0,0,0,10,0,0,686,3,0,115,4,6,0,0,29,2,9,5,4,6,12,1,8,0,0,15,0,0,5,0,0,228,14,0,0,0,0,0,0,0,17,181,0,1,0,0,0,0,27,21,0,1,15,0,0,4,17,12,82,0,11,17,0,0,0,0
TS68,ob_gordon,OB,0,0,0,0,27,0,0,0,7,0,0,907,2,0,99,3,0,0,0,4,8,5,24,1,10,16,0,20,0,15,32,0,0,35,0,0,676,1,0,2,0,0,0,0,0,4,159,0,1,0,0,1,2,6,66,0,0,0,0,172,0,219,42,61,0,1,32,25,0,0,0
TS16,ob_gordon,H,1,0,0,0,89,0,0,0,4,48,1,1579,0,0,136,0,7,0,0,26,7,0,19,0,0,0,0,17,7,0,36,3,0,0,0,0,736,7,0,0,0,0,0,0,0,13,136,0,0,0,0,4,0,244,112,0,12,0,0,18,0,76,225,68,0,32,318,0,0,0,0
TS19.2,ob_gordon,OB,0,5,0,1,4,0,0,0,20,0,0,0,0,2,569,0,0,0,0,26,11,4,50,0,1,51,1,49,0,0,41,0,0,2,0,0,16,0,0,0,0,0,0,0,0,104,673,0,0,136,0,0,0,0,0,0,0,4,0,0,0,99,0,316,0,18,1,0,6,2,0
TS44,ob_gordon,OB,0,0,0,0,10,0,0,0,0,2,0,63,3,0,57,0,0,0,0,3,11,0,9,0,0,231,0,1,0,36,29,3,0,32,0,0,46,1,0,0,0,0,0,0,0,1,55,0,0,16,0,0,0,7,56,0,0,0,0,64,2,17,5,24,0,39,16,0,0,0,0
TS9.2,ob_gordon,OB,0,0,0,0,69,0,0,0,5,0,0,602,0,0,95,1,0,0,0,4,6,7,30,3,0,17,0,142,0,14,16,1,0,0,0,0,392,3,0,1,0,0,1,0,0,0,178,0,0,0,0,0,0,46,16,0,12,0,0,0,0,113,6,62,1,17,67,0,6,0,0
TS71,ob_gordon,OB,0,0,0,0,27,0,0,0,9,0,2,659,1,0,320,1,0,0,0,23,73,3,30,0,3,9,0,31,0,22,88,0,0,0,0,0,172,3,0,0,0,0,0,0,0,2,308,1,0,0,0,0,2,15,0,0,6,8,0,0,2,31,52,43,0,22,37,0,33,4,0
TS6.2,ob_gordon,OB,1,0,0,0,24,0,0,0,31,0,23,205,0,0,108,1,6,0,0,5,11,0,186,0,0,30,0,6,0,0,49,1,0,0,0,0,567,6,0,0,0,0,1,2,0,38,186,0,0,0,0,0,2,1,22,6,0,0,0,904,0,32,6,72,1,19,12,56,0,0,0
TS128,ob_gordon,H,0,0,0,0,63,0,0,0,4,1,0,1407,7,0,180,0,0,0,0,35,46,8,11,2,4,83,1,1,0,0,18,0,0,0,0,0,729,12,0,0,1,0,1,0,0,1,120,0,0,0,0,0,8,48,36,0,14,40,0,0,0,64,207,20,0,21,138,0,20,0,0
TS3.2,ob_gordon,OW,0,0,0,0,64,0,0,0,1,1,0,140,2,0,70,4,0,0,0,6,1,98,8,11,0,2,0,10,0,1,15,0,0,0,0,0,288,4,0,1,0,0,2,0,0,8,149,0,0,0,0,3,0,2,6,0,0,2,0,1,0,31,5,29,0,145,99,2,0,0,0
TS61.2,ob_gordon,OB,0,0,0,0,10,0,0,0,4,2,2,1053,0,0,217,0,0,0,0,11,35,2,49,0,1,6,4,52,0,0,32,0,0,4,0,0,193,2,0,0,0,0,2,1,0,1,492,0,1,0,0,0,9,65,47,0,16,30,0,0,2,25,152,119,4,5,25,1,7,0,0
TS57.2,ob_gordon,OB,0,0,0,0,0,0,0,0,18,0,0,5,0,0,841,0,0,0,0,1,86,26,75,0,0,0,0,43,0,0,1,0,0,11,0,0,1,0,0,0,0,0,0,0,0,0,190,0,0,0,0,0,0,0,0,0,0,0,0,0,0,124,4,14,0,9,0,0,0,0,0
TS109,ob_gordon,H,1,0,0,0,29,0,0,0,5,0,0,852,4,0,89,0,6,0,0,11,4,6,12,3,1,0,0,4,4,0,9,0,0,0,0,0,241,2,1,0,0,0,1,0,0,26,244,0,0,0,0,0,1,14,39,1,3,24,0,19,3,37,31,8,0,2,38,0,0,0,0
TS17,ob_gordon,H,0,0,0,0,2,0,0,0,3,1,0,301,0,0,34,0,1,0,0,10,1,0,5,0,1,0,0,0,0,0,0,0,0,0,0,0,66,1,0,0,0,0,0,0,0,5,92,0,0,0,0,0,1,24,11,0,2,2,0,0,1,12,43,14,0,0,28,0,1,0,0
TS38.2,ob_gordon,OW,2,0,0,26,105,0,0,0,2,2,2,54,12,2,140,0,2,0,0,4,3,20,19,0,1,30,4,11,0,27,30,0,0,43,0,0,374,12,0,0,0,0,0,0,0,10,247,0,0,0,0,0,7,34,28,1,0,5,0,11,1,31,17,63,0,29,15,2,0,0,0
TS72,ob_gordon,OB,0,0,0,1,24,0,0,0,3,0,0,348,1,0,151,0,0,0,0,13,3,0,8,3,0,0,0,15,0,0,7,0,0,0,0,0,90,4,0,0,0,0,1,0,0,9,136,0,0,0,0,0,2,11,6,0,2,12,0,0,0,10,106,21,0,17,35,0,0,0,0
TS63,ob_gordon,OB,0,0,0,8,139,0,0,0,20,0,5,351,0,0,112,1,0,0,0,61,0,12,35,15,0,0,0,8,0,0,18,2,0,2,0,0,75,18,0,0,0,0,3,0,0,0,104,0,0,0,0,2,0,18,0,0,0,8,0,0,0,68,15,48,0,1,3,0,0,0,0
TS31.2,ob_gordon,H,1,0,0,5,185,0,0,0,5,47,3,1951,0,0,438,2,11,0,0,6,5,0,15,2,3,0,2,23,0,0,24,0,0,30,0,0,361,9,0,0,0,0,3,0,0,11,287,0,0,0,0,0,9,111,27,0,23,0,0,0,1,15,188,140,0,3,177,0,0,0,0
TS65.2,ob_gordon,OB,0,0,0,10,210,0,0,0,2,3,3,362,68,0,267,0,0,0,0,17,20,0,2,2,44,7,1,14,0,2,14,0,0,1,0,0,290,7,0,0,0,0,0,4,0,1,79,0,0,4,0,0,14,85,51,0,16,5,0,0,1,6,8,41,0,2,103,0,7,0,0
TS26.2,ob_gordon,H,2,0,0,7,281,0,0,0,19,2,0,699,0,2,481,0,0,0,0,120,39,124,23,0,9,39,2,47,0,0,92,16,0,2,5,0,290,6,0,1,0,0,0,0,0,0,288,0,0,0,0,0,6,84,47,0,0,18,0,0,6,9,138,66,0,18,70,0,117,0,0
TS64,ob_gordon,OW,0,0,0,0,459,0,0,0,2,2,1,781,0,0,95,0,0,0,0,41,14,0,8,0,9,9,1,42,0,30,20,0,0,49,0,0,427,1,0,1,0,0,2,0,0,2,192,0,0,0,0,0,96,70,84,11,0,9,0,0,0,88,4,43,0,2,165,10,62,0,0
TS32.2,ob_gordon,H,0,1,0,1,42,1,0,0,31,0,1,323,33,1,365,4,25,436,0,10,5,4,26,4,3,133,1,35,23,0,126,0,0,74,0,0,590,5,0,1,0,0,0,0,0,22,229,1,0,0,0,0,12,31,20,15,0,0,0,677,0,52,46,136,0,7,59,120,0,0,0
TS66.2,ob_gordon,OB,2,0,0,1,166,0,0,0,37,10,0,913,29,0,240,1,15,0,0,53,21,2,37,1,10,12,7,28,0,18,43,2,0,0,0,0,314,6,0,1,0,0,4,0,0,0,308,3,0,40,0,2,12,118,32,6,2,0,0,1,0,65,70,81,0,0,188,36,1,0,0
TS1.2,ob_gordon,H,0,0,0,1,50,0,0,0,0,25,1,238,25,0,28,0,0,0,0,62,0,2,3,1,0,0,0,1,3,10,1,0,0,2,0,0,153,3,0,4,0,0,0,0,0,0,23,0,0,0,0,0,6,86,15,0,2,0,0,0,0,1,9,9,0,0,135,1,0,0,0
TS37,ob_gordon,OB,0,14,0,1,27,0,0,0,1,2,0,1231,2,0,145,1,2,0,0,7,20,3,25,1,7,29,1,16,0,0,54,0,0,63,0,0,160,1,0,0,0,0,1,0,0,11,163,0,1,0,0,0,4,3,45,0,19,20,0,0,0,102,172,36,0,0,62,0,0,0,0
TS70,ob_gordon,OB,0,2,0,0,46,0,1,0,2,1,0,340,12,0,18,1,0,0,0,27,12,2,7,0,2,3,0,27,0,0,12,0,0,0,0,0,279,1,0,1,0,0,0,0,0,5,108,0,0,0,0,0,14,36,9,0,2,12,0,0,1,7,56,17,0,0,115,3,3,0,0
TS37.2,ob_gordon,OB,0,20,0,9,127,0,0,0,9,7,2,672,11,0,170,0,7,0,0,4,64,30,48,6,2,108,3,14,0,0,69,0,0,37,0,0,622,16,0,0,0,0,1,0,0,13,242,0,0,0,0,0,15,4,58,0,49,46,0,0,4,188,176,71,0,8,44,0,5,0,0
TS50.2,ob_gordon,OB,0,0,0,0,0,0,0,0,26,0,0,548,0,1,406,0,0,0,0,12,1,474,28,0,0,449,0,55,0,40,66,2,0,9,0,0,95,1,0,0,0,0,0,0,0,2,715,0,0,0,0,0,0,0,0,0,40,0,0,0,0,36,0,150,0,5,0,0,0,1,0
TS51.2,ob_gordon,OB,0,79,0,1,45,0,0,0,2,0,0,445,27,3,66,2,0,0,0,10,0,2,41,3,0,13,1,9,0,68,29,0,0,0,2,0,96,11,0,0,0,0,1,0,0,0,51,8,0,202,0,0,4,6,46,2,3,3,0,569,0,30,0,20,0,13,47,24,0,4,0
TS34,ob_gordon,OB,0,0,0,0,5,0,1,0,1,1,0,20,0,0,158,1,1,75,0,9,72,25,6,0,0,46,1,18,5,0,65,2,0,6,0,0,290,0,0,0,0,0,0,0,0,0,71,0,0,0,0,0,0,3,3,0,0,0,0,11,0,52,15,8,0,1,66,0,0,0,0
TS62,ob_gordon,OB,0,0,0,0,24,0,0,0,1,0,0,1064,0,0,110,0,0,0,0,3,5,9,49,5,0,2,1,6,0,0,13,1,0,2,0,0,110,2,0,0,0,0,1,0,0,0,14,0,0,0,0,0,6,8,57,0,4,23,0,0,0,43,4,77,0,2,1,0,0,0,0
TS110,ob_gordon,H,0,0,0,0,44,0,0,0,4,0,1,145,18,0,286,4,2,0,0,93,5,26,0,0,4,0,0,22,0,0,20,1,0,1,0,0,70,5,0,0,0,0,0,0,0,0,116,0,0,0,0,0,0,12,2,2,0,0,0,0,0,2,105,19,0,11,312,0,5,0,0
TS195,ob_gordon,H,0,0,0,4,91,0,1,0,0,12,1,677,13,0,181,1,0,0,0,61,3,0,4,1,0,0,0,0,0,0,43,0,0,3,0,0,261,13,0,3,0,0,0,0,0,51,114,0,0,0,0,0,12,18,37,0,0,12,0,0,3,14,24,32,0,1,72,12,0,0,0
TS39,ob_gordon,OB,0,0,0,6,130,0,0,0,4,0,0,1962,59,2,118,11,18,0,0,28,36,1,44,0,8,0,4,11,5,0,35,0,0,0,1,0,612,6,0,0,0,0,3,0,0,28,294,0,0,21,0,0,15,27,74,0,6,0,0,0,5,140,78,12,5,2,108,28,3,0,0
TS7.2,ob_gordon,H,0,0,0,0,6,0,0,0,2,0,0,65,0,0,287,1,0,0,0,7,5,63,33,2,5,118,0,63,0,0,77,0,0,388,0,0,506,6,0,0,0,0,0,0,0,0,220,0,0,0,0,0,0,1,0,0,0,1,0,36,0,21,45,65,0,6,26,3,17,0,0
TS5.2,ob_gordon,H,0,0,0,2,0,0,0,0,14,0,0,43,0,0,341,1,0,0,0,5,5,20,108,2,0,33,10,16,0,0,123,7,0,8,0,0,101,2,0,0,0,0,0,0,0,51,670,0,0,0,0,0,0,2,0,0,0,0,0,0,0,10,1,132,0,2,43,0,2,0,0
TS21.2,ob_gordon,OB,0,10,0,10,3,3,0,0,7,0,0,376,0,1,444,2,0,0,0,7,26,7,55,0,7,40,12,9,0,33,54,0,0,1,0,0,154,7,0,0,0,0,0,0,0,19,360,0,0,23,0,1,0,7,4,0,1,0,0,0,1,154,56,55,0,4,98,8,0,0,0
TS27.2,ob_gordon,OB,0,0,0,27,41,0,0,0,4,13,1,52,13,1,91,0,0,0,0,17,25,3,7,0,0,45,0,21,1,0,11,2,0,50,0,0,47,5,0,1,0,0,0,0,0,2,140,0,0,0,0,0,2,86,8,0,0,0,0,0,0,8,37,86,1,28,13,8,104,0,0
TS194,ob_gordon,H,0,0,0,0,37,0,0,0,3,2,1,611,0,0,198,2,0,0,0,13,3,0,7,12,0,3,0,7,0,0,3,0,0,1,0,0,213,7,0,0,0,0,1,0,0,5,168,0,0,0,0,0,5,9,5,0,18,20,0,0,1,0,42,29,0,3,45,0,0,0,0
TS39.2,ob_gordon,OB,0,0,0,6,72,0,0,0,1,0,5,329,55,0,90,0,18,0,0,11,50,4,44,0,12,4,2,9,3,0,21,0,0,2,0,0,226,4,0,1,0,0,0,0,0,2,168,1,0,3,0,1,3,10,27,0,7,0,0,6,2,37,7,20,4,6,20,42,16,0,0
TS61,ob_gordon,OB,0,0,0,0,1,1,0,0,0,0,0,99,0,0,65,0,0,0,0,2,3,3,4,1,0,8,0,6,0,0,8,0,0,0,0,0,21,3,0,0,0,0,1,0,0,1,169,0,0,0,0,0,3,4,4,0,4,0,0,0,0,6,17,7,1,2,5,0,0,0,0
TS8.2,ob_gordon,H,0,0,0,0,17,0,0,0,3,0,0,40,6,0,11,0,3,0,0,11,1,10,2,0,0,0,0,16,5,2,3,1,0,8,0,0,145,0,0,1,0,0,0,0,0,0,20,0,0,0,0,0,0,13,5,0,0,0,0,0,0,5,6,6,0,0,17,9,0,0,0
TS13.2,ob_gordon,H,0,0,0,0,52,0,0,0,5,0,0,104,22,0,48,1,2,0,0,4,3,4,13,4,0,13,1,45,11,0,18,1,0,0,0,0,130,1,0,0,0,0,0,0,0,0,126,0,0,0,0,0,1,30,6,0,1,3,0,0,3,4,15,34,0,6,59,12,0,0,0
TS96,ob_gordon,OB,0,12,0,1,18,0,0,0,0,5,1,271,3,0,14,0,1,0,0,1,1,0,5,1,0,6,0,15,0,0,2,0,0,0,0,0,210,1,0,0,0,0,1,0,0,1,64,13,0,20,0,0,2,36,5,0,6,0,0,0,0,31,24,3,2,20,40,0,0,0,0
TS75.2,ob_gordon,OB,0,0,0,0,1,0,0,0,1,0,0,306,0,0,244,0,0,0,0,0,0,5,108,0,0,0,0,40,0,0,0,4,0,1,0,0,0,6,0,0,0,0,0,0,0,0,39,0,0,24,0,0,4,0,3,0,14,9,0,0,0,362,0,27,0,0,0,0,0,0,0
TS156,ob_gordon,OB,0,0,0,0,8,0,0,0,1,2,0,421,0,0,36,2,2,0,0,2,3,1,7,0,0,1,0,6,0,16,11,0,0,26,0,0,180,2,0,1,0,0,0,0,0,1,73,0,1,0,0,0,1,36,6,0,0,0,0,7,0,11,36,8,0,16,43,9,0,0,0
TS165.2,ob_gordon,H,0,0,0,0,361,0,1,0,0,29,1,424,14,0,18,0,18,43,0,14,10,1,6,1,7,4,0,7,0,2,8,2,0,3,0,0,54,6,0,0,0,0,1,0,0,0,6,2,1,0,0,0,18,149,12,0,0,4,0,0,0,3,72,14,7,0,18,0,4,0,0
TS11.2,ob_gordon,OB,0,0,0,0,21,0,0,0,3,1,0,691,0,0,294,1,0,0,0,7,15,19,21,0,0,5,0,6,0,21,1,0,0,0,0,0,256,3,0,0,0,0,1,0,0,3,180,0,0,0,0,0,0,0,3,0,0,0,0,0,0,19,2,29,0,6,1,0,0,3,0
TS124.2,ob_gordon,H,0,0,0,0,83,0,0,0,0,0,0,868,0,0,65,0,0,0,0,30,2,5,3,12,0,11,2,4,1,0,16,1,0,13,0,0,127,5,0,0,0,0,0,0,0,0,61,1,0,0,0,0,0,51,1,0,0,41,0,1,0,15,75,18,0,3,6,16,0,0,0
TS156.2,ob_gordon,OB,0,0,0,0,29,0,0,0,0,0,1,226,0,1,78,7,0,0,0,2,25,0,5,0,1,11,0,0,1,11,19,0,0,14,0,0,262,0,0,0,0,0,0,0,0,4,136,4,0,0,0,0,0,70,1,0,0,0,0,14,1,38,84,22,0,9,78,0,0,0,0
TS128.2,ob_gordon,H,0,0,0,0,18,0,2,0,0,0,2,315,3,0,181,2,0,3,0,16,47,6,7,2,5,26,0,1,0,2,11,1,0,1,0,0,372,6,0,1,0,0,3,0,0,12,145,0,0,0,0,1,0,11,0,0,1,9,0,1,0,136,194,16,0,17,136,0,2,6,0
TS126.2,ob_gordon,OB,0,0,1,0,26,0,0,0,0,3,1,226,47,0,25,0,8,21,0,24,27,0,5,3,3,20,1,7,0,0,7,0,0,20,0,0,100,7,0,1,0,0,1,0,0,0,74,151,4,24,0,0,7,167,2,3,3,4,0,1,1,6,17,26,0,382,21,0,2,0,0
TS76,ob_gordon,OB,0,0,0,0,23,0,0,0,1,25,0,922,2,0,42,2,0,0,0,6,14,3,10,1,5,5,0,14,0,21,12,0,0,0,0,0,473,1,0,0,0,0,0,0,0,2,127,6,0,5,0,0,8,15,3,4,0,0,0,0,1,111,16,35,0,32,58,5,0,2,0
TS110.2,ob_gordon,H,3,0,0,0,247,0,0,0,1,1,4,458,17,0,26,2,3,0,0,61,2,34,49,1,0,0,66,12,0,0,1,1,0,11,0,6,488,7,0,0,0,0,0,0,0,0,42,0,0,0,0,0,11,119,341,21,0,0,0,0,0,2,27,14,0,1,36,0,1,0,0
TS185,ob_gordon,H,0,0,3,0,13,1,0,0,1,0,1,397,15,0,197,4,0,0,0,6,2,0,8,1,0,0,0,10,0,10,20,2,0,3,0,0,510,6,0,0,0,0,0,0,0,1,252,0,0,0,0,0,0,9,0,0,5,2,0,0,1,49,4,45,0,4,127,0,0,0,0
TS111.2,ob_gordon,H,0,0,0,2,44,0,0,0,4,9,2,388,11,0,69,0,1,0,0,23,20,1,7,0,0,1,0,16,0,0,16,0,0,0,0,0,214,3,0,6,0,0,2,0,0,1,75,0,0,0,0,4,9,32,57,0,7,20,0,16,1,75,78,33,0,15,42,0,2,0,3
TS155.2,ob_gordon,H,0,0,0,0,3,0,0,0,0,43,34,284,9,0,51,0,0,0,0,53,85,0,12,0,14,11,0,11,0,0,12,2,0,17,0,1,25,23,0,0,0,0,1,0,0,0,93,0,0,0,0,0,2,112,11,0,0,0,0,44,1,2,63,10,0,0,12,1,1,0,0
TS71.2,ob_gordon,OB,2,0,0,0,24,0,3,0,2,0,1,487,0,0,95,5,0,0,0,10,9,0,22,1,1,3,0,5,0,12,18,0,0,0,0,0,369,2,0,0,0,0,1,0,0,5,204,0,0,0,0,0,6,21,4,0,3,0,0,0,1,21,42,19,0,6,42,0,1,0,0
TS85.2,ob_gordon,OW,0,0,0,0,24,0,0,0,1,0,0,632,0,0,50,2,0,0,0,5,1,2,17,2,0,0,2,3,0,15,10,0,0,1,0,0,226,10,0,0,0,0,0,0,0,7,122,0,0,0,0,0,0,1,3,0,7,0,0,79,0,57,27,24,0,0,129,0,0,1,0
TS88,ob_gordon,OB,0,17,0,0,17,0,0,0,0,0,0,1047,5,0,45,0,0,26,0,34,0,0,36,7,0,5,0,1,0,0,25,2,0,0,0,0,20,7,0,0,0,0,0,0,0,4,75,5,2,0,0,0,0,2,4,0,7,11,0,0,0,67,5,28,0,0,0,0,0,0,0
TS67.2,ob_gordon,OB,0,0,0,0,10,0,0,0,2,0,0,357,4,0,113,4,0,0,0,5,5,2,9,0,0,3,0,31,0,0,22,0,0,0,0,0,232,1,0,0,0,0,0,0,0,9,294,0,0,0,0,0,2,4,3,0,5,14,0,0,0,47,37,34,0,0,12,0,0,0,0
TS86,ob_gordon,OB,0,1,0,0,13,0,0,0,0,1,5,569,13,0,101,4,1,0,0,18,32,0,27,2,0,40,0,3,0,0,19,0,0,24,0,0,698,11,0,0,0,0,0,0,0,6,150,0,0,50,0,0,3,56,3,16,9,0,0,143,4,65,110,52,0,0,256,0,1,0,0
TS78.2,ob_gordon,OB,0,0,0,0,4,5,0,0,6,0,0,662,0,0,50,3,0,35,0,11,0,0,15,1,0,8,0,14,0,0,32,0,0,74,0,0,338,1,0,0,2,0,0,0,0,28,172,1,0,30,0,0,0,6,0,52,0,0,0,0,0,56,0,18,0,13,16,1,0,6,0
TS90,ob_gordon,OB,0,1,0,6,52,0,0,0,0,15,0,792,37,0,88,2,9,0,0,19,2,0,5,0,0,4,0,16,0,10,21,0,0,0,0,0,138,1,0,0,0,0,0,0,0,3,183,0,0,2,0,0,0,91,8,0,2,5,0,1,2,17,34,29,0,42,76,1,0,0,0
TS87.2,ob_gordon,OB,0,1,0,0,2,1,0,0,1,11,1,34,0,0,39,0,0,89,0,1,0,0,4,2,2,5,0,13,0,0,21,2,0,19,0,0,121,2,0,0,0,0,0,1,0,1,110,0,0,0,0,0,4,67,3,0,0,0,0,56,1,17,15,22,0,5,23,1,0,0,0
TS195.2,ob_gordon,H,0,0,0,10,79,0,0,0,0,8,3,541,10,0,212,10,0,0,0,55,0,1,30,22,0,0,3,0,0,0,20,0,0,2,3,0,95,19,0,0,0,0,2,0,0,0,140,0,0,0,0,1,8,25,12,0,0,57,0,0,0,44,35,29,0,1,97,21,0,0,0
TS139,ob_gordon,OB,0,0,0,0,12,0,0,0,1,14,0,26,3,0,362,0,1,90,0,11,22,0,2,0,0,41,0,22,0,0,54,0,0,89,0,0,309,1,0,0,0,0,0,0,0,13,210,0,3,1,0,2,2,3,2,2,0,0,0,0,0,37,128,77,0,8,162,4,4,0,0
TS165,ob_gordon,H,2,0,0,7,318,0,0,0,0,35,0,193,19,1,39,0,2,66,0,17,28,3,6,0,109,14,0,18,0,9,12,4,0,4,0,0,10,8,0,0,0,0,1,0,0,0,16,2,0,0,0,1,3,89,10,0,0,4,0,0,0,0,74,20,4,1,114,0,24,0,0
TS73,ob_gordon,OB,0,0,0,9,81,5,0,0,2,0,4,1053,0,0,238,4,0,0,0,14,3,10,125,4,0,7,1,0,0,0,25,1,0,27,0,0,174,20,0,0,0,0,1,0,0,0,29,0,0,0,0,0,5,5,4,0,0,43,0,0,1,43,33,92,0,2,0,34,0,0,0
TS127.2,ob_gordon,H,0,0,0,0,25,0,0,0,0,28,0,232,25,0,58,6,0,0,0,6,3,4,14,3,3,4,0,15,0,10,6,0,0,0,0,0,194,1,0,0,1,0,0,0,0,7,257,0,0,0,0,0,4,25,6,0,4,2,0,0,1,63,25,36,0,0,34,0,2,0,0
TS84.2,ob_gordon,OB,0,1,0,0,2,0,2,0,1,5,1,14,1,0,95,3,2,130,0,8,15,0,4,1,0,4,0,30,1,0,46,10,0,37,0,0,71,3,0,0,0,0,0,0,0,0,116,2,0,10,0,0,0,9,1,2,0,0,0,326,0,6,3,11,1,5,43,0,0,0,0
TS94,ob_gordon,OB,0,0,0,3,27,0,0,0,1,53,0,527,0,0,32,2,0,2,0,21,4,0,1,0,8,18,0,20,0,15,2,1,0,19,0,0,137,0,0,1,1,0,0,1,0,1,57,10,0,32,0,0,0,37,6,0,0,0,0,0,0,17,35,6,1,0,91,1,1,0,0
TS82.2,ob_gordon,OB,0,0,0,0,21,0,0,0,0,1,0,63,0,0,31,5,0,0,0,5,14,0,4,2,0,7,0,3,0,0,12,2,0,0,0,0,508,1,0,0,0,0,0,0,0,0,55,0,0,0,0,0,2,22,10,0,1,0,0,177,0,20,36,18,0,4,27,0,0,0,0
TS98,ob_gordon,OB,0,11,0,0,17,0,0,0,1,1,0,1013,0,0,273,0,0,0,0,5,18,6,35,0,0,0,0,0,0,0,1,0,0,0,0,0,590,8,0,0,0,0,0,0,0,0,36,0,0,32,0,0,4,2,0,0,3,0,0,0,0,18,53,34,0,0,0,0,0,0,0
TS83.2,ob_gordon,OB,0,0,0,0,4,0,0,0,1,0,3,615,0,0,176,3,0,0,0,16,23,1,14,2,6,38,0,21,5,0,47,0,0,1,0,0,495,5,0,0,0,0,0,0,0,14,206,0,0,0,0,0,0,8,11,0,0,12,0,57,3,61,51,25,0,1,67,3,0,2,0
TS77,ob_gordon,OW,0,0,1,0,1,0,0,0,2,0,1,1,0,1,181,0,0,0,0,2,12,9,47,0,3,145,0,13,0,13,6,1,0,4,2,0,570,6,0,0,0,0,0,0,0,8,61,0,0,0,0,0,0,0,0,0,0,0,0,7,0,155,16,10,0,10,0,16,4,0,0
TS90.2,ob_gordon,OB,0,0,0,0,87,0,0,0,1,73,0,523,27,0,177,2,6,0,0,6,1,0,10,3,0,4,0,7,0,22,23,1,0,0,0,0,109,10,0,0,0,0,0,0,0,5,201,0,0,8,0,1,0,46,1,0,0,10,0,0,0,43,92,50,0,70,52,2,0,0,0
TS12.2,ob_gordon,OB,0,0,0,0,0,0,0,0,2,0,0,276,0,0,71,0,0,0,0,21,4,0,5,0,0,11,0,8,0,21,28,0,0,1,0,0,285,0,0,0,0,0,0,0,0,12,181,0,0,0,0,0,0,0,0,7,0,0,0,0,0,23,0,33,0,10,78,0,0,2,0
TS84,ob_gordon,OB,0,19,0,0,4,0,0,0,0,0,0,18,3,0,16,2,0,26,0,7,7,0,3,0,2,3,0,4,8,0,6,0,0,6,0,0,301,1,0,0,0,0,0,0,0,0,47,7,0,26,0,1,0,5,0,3,0,0,0,527,0,3,1,1,0,0,23,2,0,0,0
TS186,ob_gordon,OW,0,13,0,0,1,0,0,0,1,0,0,479,0,0,25,18,0,0,0,4,1,3,10,0,0,1,0,3,0,0,12,3,0,40,0,0,353,0,0,0,0,0,0,0,0,3,95,0,0,20,0,0,0,12,3,0,1,0,0,0,0,7,62,11,0,3,19,15,0,0,0
TS95.2,ob_gordon,OB,0,0,0,3,40,0,0,0,1,64,0,792,0,1,47,5,0,20,0,1,3,0,4,1,1,0,0,3,0,26,4,0,0,30,0,0,301,3,0,0,0,0,1,0,0,1,98,1,0,0,0,2,10,41,0,0,17,0,0,0,0,58,73,5,0,5,111,0,2,0,0
TS10,ob_gordon,OB,0,0,0,0,0,0,0,0,10,0,0,485,0,0,140,1,0,0,0,25,18,103,24,0,0,28,1,0,0,6,46,1,0,1,0,0,432,2,0,2,1,0,0,0,0,0,132,0,3,0,0,0,0,0,5,0,0,0,0,0,0,74,3,33,0,5,13,0,1,4,0
TS85,ob_gordon,OW,0,0,0,0,0,0,0,0,3,0,0,356,0,0,166,4,0,0,0,13,5,1,21,0,1,0,4,7,0,59,33,1,0,8,0,0,93,3,0,0,0,0,0,0,0,38,442,1,0,0,0,0,0,0,5,0,0,0,0,21,0,41,58,80,0,1,52,0,2,0,0
TS91.2,ob_gordon,OB,0,0,0,0,4,6,0,0,2,8,2,135,0,1,229,3,0,152,0,3,0,3,4,3,1,30,0,29,0,0,42,0,0,74,1,0,106,0,0,0,0,0,0,0,0,15,171,0,0,0,0,1,0,6,0,6,1,0,0,255,0,61,35,62,0,9,37,8,0,0,0
TS10.2,ob_gordon,OB,0,0,0,0,0,0,0,0,8,0,1,253,0,0,59,2,0,0,0,8,10,33,3,1,0,8,0,0,0,10,17,2,0,0,0,0,105,2,0,0,0,0,0,0,0,0,47,0,0,0,0,0,0,0,2,0,0,0,0,0,0,30,10,20,0,1,10,0,0,0,0
TS88.2,ob_gordon,OB,0,7,0,0,19,0,0,0,0,0,0,795,5,0,31,0,0,13,0,4,6,0,16,4,1,7,0,6,0,0,6,1,1,0,0,0,179,3,0,0,0,0,0,0,0,5,67,1,0,0,0,0,0,31,5,0,8,10,0,0,0,65,105,13,0,1,16,0,1,0,0
TS63.2,ob_gordon,OB,0,0,0,1,23,0,0,0,28,1,3,78,0,0,235,0,0,0,0,30,0,4,36,19,1,0,1,11,0,0,24,0,0,3,0,0,67,7,0,0,0,0,1,0,0,0,71,0,0,0,0,0,0,14,0,0,0,2,0,0,0,34,39,78,0,8,1,0,0,0,0
TS129.2,ob_gordon,H,0,0,0,5,30,0,1,0,0,1,0,859,2,0,12,2,3,0,0,30,3,3,9,5,1,0,0,0,0,0,3,0,0,0,0,0,255,1,0,0,0,0,1,0,0,14,137,0,1,0,0,1,0,35,2,0,2,17,0,0,0,31,22,30,0,1,36,0,0,0,0
TS124,ob_gordon,H,1,0,0,0,32,0,0,0,3,0,1,593,1,0,235,0,0,0,0,54,0,7,35,30,0,4,0,1,1,0,66,1,0,32,0,0,30,15,0,0,0,0,0,0,0,0,94,0,0,0,0,1,0,41,0,0,1,29,0,2,1,20,35,111,0,1,15,3,3,0,0
TS69.2,ob_gordon,OB,0,0,0,0,17,0,0,0,0,0,0,493,4,1,103,2,0,0,0,1,5,0,13,4,1,4,0,24,0,0,12,0,0,2,0,0,265,1,0,0,0,0,0,0,0,15,348,0,0,0,0,0,3,12,4,0,12,15,0,0,0,60,46,46,0,1,15,0,0,0,0
TS87,ob_gordon,OB,1,2,0,0,8,1,0,0,0,23,3,99,3,0,71,2,1,232,0,14,15,0,5,2,2,28,0,13,0,0,11,1,0,29,0,0,112,2,0,0,0,0,0,0,0,6,150,0,0,0,0,0,15,168,12,0,0,0,0,84,0,37,34,36,0,23,72,0,0,0,0
TS70.2,ob_gordon,OB,0,1,0,0,20,0,0,0,0,0,1,257,8,0,36,2,0,0,0,54,14,0,6,1,2,1,1,41,0,0,11,0,0,0,0,0,396,2,0,0,0,0,0,2,0,0,126,0,0,0,0,0,7,28,1,0,0,3,0,0,0,35,71,0,0,3,126,4,2,0,0
TS11,ob_gordon,OB,0,0,0,0,24,0,0,0,3,0,0,780,0,1,191,2,0,0,0,2,23,35,42,11,0,10,0,2,0,3,0,0,0,0,0,0,281,5,0,0,0,0,0,0,0,8,178,0,0,0,0,0,0,7,8,0,0,0,0,0,0,36,5,13,0,7,0,9,0,5,0
TS95,ob_gordon,OB,0,0,0,11,91,0,1,0,1,88,2,876,0,2,52,2,0,77,0,8,5,0,9,4,0,0,0,4,0,21,6,0,0,86,0,0,194,4,0,0,0,0,1,0,0,2,107,4,0,0,0,1,13,83,0,0,7,0,0,0,3,31,78,12,0,5,113,0,1,0,0
TS78,ob_gordon,OB,0,2,0,0,5,0,0,0,0,0,0,95,0,0,58,1,2,9,0,1,2,0,6,0,0,16,0,1,0,0,16,0,0,18,0,0,192,1,0,0,0,0,0,0,0,1,53,2,0,18,0,0,0,2,2,1,0,0,0,417,0,10,0,4,0,0,5,13,8,1,0
TS68.2,ob_gordon,OB,0,0,0,0,12,0,0,0,3,4,1,279,7,0,102,3,1,1,0,28,13,0,8,0,1,15,1,12,0,9,26,0,0,35,0,0,412,5,0,2,0,0,1,0,0,1,156,0,0,0,0,0,3,17,0,0,0,0,0,67,0,63,58,18,0,1,18,5,0,0,0
TS164.2,ob_gordon,H,0,0,0,0,28,0,1,0,0,1,2,825,0,1,73,0,0,0,0,16,21,4,28,7,11,0,0,27,2,0,13,5,0,165,0,0,354,9,0,0,0,0,2,0,0,0,125,0,0,0,0,7,1,127,3,0,0,23,0,0,0,23,19,85,0,1,8,0,26,0,0
TS178,ob_gordon,OB,0,2,0,0,0,0,0,0,0,0,0,28,0,2,205,2,0,189,0,3,42,0,5,0,8,124,0,0,0,0,120,3,0,114,0,0,70,0,0,0,0,0,0,0,0,5,77,275,0,87,0,0,0,0,1,0,0,0,0,1,0,4,2,25,0,8,42,0,0,1,0
TS119,ob_gordon,OB,1,0,0,0,2,0,0,0,6,1,1,599,0,0,170,5,9,0,0,14,0,5,13,1,0,38,1,24,0,21,34,0,0,0,0,1,90,2,0,0,0,0,0,0,0,2,184,1,0,181,0,0,0,3,15,0,0,0,0,0,0,46,78,33,0,0,149,37,0,0,0
TS126,ob_gordon,OB,0,0,0,0,14,0,0,0,0,1,2,33,3,0,58,0,3,28,0,48,20,0,0,0,0,16,1,8,0,13,9,0,0,8,0,0,83,11,0,1,0,0,1,0,0,2,60,82,1,18,0,0,0,14,0,1,1,8,0,6,0,6,8,9,0,303,37,0,1,0,0
TS163,ob_gordon,H,0,0,0,0,58,0,0,0,1,0,0,346,8,0,34,0,0,0,0,14,11,11,24,0,0,0,2,5,0,5,25,1,0,0,0,0,185,15,0,0,0,0,0,0,0,3,85,0,0,0,0,0,10,4,0,0,0,0,0,0,6,23,10,78,0,3,21,17,0,0,0
TS89.2,ob_gordon,OB,0,0,0,0,53,0,0,0,0,4,3,722,12,0,71,9,9,0,0,18,0,0,15,0,1,2,0,30,0,18,18,0,0,35,0,0,689,4,0,0,0,0,0,0,0,17,233,0,0,6,0,1,10,49,3,7,0,14,0,0,0,83,77,30,1,0,111,12,0,0,0
TS92,ob_gordon,OB,0,0,0,0,0,0,0,0,1,0,9,182,0,0,87,5,1,1,0,0,2,0,6,0,1,8,0,12,0,7,25,0,0,0,0,0,462,0,0,0,0,0,0,0,0,25,386,0,0,17,0,0,0,0,5,0,0,0,0,0,0,6,2,37,0,0,30,8,0,0,0
TS194.2,ob_gordon,H,0,0,0,0,18,0,0,0,1,0,1,268,0,0,113,2,0,0,0,10,1,0,10,4,0,1,0,4,0,0,4,0,0,0,0,0,278,0,0,0,0,0,1,0,0,1,168,0,0,0,0,0,2,5,2,0,2,8,0,0,1,0,24,19,0,0,50,0,0,0,0
TS140,ob_gordon,OB,0,0,0,0,8,0,0,0,0,3,3,124,1,0,40,2,1,5,0,12,5,0,9,1,0,5,0,42,5,0,13,0,0,55,0,0,663,2,0,0,0,0,0,0,0,0,72,3,0,0,0,1,4,37,0,2,0,0,0,271,0,5,27,31,2,0,26,19,0,0,0
TS89,ob_gordon,OB,0,0,0,0,17,0,0,0,0,1,3,436,8,0,170,1,8,0,0,0,7,6,13,2,0,8,0,6,0,0,25,0,0,28,0,0,170,3,0,0,0,0,0,0,0,0,56,0,0,10,0,0,14,28,2,0,0,14,0,0,0,35,31,66,0,1,156,20,0,0,0
TS184,ob_gordon,H,0,0,0,0,3,0,0,0,2,1,0,596,0,0,105,1,0,0,0,1,10,9,31,3,0,42,0,0,0,7,13,0,0,0,0,0,46,1,0,0,0,0,0,0,0,3,196,0,0,0,0,0,0,1,0,0,13,11,0,0,0,193,9,13,0,1,16,0,0,1,0
TS118,ob_gordon,OB,0,0,0,0,16,0,0,0,0,7,0,808,0,0,44,3,8,0,0,8,9,0,22,3,1,5,0,6,0,0,12,0,0,54,0,0,350,1,0,0,0,0,2,0,0,7,110,0,0,4,0,0,5,9,7,0,3,0,0,0,3,18,1,27,0,0,17,0,0,0,0
TS185.2,ob_gordon,H,0,0,0,0,22,1,0,0,3,2,3,601,19,0,102,1,0,0,0,25,6,0,10,1,0,0,1,33,0,0,24,0,0,3,0,0,380,1,0,0,1,0,0,0,0,5,177,0,0,0,0,0,0,20,37,0,8,19,0,0,0,71,0,17,0,3,63,0,0,0,0
TS91,ob_gordon,OB,0,0,0,0,0,0,0,0,1,3,0,10,0,0,49,0,0,7,0,2,1,2,0,2,0,5,0,8,0,0,11,0,0,13,0,0,58,1,0,0,0,0,1,0,0,7,88,0,0,0,0,0,0,1,0,3,0,0,0,9,0,5,11,34,0,2,19,0,0,0,0
TS92.2,ob_gordon,OB,0,0,0,0,0,0,0,0,5,0,3,135,0,1,181,2,1,0,0,0,32,0,12,1,0,59,1,24,0,26,47,3,0,0,0,0,411,1,0,0,0,0,1,0,0,9,324,0,0,18,0,0,0,1,1,0,0,0,0,0,0,6,24,78,0,7,29,5,0,0,0
TS76.2,ob_gordon,OB,0,0,0,0,9,0,0,0,5,7,0,355,2,0,33,3,0,0,0,7,23,0,11,0,1,4,0,28,0,3,5,0,0,0,0,0,370,1,0,3,0,0,0,0,0,0,109,8,10,1,0,0,1,8,1,21,0,0,0,0,2,82,7,10,0,0,43,0,1,0,0
TS74,ob_gordon,OB,0,0,0,0,30,0,0,0,0,1,3,194,3,0,107,1,2,0,0,3,20,0,9,0,1,20,0,2,0,0,35,2,0,42,0,0,300,4,0,0,1,0,2,0,0,5,302,0,0,0,0,0,2,12,3,5,4,0,0,92,0,46,64,56,0,7,22,17,1,0,0
TS154.2,ob_gordon,H,0,0,0,0,16,0,0,0,1,25,6,253,6,0,34,0,1,18,0,16,10,0,2,0,0,39,0,18,2,0,10,0,0,0,0,0,29,21,0,1,0,0,0,0,0,0,23,0,0,0,0,2,2,69,20,0,4,0,0,28,0,3,52,14,0,0,24,0,0,0,1
TS97,ob_gordon,OB,0,4,0,0,4,0,0,0,3,0,7,556,0,0,97,6,0,0,0,0,9,1,21,0,3,10,0,2,0,4,27,0,0,0,0,0,280,0,0,0,0,0,0,0,0,7,254,0,0,0,0,0,0,0,2,12,0,0,0,0,0,92,34,32,0,5,17,39,4,0,0
TS163.2,ob_gordon,H,0,0,0,0,82,0,0,0,0,0,0,577,12,0,42,1,0,0,0,19,13,6,16,1,7,0,0,3,0,10,28,1,0,0,0,0,542,3,0,0,0,0,0,0,0,9,97,0,0,0,0,0,5,4,0,0,0,0,0,1,3,21,22,50,0,3,38,12,3,0,0
TS193.2,ob_gordon,H,0,0,0,1,23,0,0,0,5,0,0,161,1,0,96,14,0,0,0,20,0,0,15,6,0,0,2,10,1,0,11,1,0,2,0,0,232,8,0,0,0,0,0,0,0,0,145,0,0,0,0,1,5,9,0,0,2,12,0,21,2,32,38,14,0,0,219,0,0,0,0
TS82,ob_gordon,OB,0,0,0,0,0,0,0,0,1,0,0,32,0,0,99,2,0,0,0,3,15,0,7,0,2,1,0,5,0,0,8,0,0,0,0,0,287,0,0,0,0,0,0,0,0,0,49,0,0,0,0,0,0,1,1,0,4,0,0,437,0,15,1,18,0,3,6,0,0,0,0
TS75,ob_gordon,OB,0,0,0,0,0,0,0,0,2,0,0,266,0,0,239,0,0,0,0,0,1,6,90,2,0,0,0,30,0,0,0,2,0,7,0,0,0,5,0,0,0,0,0,0,0,0,28,0,0,2,0,0,0,0,0,0,12,5,0,0,0,193,0,22,0,2,0,0,0,0,0
TS125,ob_gordon,OW,0,0,0,9,21,0,0,0,0,0,3,789,1,0,308,5,0,1,0,8,0,3,26,3,0,39,1,1,2,0,0,1,0,0,0,0,53,8,0,0,0,0,0,0,0,2,179,1,0,6,0,0,6,26,5,0,9,16,0,2,1,12,1,58,0,0,0,0,0,0,0
TS125.2,ob_gordon,OW,0,0,0,8,2,0,0,0,2,3,4,25,0,0,451,0,0,0,0,34,5,5,15,4,1,145,5,0,0,0,1,1,0,9,0,0,50,14,0,0,0,0,2,0,0,5,290,0,2,0,0,0,0,1,0,0,0,1,0,0,0,26,0,95,0,0,0,0,4,0,0
TS109.2,ob_gordon,H,0,0,0,2,18,0,0,0,1,3,1,437,7,0,146,3,1,0,0,0,0,1,9,3,0,0,0,4,8,0,10,0,0,0,0,0,148,7,0,1,0,0,0,0,0,2,118,0,0,0,0,0,0,8,3,0,9,28,0,3,1,38,50,15,0,0,0,0,0,0,0
TS12,ob_gordon,OB,0,0,0,1,0,0,0,0,3,0,0,542,0,0,96,0,0,0,0,6,1,1,12,0,0,19,0,7,0,5,77,0,0,0,0,0,143,3,0,0,0,0,0,0,0,9,217,0,0,0,0,0,0,0,0,10,0,0,0,0,0,43,0,31,0,25,105,0,0,3,0
TS96.2,ob_gordon,OB,0,26,0,0,53,0,0,0,0,28,1,405,12,2,38,1,0,0,0,9,66,0,0,1,7,26,0,20,0,0,6,0,0,0,0,0,355,0,0,0,0,0,0,0,0,10,227,25,0,18,0,1,13,116,2,0,5,0,0,0,1,15,56,3,0,4,40,0,4,0,0
TS164,ob_gordon,H,0,0,0,0,11,0,0,0,0,0,2,903,0,2,21,1,0,0,0,19,39,10,15,0,0,0,0,15,1,0,9,1,0,141,0,0,220,8,0,0,0,0,1,0,0,0,153,0,0,0,0,7,1,54,0,0,0,7,0,1,0,15,31,30,0,2,20,0,12,0,0
TS180,ob_gordon,H,1,0,0,0,11,0,0,0,1,1,0,888,0,0,37,0,0,0,0,0,6,2,23,1,0,1,2,5,0,0,6,0,0,2,0,0,221,3,0,0,0,0,1,0,0,0,32,0,0,0,0,0,8,30,2,16,0,23,0,0,0,25,27,54,0,0,61,0,0,1,0
TS155,ob_gordon,H,0,0,0,0,7,0,0,0,0,55,0,291,5,0,14,2,1,0,0,7,17,0,3,0,21,11,0,10,0,0,26,4,0,6,0,0,56,3,0,0,0,0,0,0,0,0,21,0,0,0,0,0,1,202,10,0,0,0,0,42,3,6,38,1,0,0,17,3,0,0,0
TS179,ob_gordon,OB,0,1,1,0,3,1,0,0,0,6,1,7,0,4,451,2,1,63,0,4,32,0,0,0,4,57,0,5,0,12,66,0,0,133,0,0,137,0,0,0,0,0,0,0,0,0,83,6,0,7,0,0,1,24,0,0,0,0,0,4,0,3,1,80,0,3,109,0,0,0,0
TS74.2,ob_gordon,OB,0,0,0,1,36,0,0,0,0,12,0,57,3,0,110,0,2,0,0,16,11,0,24,1,4,23,0,9,0,0,26,1,0,36,0,0,97,2,0,0,0,0,1,0,0,0,143,0,1,0,0,0,2,27,6,0,0,0,0,80,0,43,64,48,1,0,56,2,0,0,0
TS94.2,ob_gordon,OB,0,0,0,2,49,0,1,0,2,48,0,643,0,0,115,2,0,11,0,87,16,0,6,0,3,24,0,9,0,21,9,0,0,36,1,0,84,1,0,0,0,0,0,1,0,1,83,1,0,40,0,0,0,93,12,0,0,0,0,2,2,20,96,6,0,0,58,3,3,0,0
TS86.2,ob_gordon,OB,0,0,0,0,14,0,0,0,0,0,0,348,3,0,47,1,0,0,0,12,5,0,3,0,0,0,0,6,0,0,12,0,0,10,0,0,382,1,0,0,0,0,0,0,0,2,45,0,0,4,0,0,1,19,2,2,2,0,0,61,2,22,45,21,0,0,23,0,0,0,0
TS141,ob_gordon,OB,0,1,0,0,13,2,0,0,1,1,0,387,0,0,17,1,0,4,0,12,9,0,9,5,0,1,0,10,1,0,4,0,0,34,0,0,532,1,0,0,2,0,0,0,0,7,57,0,0,0,0,0,2,9,2,6,0,0,0,0,2,34,9,17,0,14,10,82,0,3,0
TS83,ob_gordon,OB,0,0,0,0,1,0,0,0,0,0,0,253,0,1,72,2,0,0,0,2,5,0,7,1,2,21,2,7,1,0,21,0,0,0,0,0,325,0,0,0,0,0,0,0,0,2,125,0,0,0,0,0,0,5,1,0,0,2,0,24,0,54,34,10,0,0,30,0,0,0,0
TS120,ob_gordon,OB,0,0,0,0,0,0,0,0,0,1,0,2,0,0,3,0,0,0,0,0,0,0,0,0,0,4,0,0,0,0,1,0,0,1,0,0,6,0,0,0,0,0,0,0,0,0,2,0,0,1,0,0,0,2,0,1,0,0,0,17,1,0,2,2,0,0,6,0,0,0,0
TS72.2,ob_gordon,OB,0,0,0,0,7,0,0,0,0,0,1,62,1,0,18,1,0,0,0,1,0,0,2,0,0,0,0,1,0,0,2,0,0,0,0,0,39,0,0,0,0,0,0,0,0,2,32,0,0,0,0,0,1,6,1,0,1,2,0,0,0,2,7,2,0,0,12,0,0,0,0
TS117.2,ob_gordon,OB,0,0,0,0,13,4,0,0,1,0,1,656,0,1,140,5,3,0,0,10,12,37,24,7,4,25,0,13,0,0,43,0,0,4,0,0,438,3,0,0,0,0,1,0,0,6,146,0,0,0,0,0,0,2,3,0,0,0,0,0,0,65,26,99,0,0,46,131,0,0,0
TS133.2,ob_gordon,OB,0,0,0,0,15,0,0,0,12,1,0,1263,0,1,126,2,0,81,0,3,12,1,14,0,0,29,0,13,0,23,56,1,0,0,0,0,531,5,0,0,0,0,1,0,0,2,236,0,0,29,0,0,0,62,14,0,25,0,0,0,1,30,17,43,1,4,75,0,0,3,0
TS120.2,ob_gordon,OB,2,9,0,0,4,0,0,0,0,26,1,180,3,1,122,4,5,0,0,4,6,0,10,1,0,35,0,48,4,0,44,0,0,156,0,0,328,9,0,0,0,0,0,0,0,1,90,21,1,26,0,0,11,41,15,3,0,0,0,209,0,37,4,18,0,15,98,63,0,0,0
TS169,ob_gordon,OB,0,0,0,1,29,0,0,0,1,19,2,322,7,0,161,0,0,170,0,3,63,2,8,1,3,10,0,94,0,0,32,0,0,135,0,0,499,2,0,0,1,0,0,0,0,12,218,0,1,0,0,1,3,100,0,0,0,0,0,250,0,7,155,21,0,1,118,4,6,3,2
TS142.2,ob_gordon,OB,0,0,0,0,215,1,0,0,4,1,3,1205,0,0,87,0,27,13,0,10,6,1,6,4,0,16,0,12,0,8,45,0,0,60,0,0,301,4,0,0,0,0,0,0,0,1,75,5,1,0,0,2,0,96,9,0,12,0,0,0,0,4,1,53,0,3,88,0,2,0,0
TS166.2,ob_gordon,OB,0,0,0,0,6,0,0,0,3,0,0,31,0,0,496,4,0,0,0,48,25,2,5,0,0,31,0,7,0,0,68,44,1,143,0,0,39,2,0,0,0,0,0,0,0,52,637,2,0,0,0,0,1,1,1,2,0,1,0,0,0,64,87,44,0,45,41,0,12,0,0
TS138,ob_gordon,OB,0,14,0,0,0,0,0,0,5,10,0,193,0,0,313,3,0,0,0,8,3,0,24,0,3,22,0,29,0,0,88,0,0,1,0,0,188,10,0,0,0,0,0,0,0,109,676,0,0,24,0,0,0,1,1,0,3,33,0,0,0,57,68,60,0,2,92,0,0,0,0
TS179.2,ob_gordon,OB,0,1,0,0,6,3,0,0,0,3,4,35,0,0,172,0,0,36,0,0,2,0,17,0,1,27,0,10,0,39,41,1,0,43,0,0,420,0,0,0,0,0,0,0,0,3,54,19,0,33,0,0,0,42,0,1,0,0,0,504,1,23,6,59,1,4,43,12,0,1,0
TS101.2,ob_gordon,OB,0,0,0,1,1,0,0,0,24,5,0,48,0,0,391,1,0,0,0,32,2,1,14,0,0,0,0,19,0,0,111,3,0,201,0,0,54,4,0,0,0,0,0,0,0,16,171,0,0,3,0,0,0,1,1,0,0,2,0,1,0,26,2,180,0,5,58,0,0,1,0
TS162,ob_gordon,OB,0,0,0,0,29,0,0,0,3,0,0,1931,0,0,96,2,0,0,0,3,16,7,193,0,0,0,0,5,0,21,15,6,0,9,0,0,159,24,0,0,0,0,0,0,0,0,72,0,0,0,0,0,0,11,8,0,0,0,0,0,0,3,0,132,0,0,0,0,0,5,0
TS144,ob_gordon,OB,0,5,0,0,25,0,0,0,0,17,0,243,0,0,67,1,4,9,0,7,4,0,8,1,0,14,0,5,1,0,23,0,0,14,0,0,319,1,0,0,0,0,0,1,0,4,59,29,0,23,0,0,2,47,7,1,0,0,0,644,1,36,32,13,0,97,56,7,0,0,0
TS116,ob_gordon,OB,1,67,0,0,15,5,0,0,0,33,3,282,0,1,68,1,2,96,0,13,17,0,4,2,1,78,0,11,12,26,29,0,2,92,0,0,294,12,1,0,0,0,0,0,0,0,130,0,0,27,0,1,20,549,18,1,0,0,0,63,2,8,25,38,2,2,35,9,2,0,2
TS162.2,ob_gordon,OB,0,0,0,0,4,0,0,0,11,0,0,1513,0,0,501,0,0,0,0,0,3,1,50,0,0,0,0,8,0,56,22,0,0,3,0,0,482,5,0,0,0,0,0,0,0,0,121,0,0,0,0,0,0,2,11,0,0,0,0,0,0,39,0,78,0,0,0,0,0,1,0
TS141.2,ob_gordon,OB,1,9,0,0,33,2,0,0,2,0,0,439,3,0,38,2,7,14,0,14,0,1,20,7,3,6,0,23,1,0,22,0,0,49,0,0,550,0,0,0,0,0,0,0,0,15,141,0,0,0,0,1,4,34,9,9,1,0,0,0,0,99,12,36,0,24,20,115,0,0,0
TS192,ob_gordon,OW,0,0,0,0,603,0,0,0,14,1,1,880,0,0,563,0,0,0,0,84,0,0,49,0,0,5,0,153,0,15,49,0,0,3,0,0,121,2,0,1,0,0,0,0,0,0,90,0,0,0,0,0,0,47,0,0,0,0,0,0,0,51,25,60,6,1,64,0,0,1,0
TS183,ob_gordon,OB,0,0,0,1,55,3,0,0,0,35,1,1536,35,0,65,0,12,62,0,1,0,0,41,0,0,4,0,3,0,0,17,0,0,0,0,0,173,6,0,1,0,0,2,0,0,8,79,0,0,25,0,0,4,14,21,0,0,47,0,0,1,50,13,23,0,9,37,11,0,0,0
TS167,ob_gordon,OB,0,0,0,3,67,0,1,0,1,0,0,116,0,0,81,3,0,0,0,35,175,19,5,0,28,21,0,18,0,11,45,0,0,0,0,0,252,4,0,1,0,0,1,0,0,5,55,2,0,35,0,1,2,22,3,0,3,0,0,1,0,20,100,70,3,3,502,0,6,0,0
TS167.2,ob_gordon,OB,0,0,0,2,40,0,0,0,4,0,4,74,0,2,414,0,0,0,0,113,449,10,7,0,113,217,0,48,0,3,111,3,0,4,0,0,37,12,0,8,0,0,0,0,0,2,154,0,0,19,0,0,4,12,0,0,1,0,0,0,0,21,61,38,3,2,480,0,72,0,0
TS106,ob_gordon,OB,0,0,0,0,6,0,0,0,6,0,0,403,0,1,235,7,0,0,0,13,86,0,9,0,1,10,0,11,0,0,46,0,0,0,0,0,224,0,0,0,0,0,0,0,0,15,250,0,0,0,0,0,0,2,9,0,0,0,0,0,1,98,21,46,1,40,3,6,0,6,0
TS139.2,ob_gordon,OB,0,0,0,0,22,0,0,0,3,2,0,469,6,0,151,1,0,102,0,5,32,2,20,3,0,15,0,36,5,0,38,0,0,120,0,0,348,4,0,0,0,0,0,0,0,18,167,0,0,2,0,0,0,21,4,5,0,0,0,0,0,136,67,94,1,3,77,50,2,0,0
TS132,ob_gordon,OB,0,0,0,0,78,0,1,0,1,15,0,745,0,0,153,0,0,0,0,4,0,0,41,8,0,24,0,6,0,0,34,2,0,2,0,0,134,7,0,0,0,0,2,0,0,1,52,0,0,2,0,0,25,56,27,0,5,19,0,0,1,15,10,304,0,0,31,0,0,3,0
TS145,ob_gordon,OB,0,0,0,15,74,0,0,0,0,20,0,700,0,0,75,0,0,0,0,27,0,66,9,3,0,0,3,30,0,0,0,0,0,0,0,0,227,1,0,0,0,0,1,0,0,0,46,0,0,0,0,0,7,144,14,0,0,58,0,0,0,9,15,4,2,1,85,52,0,0,0
TS134.2,ob_gordon,OB,1,0,0,0,87,0,0,0,3,0,2,379,0,0,124,2,0,0,0,32,24,13,14,0,0,11,0,14,0,18,14,1,0,0,0,0,454,3,0,0,0,0,1,0,0,2,48,0,0,0,0,0,0,55,0,0,0,0,0,0,0,82,111,33,0,4,116,10,1,0,0
TS182.2,ob_gordon,OB,0,15,0,0,20,0,0,0,0,10,0,275,4,0,239,2,4,119,0,22,118,0,22,0,29,30,0,28,0,0,56,0,0,0,0,1,1001,2,0,0,0,0,0,0,0,30,301,21,0,32,0,0,3,26,16,0,0,0,0,1091,1,125,95,58,2,8,157,32,14,0,0
TS136,ob_gordon,OW,0,0,0,0,27,0,0,0,13,2,1,59,10,0,253,1,3,2,0,9,8,0,8,2,3,6,0,26,0,0,41,1,0,27,0,0,284,4,0,0,0,0,0,0,0,21,205,6,0,0,0,0,23,28,10,7,0,0,0,60,0,83,107,59,0,1,105,1,2,0,0
TS146,ob_gordon,OB,0,0,0,0,322,0,0,0,0,68,0,476,56,0,42,1,14,27,0,15,13,5,1,0,3,0,1,6,0,0,0,0,0,27,0,0,321,3,0,0,0,0,2,0,0,3,40,0,0,0,0,0,84,159,0,0,8,30,0,0,0,10,88,71,0,0,23,0,1,0,0
TS130.2,ob_gordon,OB,0,0,0,0,0,0,0,0,2,0,0,1450,0,0,132,4,0,0,0,1,16,10,37,0,4,24,0,4,0,12,28,0,0,0,0,0,290,12,0,0,0,0,0,0,0,3,85,0,0,0,0,0,0,7,0,0,0,0,0,0,0,30,0,50,2,1,27,18,0,0,0
TS147.2,ob_gordon,OW,1,0,1,0,256,2,1,0,3,25,4,778,0,0,288,5,0,1,0,13,11,6,68,6,0,12,0,38,0,0,76,2,0,1,0,0,401,6,0,1,0,0,1,3,0,0,110,0,0,0,0,0,3,108,111,0,22,43,0,0,0,40,181,208,1,3,183,0,3,0,0
TS100.2,ob_gordon,OB,0,1,0,1,2,2,0,0,1,3,1,75,0,0,210,3,0,135,0,3,95,0,23,1,1,15,0,58,0,0,55,2,1,94,0,0,158,4,0,0,0,0,0,0,0,32,273,0,0,9,0,0,0,2,1,0,0,0,0,0,0,28,46,117,0,13,44,2,0,0,0
TS104.2,ob_gordon,OB,0,0,0,0,28,0,3,0,2,0,0,732,0,0,53,8,0,0,0,8,0,4,15,1,2,0,0,15,0,11,10,1,0,0,0,0,412,2,0,0,0,0,0,0,0,18,259,0,0,1,0,0,10,18,11,0,0,3,0,6,0,46,76,32,0,1,65,0,0,0,0
TS103.2,ob_gordon,OB,0,0,0,0,44,0,0,0,2,0,1,694,5,0,114,2,0,0,0,11,2,5,42,9,0,7,0,11,0,0,48,0,0,1,0,0,423,2,0,0,0,0,0,0,0,26,201,0,0,0,0,0,8,14,20,0,0,10,0,0,1,31,5,47,0,5,47,95,0,0,0
TS168.2,ob_gordon,OB,0,7,0,1,116,0,0,0,11,2,4,583,0,0,244,3,14,0,0,34,5,9,23,0,0,18,0,133,0,0,7,2,0,0,0,0,209,3,0,3,0,0,0,0,0,25,225,0,0,0,0,0,0,134,0,0,14,0,0,0,3,17,41,65,0,0,318,0,0,0,0
TS191,ob_gordon,OB,0,1,0,0,4,0,0,0,21,0,0,1029,0,0,136,3,0,0,0,0,19,2,29,2,0,2,0,9,0,11,27,0,0,44,0,0,196,2,0,0,0,0,0,0,0,10,145,0,0,0,0,0,0,0,20,0,2,0,0,0,0,50,0,25,0,0,70,0,0,0,0
TS183.2,ob_gordon,OB,0,0,0,0,1,2,0,0,0,0,1,1022,1,0,122,15,1,296,0,1,7,0,33,0,0,25,0,6,0,0,50,0,1,0,0,0,14,0,0,0,0,0,0,0,0,27,169,0,0,93,0,0,0,0,6,0,2,11,0,0,0,38,3,7,0,51,1,16,0,0,0
TS152.2,ob_gordon,OB,0,0,0,13,110,1,0,0,0,5,5,351,0,0,162,1,3,0,0,25,0,4,3,0,0,0,0,40,0,0,0,4,0,15,0,0,194,7,0,0,0,0,0,0,0,38,137,0,1,0,0,0,2,146,30,0,1,19,0,1,0,4,142,46,0,2,148,0,0,0,0
TS115.2,ob_gordon,OB,0,2,0,0,0,4,0,0,0,10,1,6,0,0,58,0,4,48,0,2,7,0,5,0,2,48,0,26,0,21,15,0,0,14,0,0,226,2,0,0,0,0,0,0,0,5,61,14,0,13,0,0,2,66,1,0,0,0,0,218,0,14,9,8,0,1,31,0,0,0,0
TS135,ob_gordon,OB,0,15,0,1,74,0,0,0,0,0,0,763,0,0,109,4,1,0,0,24,3,0,32,0,1,0,0,9,0,0,12,3,0,4,0,0,320,11,0,1,0,0,1,0,0,2,107,0,0,4,0,3,5,42,27,0,34,56,0,0,0,188,14,35,0,3,90,0,0,0,0
TS161,ob_gordon,OB,2,0,0,0,32,0,0,0,6,0,0,316,0,0,77,0,0,0,0,1,0,0,19,6,0,5,0,0,0,23,16,0,0,0,0,0,620,3,0,0,0,0,0,0,0,1,123,0,0,0,0,0,0,14,6,0,0,0,0,0,1,75,10,26,0,0,14,7,0,7,0
TS136.2,ob_gordon,OB,0,0,0,4,50,0,0,0,6,9,0,216,5,0,100,1,6,0,0,14,12,1,8,4,7,23,0,12,0,0,16,0,0,18,0,0,341,7,0,1,1,0,0,1,0,12,278,3,0,0,0,0,48,72,29,9,0,0,0,349,1,126,201,39,0,1,104,18,0,0,0
TS145.2,ob_gordon,OB,0,0,0,38,388,0,0,0,1,80,0,827,0,0,13,0,0,0,0,19,10,31,7,0,2,0,1,16,0,0,1,3,0,7,0,0,121,6,0,0,0,0,3,5,0,0,6,0,0,0,0,0,5,513,56,0,0,49,0,0,4,6,36,3,0,0,32,7,2,0,0
TS181.2,ob_gordon,OB,0,0,0,0,8,0,0,0,1,14,1,994,0,0,134,1,1,75,0,1,10,1,26,0,0,2,0,1,0,23,12,0,0,0,0,0,422,6,0,0,0,0,0,0,0,5,53,0,2,20,0,0,1,25,0,0,16,0,0,0,0,4,53,10,0,12,65,2,0,0,0
TS178.2,ob_gordon,OB,0,1,0,0,0,1,0,0,2,3,0,20,0,2,200,3,0,119,0,9,23,1,3,0,4,40,0,3,0,0,49,0,0,90,0,0,187,0,0,0,0,0,0,0,0,6,162,21,0,54,0,0,1,22,1,1,0,0,0,398,0,50,27,12,0,19,43,3,5,0,0
TS151.2,ob_gordon,OB,0,0,0,7,210,0,0,0,1,3,2,551,0,1,181,0,0,29,0,150,21,1,2,2,0,0,0,10,0,18,25,1,0,3,0,0,259,2,0,0,0,0,2,0,0,17,223,0,0,0,0,0,16,151,16,0,6,0,0,0,0,5,105,35,0,2,39,0,0,0,0
TS138.2,ob_gordon,OB,0,3,0,0,10,0,0,0,4,1,0,394,0,0,48,2,0,0,0,0,1,0,27,1,1,8,0,5,0,0,17,0,0,0,0,0,109,1,0,0,0,0,0,0,0,17,143,0,0,5,0,0,1,2,2,0,1,12,0,0,0,15,0,39,0,0,15,8,0,0,0
TS105.2,ob_gordon,OB,1,0,0,0,14,0,0,0,0,0,0,1020,0,0,50,0,0,0,0,11,0,2,16,5,0,0,0,6,0,9,0,0,0,5,0,0,274,5,0,0,0,0,1,0,0,9,64,0,0,0,0,0,0,11,0,0,0,0,0,0,0,36,24,3,0,0,8,0,0,0,0
TS118.2,ob_gordon,OB,0,0,0,0,18,0,0,0,11,24,3,267,0,1,272,5,8,0,0,10,4,0,4,0,2,93,0,15,0,1,78,0,0,144,0,0,332,13,0,0,0,0,0,0,0,31,234,0,0,10,0,0,2,7,2,0,1,0,0,15,0,16,4,44,0,0,100,0,3,0,0
TS160.2,ob_gordon,OB,0,0,0,0,5,0,0,0,1,1,0,33,0,0,40,0,0,0,0,1,5,0,2,0,2,2,0,22,1,0,10,0,0,5,0,0,354,2,0,0,0,0,1,0,0,9,53,0,0,0,0,0,4,17,1,2,0,0,0,718,1,3,7,4,0,0,11,1,0,0,0
TS153,ob_gordon,OW,0,0,0,4,44,0,1,0,0,0,0,755,33,0,227,6,0,0,0,3,7,0,22,0,0,13,0,21,0,20,36,0,0,0,0,0,562,0,0,0,0,0,0,0,0,34,389,15,0,64,0,0,13,15,27,0,0,0,0,0,3,3,131,11,0,1,96,0,1,0,0
TS166,ob_gordon,OB,1,0,0,0,54,0,0,0,2,0,1,1214,0,0,149,5,8,0,0,16,12,0,56,3,0,5,2,14,0,0,28,0,0,29,0,0,313,6,0,0,0,0,1,0,0,26,175,0,1,0,0,1,4,21,37,4,21,41,0,1,3,110,1,32,3,1,38,0,2,0,0
TS115,ob_gordon,OB,1,3,0,0,8,2,0,0,0,14,1,41,0,0,30,0,0,68,0,2,9,0,10,0,3,58,0,38,0,30,21,0,0,21,0,0,376,2,0,0,0,0,0,0,0,5,79,4,0,12,0,0,2,70,3,0,0,0,0,350,0,10,30,24,2,0,24,8,7,0,0
TS119.2,ob_gordon,OB,0,0,0,0,13,0,0,0,4,0,0,690,0,0,208,4,11,0,0,31,24,4,30,0,0,51,4,18,0,19,35,0,0,0,0,0,221,3,0,0,0,0,1,0,0,21,390,0,0,47,0,0,0,9,23,0,0,0,0,0,4,68,115,56,2,1,220,31,1,0,0
TS117,ob_gordon,OB,0,0,0,0,39,0,0,0,2,0,0,466,0,2,203,3,6,0,0,1,6,17,22,3,14,70,0,23,0,0,62,0,0,0,0,0,766,10,0,0,0,0,0,0,0,4,119,0,0,0,0,0,0,5,7,0,0,0,0,0,0,70,25,54,0,1,55,111,1,0,0
TS143,ob_gordon,OB,0,34,0,0,35,2,0,0,2,35,1,596,5,1,229,7,3,0,0,25,76,2,14,0,2,56,0,44,0,37,95,1,0,0,0,0,405,2,0,0,0,0,1,0,0,18,181,2,0,57,0,0,0,32,49,0,4,0,0,0,0,123,11,22,0,9,183,25,5,0,0
TS182,ob_gordon,OW,0,0,0,0,102,0,0,0,3,4,4,1962,15,0,155,6,23,69,0,20,29,0,34,0,4,13,0,24,0,0,51,0,0,2,0,0,958,8,0,0,0,0,1,0,0,14,302,0,0,21,0,0,7,60,31,0,0,0,0,0,4,145,69,93,0,1,144,1,5,0,0
TS169.2,ob_gordon,OB,1,0,0,6,31,0,0,0,24,6,1,267,21,0,195,4,0,132,0,1,25,1,8,1,1,51,0,47,0,0,39,0,0,94,0,0,358,6,0,0,1,0,0,0,0,5,163,0,0,0,0,1,3,68,1,0,0,0,0,73,0,17,68,32,0,2,71,1,5,0,0
TS137,ob_gordon,OB,1,0,0,0,42,7,0,0,4,2,1,669,8,0,56,0,1,0,0,5,9,2,23,3,4,8,2,23,3,0,27,0,0,29,0,0,603,1,0,0,0,0,0,0,0,22,143,10,0,0,0,0,13,45,7,20,2,0,0,298,0,35,114,42,0,2,57,138,10,0,0
TS151,ob_gordon,OB,0,0,0,1,158,0,0,0,1,1,1,487,0,1,266,2,0,118,0,52,94,3,16,0,3,0,1,29,0,23,29,3,0,1,0,0,391,6,0,0,0,0,0,0,0,31,475,1,0,0,0,0,14,41,18,0,16,0,0,0,0,2,63,7,0,2,35,0,0,0,0
TS142,ob_gordon,OB,0,0,0,0,17,0,0,0,2,0,1,166,0,0,200,1,7,31,0,1,38,0,1,2,0,95,0,12,0,8,80,1,0,128,0,0,291,6,0,0,0,0,0,0,0,18,157,8,0,0,0,0,0,7,2,0,0,0,0,0,0,8,5,64,0,3,131,0,1,0,0
TS97.2,ob_gordon,OB,0,12,0,0,7,0,0,0,7,0,5,553,0,0,381,2,0,0,0,6,23,2,39,0,3,25,0,16,0,5,101,1,0,1,0,0,242,1,0,0,0,0,0,0,0,29,294,0,0,0,0,0,0,0,3,5,0,5,0,0,0,18,0,85,0,1,11,25,3,0,0
TS107.2,ob_gordon,OB,0,2,0,0,12,0,0,0,5,0,0,147,0,0,229,4,0,184,0,1,106,0,20,1,2,178,0,21,0,98,162,0,0,160,0,0,574,8,0,0,0,0,0,2,0,18,319,0,0,61,0,0,0,2,3,0,0,0,0,48,0,20,0,50,0,35,165,3,41,1,0
TS100,ob_gordon,OB,0,0,0,0,30,1,0,0,0,4,0,778,7,0,123,2,1,99,0,3,40,2,11,4,3,2,0,46,0,0,60,1,0,137,0,0,262,5,0,0,0,0,0,0,0,25,175,3,0,11,0,0,5,9,4,8,1,0,0,0,0,82,34,113,0,5,54,18,0,0,0
TS181,ob_gordon,OB,0,0,0,2,12,0,0,0,2,20,0,1012,0,0,204,1,7,75,0,1,41,0,23,0,18,17,0,31,0,23,16,0,0,1,2,0,173,3,0,0,0,0,1,0,0,33,217,0,0,26,0,0,7,18,0,0,21,0,0,0,1,78,93,4,0,7,107,0,12,3,0
TS116.2,ob_gordon,OB,0,13,0,0,9,4,0,0,0,2,0,28,0,0,37,0,6,47,0,9,6,0,8,2,0,15,0,2,6,41,15,0,0,46,0,0,239,0,0,0,0,0,0,0,0,16,332,2,0,28,0,0,8,56,4,3,0,0,0,138,0,32,12,3,0,0,15,1,0,0,0
TS130,ob_gordon,OB,0,0,0,0,0,0,0,0,0,0,0,1326,0,0,180,0,0,1,0,5,0,2,69,0,1,0,0,2,0,0,15,0,0,1,0,0,326,13,0,0,0,0,1,0,0,0,83,0,0,0,0,0,0,2,0,0,0,0,0,0,0,31,14,28,0,0,1,0,0,0,0
TS144.2,ob_gordon,OB,0,32,0,0,90,2,0,0,0,45,0,641,0,0,105,0,11,20,0,8,7,0,12,4,2,19,0,14,1,0,49,0,0,9,0,0,474,4,0,0,1,0,0,0,0,7,76,25,0,113,0,1,7,85,17,4,2,0,0,638,0,38,53,15,0,50,120,24,0,3,0
TS152,ob_gordon,OB,0,0,0,1,111,0,0,0,5,7,2,629,0,0,121,2,6,0,0,70,2,11,4,1,0,0,2,8,0,0,0,3,0,7,0,0,236,3,0,0,0,0,1,0,0,75,368,0,1,0,0,0,6,167,85,0,10,22,0,0,0,6,86,8,0,0,161,0,0,0,0
TS107,ob_gordon,OB,0,13,0,0,29,0,0,0,6,0,0,379,0,1,102,1,0,4,0,0,96,1,16,0,7,67,0,18,0,46,75,2,0,65,0,0,178,6,0,0,0,0,0,0,0,2,105,0,0,53,0,0,0,3,13,0,0,0,0,240,0,23,0,34,0,14,47,25,11,0,0
TS98.2,ob_gordon,OB,0,0,0,0,1,0,0,0,4,0,4,1189,0,0,131,6,0,0,0,0,0,0,36,0,11,0,0,3,0,24,24,0,0,0,0,0,468,0,0,0,0,0,0,0,0,4,45,0,0,0,0,0,0,2,8,0,7,0,0,1,2,77,4,32,0,4,23,0,1,2,0
TS134,ob_gordon,OB,1,0,0,0,23,0,0,0,4,0,1,145,0,0,158,4,0,1,0,19,11,2,7,2,0,13,0,9,0,5,15,0,0,0,0,0,198,3,0,0,0,0,1,0,0,0,51,0,0,0,0,0,0,16,0,0,0,0,0,0,0,51,0,34,0,0,71,0,2,0,0
TS104,ob_gordon,OB,0,0,0,0,57,0,1,0,2,29,1,511,0,0,37,4,0,0,0,11,4,6,18,0,0,2,0,13,0,1,8,1,0,0,0,0,272,0,0,0,0,0,0,0,0,8,101,0,0,0,0,0,1,40,23,0,0,11,0,0,1,11,14,36,0,1,28,0,0,0,0
TS146.2,ob_gordon,OB,1,0,0,8,266,0,1,0,0,68,2,660,52,0,23,0,10,28,0,5,19,1,0,0,1,0,0,3,0,0,7,0,0,19,0,0,167,7,0,0,0,0,0,0,0,4,47,0,0,0,0,0,36,341,4,0,2,22,0,0,0,2,103,44,0,0,28,0,1,0,0
TS168,ob_gordon,OB,0,1,0,3,54,0,0,0,3,2,1,290,0,0,206,3,3,0,0,8,0,0,25,1,5,14,0,135,0,0,3,0,0,4,0,0,152,0,0,2,0,0,0,0,0,15,154,0,0,0,0,0,0,61,0,0,8,0,0,4,0,75,21,14,0,2,200,0,0,0,0
TS99.2,ob_gordon,OW,0,17,0,0,27,0,1,0,1,1,0,1717,0,0,122,0,0,0,0,4,1,8,28,1,0,3,0,0,0,0,0,0,0,0,0,0,175,22,0,0,0,0,0,0,0,0,16,0,0,53,0,0,9,8,4,0,12,0,0,0,0,118,26,23,0,0,0,0,0,0,0
TS160,ob_gordon,OB,0,0,0,0,8,0,0,0,9,2,1,62,1,0,34,4,1,0,0,2,1,0,6,0,2,3,0,24,1,0,13,0,0,4,0,0,373,1,0,0,0,0,0,0,0,21,60,0,0,0,0,1,3,14,1,5,0,0,0,665,1,10,10,6,0,0,19,0,0,2,0
TS132.2,ob_gordon,OB,0,0,0,0,43,0,0,0,2,21,0,1212,0,1,200,3,0,0,0,2,94,6,33,0,0,72,2,11,0,27,92,1,0,0,1,0,156,10,0,1,0,0,1,0,0,9,158,1,0,42,0,0,10,148,11,0,18,3,0,0,2,19,94,67,0,20,74,0,3,0,0
TS190,ob_gordon,OB,0,0,0,0,39,0,0,0,6,1,0,447,8,1,129,9,2,0,0,4,0,14,21,5,2,12,0,105,0,0,12,0,0,0,0,0,402,2,0,0,0,0,0,0,0,30,212,0,0,0,0,0,5,25,4,0,0,0,1,0,0,26,58,26,0,5,116,24,0,0,1
TS143.2,ob_gordon,OB,0,17,0,0,62,0,0,0,0,23,0,757,3,0,98,3,7,4,0,8,34,0,11,0,0,14,0,17,0,24,22,1,0,3,0,0,616,0,0,0,0,0,0,0,0,27,242,2,0,28,0,0,4,30,37,1,1,0,0,144,0,40,30,28,0,15,209,17,1,1,0
TS133,ob_gordon,OB,2,0,0,0,31,0,1,0,3,7,0,434,0,0,50,0,0,46,0,16,13,2,17,0,6,20,0,3,0,16,33,0,0,2,0,0,364,3,0,0,0,0,0,0,0,4,183,0,0,47,0,0,0,30,8,0,17,0,0,1,0,44,18,17,0,12,135,0,4,0,0
TS105,ob_gordon,OB,0,0,0,0,3,0,0,0,0,0,0,92,0,0,563,1,0,0,0,7,2,7,19,8,0,0,1,29,0,13,0,2,0,28,0,0,43,2,0,0,0,0,0,0,0,26,194,0,3,0,0,0,0,0,0,0,0,0,0,0,0,33,18,38,0,4,9,0,0,0,0
TS135.2,ob_gordon,OB,0,7,0,1,66,0,0,0,0,0,0,881,0,0,69,1,3,0,0,1,0,0,39,1,0,0,0,10,0,0,14,0,0,1,0,0,135,5,0,0,0,0,0,0,0,13,100,0,0,0,0,1,12,48,13,0,21,41,0,0,0,60,43,34,0,0,34,0,0,0,0
TS140.2,ob_gordon,OB,0,3,0,0,0,1,0,0,0,3,0,66,8,0,11,4,0,4,0,9,4,0,8,1,1,2,0,12,0,1,6,0,0,10,0,0,533,1,0,0,0,0,0,0,0,3,24,6,0,0,0,0,1,37,1,1,0,0,0,766,0,13,4,3,0,1,26,23,1,0,0
TS106.2,ob_gordon,OB,0,0,0,0,2,0,0,0,7,0,0,615,0,0,136,2,0,0,0,2,21,0,5,0,0,37,0,5,0,0,23,0,0,0,0,0,301,1,0,0,0,0,0,0,0,13,233,0,0,0,0,0,0,1,4,0,0,0,0,0,0,22,1,29,1,21,6,14,3,2,0
TS137.2,ob_gordon,OB,0,0,0,0,15,0,0,0,0,0,2,139,1,0,231,2,0,0,0,23,23,2,2,0,3,11,0,22,0,0,46,0,0,118,0,0,91,6,0,2,0,0,0,0,0,3,202,32,8,0,0,0,5,25,0,3,0,0,0,14,0,45,23,25,0,1,529,0,1,0,0
TS170.2,ob_gordon,OB,0,0,0,0,2,0,1,0,4,0,2,894,0,1,140,0,0,0,0,8,48,5,35,0,13,20,5,8,0,6,25,0,0,174,19,0,60,5,0,0,0,0,0,0,0,3,58,2,0,17,0,0,8,10,28,0,10,0,0,0,0,9,3,46,0,11,19,1,11,1,0
TS131.2,ob_gordon,OB,1,0,0,0,2,0,0,0,4,0,0,811,0,0,604,4,0,0,0,0,21,1,61,4,0,0,0,17,0,37,121,5,0,4,5,0,15,2,0,0,0,0,0,0,0,68,411,21,0,0,0,0,1,0,16,0,0,0,0,0,0,13,1,123,0,3,0,0,0,0,0
TS170,ob_gordon,OB,0,0,0,0,1,0,1,0,8,0,1,5,0,1,376,1,0,0,0,2,6,3,0,0,13,22,0,19,0,0,81,0,0,483,0,0,19,1,0,0,0,0,0,0,0,4,67,0,0,17,0,0,0,1,0,0,0,0,0,0,0,1,21,35,0,26,50,0,1,0,0
TS103,ob_gordon,OB,0,0,0,0,1,0,0,0,15,0,0,168,1,0,40,1,0,0,0,1,7,1,149,0,1,4,0,10,0,0,49,0,0,0,9,0,93,1,0,0,0,0,0,0,0,8,128,1,0,0,0,0,1,2,11,0,2,12,0,0,0,6,0,31,0,1,10,25,0,0,0
TS147,ob_gordon,OB,0,0,0,0,80,1,0,0,5,4,2,701,0,0,224,9,0,0,0,8,6,1,79,2,0,13,0,21,0,0,50,2,0,0,0,0,297,0,0,0,0,0,0,1,0,0,121,0,0,0,0,0,0,21,57,0,25,16,0,0,0,206,85,48,0,14,85,0,0,0,0
TS131,ob_gordon,OB,0,0,0,0,7,1,0,0,9,1,0,870,0,1,481,6,0,0,0,2,18,0,40,7,12,0,0,5,0,57,97,5,0,7,0,0,62,6,0,0,0,0,0,0,0,24,298,56,0,0,0,0,0,1,9,0,0,0,0,0,0,80,0,110,0,3,2,0,0,0,0
BD0017v13,ob_ross,OB,4,0,0,0,174,27,0,0,1,0,0,1837,22,0,170,7,6,0,0,0,4,81,407,51,0,68,1,17,45,0,160,2,0,0,0,86,406,100,154,0,0,0,1,0,0,12,110,0,1,0,0,0,0,41,222,0,1,44,0,1,0,196,43,92,0,4,0,213,0,0,0
BD0027v13,ob_ross,H,0,0,0,20,912,0,0,0,0,0,0,2820,0,0,160,8,0,0,0,30,0,5,328,35,0,18,4,3,0,0,135,1,0,0,1,8,831,29,113,0,0,0,0,0,0,7,24,3,2,0,0,0,115,59,194,0,324,289,0,0,0,161,94,9,0,2,0,0,0,0,0
BD0022v13,ob_ross,H,0,6,0,1,60,63,0,0,0,0,0,3922,4,0,125,4,7,0,0,0,255,215,554,3,0,41,0,0,1,13,98,0,0,48,16,0,21,8,4,0,0,0,2,2,0,0,22,2,0,3,0,0,19,4,329,227,102,620,0,219,0,73,0,66,0,16,0,1,29,1,0
BD0040v13,ob_ross,OB,0,0,0,0,375,0,2,0,1,1,0,2389,18,0,109,13,13,0,0,2,25,12,533,57,5,2,0,6,2,0,108,0,0,0,1,5,1621,110,102,0,0,0,2,4,16,14,42,1,0,0,0,0,84,33,57,239,176,197,0,0,5,202,39,29,0,5,0,0,2,0,0
BD0044v13,ob_ross,OB,2,96,0,207,411,0,0,0,1,1,0,1753,0,0,140,7,21,0,0,27,2,5,99,1,1,6,0,1,5,0,146,0,0,3,0,18,346,286,40,0,0,0,5,0,4,0,106,0,0,11,0,0,9,48,116,117,0,305,0,0,2,34,80,142,0,4,0,0,0,0,0
BD0057v13,ob_ross,H,2,0,0,4,193,1,2,0,1,1,0,1698,4,0,96,1,16,29,0,10,0,4,1027,12,1,2,5,2,70,8,44,0,0,2,0,40,762,156,45,0,0,2,3,0,3,42,439,0,64,0,0,5,148,61,51,61,0,139,1,128,1,140,213,15,0,4,0,23,1,13,7
BD0115v13,ob_ross,H,1,0,0,23,799,4,21,0,0,2,0,866,37,0,46,6,11,0,0,7,7,11,436,0,11,0,0,2,7,72,4,19,0,2,1,79,390,147,107,0,0,0,1,0,0,0,47,4,0,0,0,4,175,47,54,140,1,16,0,0,18,30,21,4,0,1,0,25,0,0,2
BD0190v13,ob_ross,OB,1,0,0,0,45,3,0,0,0,0,0,184,9,1,33,4,14,30,0,4,15,5,122,10,6,1,0,2,0,172,28,0,0,11,1,1,477,35,21,0,17,0,1,0,0,54,27,1,1,43,0,4,16,42,23,9,0,2,0,2032,0,136,2,94,0,182,0,193,0,8,2
BD0072v13,ob_ross,H,0,0,0,0,9,27,0,0,0,0,0,2576,0,0,105,1,0,0,0,0,14,241,475,27,0,4,0,1,0,0,400,0,0,0,0,6,4,1,0,0,0,0,6,0,0,0,62,0,0,0,0,0,9,2,62,0,158,28,0,0,0,176,1,36,0,3,0,0,0,5,0
BD0112v13,ob_ross,OB,0,20,0,0,89,12,0,0,0,0,0,2773,3,0,9,23,0,0,0,0,10,15,90,3,19,2,0,5,0,195,32,0,0,7,0,6,1344,6,28,0,0,1,0,0,0,8,52,0,0,36,0,0,0,23,20,0,144,64,0,0,0,244,67,26,0,4,0,0,0,0,0
BD0246v13,ob_ross,H,0,0,0,0,253,0,1,0,0,0,0,600,19,1,35,3,7,0,0,44,2,21,219,0,16,1,0,12,4,2,18,0,0,0,0,0,282,48,31,0,0,0,0,0,0,0,92,0,0,6,0,0,15,15,13,118,4,1,0,0,9,26,264,24,0,7,0,14,3,0,34
BD0247v13,ob_ross,H,0,33,0,0,98,2,0,0,0,0,0,1526,11,0,88,1,0,0,0,0,1,12,54,15,3,10,0,1,0,0,2,0,0,0,1,1,480,101,60,0,0,0,1,0,1,38,71,0,0,0,0,0,17,13,58,94,0,114,0,0,0,93,76,7,0,0,0,23,0,0,0
BD0266v13,ob_ross,OB,0,0,1,0,161,1,0,0,0,0,0,3154,0,0,53,2,5,0,0,1,1,232,411,19,0,0,0,1,0,0,14,0,0,0,0,25,938,27,56,0,1,0,0,0,0,16,369,1,0,0,0,4,23,24,61,72,39,141,0,0,0,515,9,23,0,95,0,0,0,59,1
BD0235v13,ob_ross,OB,0,8,0,0,132,7,2,0,1,0,0,965,0,1,34,10,28,0,0,4,24,31,80,0,47,5,0,1,4,121,35,0,0,0,51,1,447,67,95,0,28,0,0,0,0,20,45,0,0,0,0,0,6,7,41,179,0,32,0,0,1,250,540,2,0,3,0,0,8,5,0
BD0295v13,ob_ross,OB,1,0,0,2,118,2,2,0,1,1,0,144,0,0,43,2,12,0,0,21,0,19,684,5,0,1,0,2,23,0,46,0,0,20,0,38,595,103,52,0,1,0,0,6,0,10,250,2,0,1,0,0,26,42,37,17,1,3,0,1396,0,82,25,8,0,6,0,58,1,3,3
BD0255v13,ob_ross,OB,0,0,0,1,285,3,0,0,0,1,0,462,15,0,36,1,24,57,0,32,14,0,236,7,13,0,0,2,0,158,57,0,0,6,0,58,657,43,68,0,5,0,1,0,0,16,82,9,0,12,0,3,50,30,50,51,3,0,0,1363,0,297,7,5,0,411,0,83,0,30,14
BD0300v13,ob_ross,H,0,31,115,0,221,2,0,0,0,0,0,3171,19,0,110,3,2,0,0,1,37,0,200,9,385,0,0,1,0,66,50,0,2,17,12,7,753,167,91,0,2,0,1,0,0,13,144,43,5,0,0,4,24,115,211,448,2,1,0,0,0,208,51,1,0,885,0,240,0,25,0
BD0313v13,ob_ross,OB,0,0,0,0,0,4,0,0,0,0,0,13,0,0,21,3,1,70,0,0,0,2,29,0,1,3,0,1,0,82,33,0,0,0,0,3,685,3,13,0,0,0,0,0,0,0,19,0,0,0,0,0,0,4,5,1,4,0,0,679,0,3,0,1,0,0,0,0,0,0,0
BD0331v13,ob_ross,OB,0,0,0,0,0,0,0,0,1,0,0,4487,0,0,106,10,0,0,0,0,0,0,858,0,5,0,0,0,0,0,14,0,0,0,3,0,56,0,0,0,5,0,0,0,0,0,36,7,0,0,0,0,0,0,434,0,0,0,0,0,0,35,0,18,0,96,0,448,0,261,0
BD0318v13,ob_ross,H,0,0,0,0,9,0,0,0,0,2,0,8,0,0,21,1,2,95,0,1,1,0,60,1,0,3,0,3,0,3,18,0,0,1,0,1,103,136,1,0,0,0,0,0,0,0,84,0,0,0,0,0,1,24,5,9,1,1,0,377,0,2,26,3,0,5,0,19,0,0,0
BD0321v13,ob_ross,OB,0,0,0,0,18,2,0,0,0,1,0,774,8,2,137,4,0,124,0,0,396,8,131,0,2,0,0,1,0,0,17,0,0,12,3,0,970,28,49,0,0,0,0,0,0,12,937,0,5,0,0,0,2,27,14,0,1,62,0,1,0,242,52,5,0,16,0,0,2,9,0
BD0351v13,ob_ross,OB,0,492,0,0,115,6,0,0,0,1,0,2792,0,0,90,0,0,0,0,15,3,3,663,0,31,0,0,8,0,257,75,0,0,10,0,0,256,66,50,0,0,0,0,0,0,3,114,1,0,0,0,0,0,52,287,610,873,2,0,1,0,393,182,1,0,40,0,0,0,4,0
BD0409v13,ob_ross,OB,4,31,0,0,22,0,0,0,0,1,0,240,0,0,27,2,5,61,0,3,0,0,188,16,0,3,0,1,0,68,59,0,0,4,0,1,195,128,10,0,0,0,0,5,1,2,67,9,0,0,0,3,10,37,41,6,3,3,0,18,1,5,21,2,0,5,0,1,0,0,2
BD0410v13,ob_ross,OB,4,19,0,0,31,1,2,0,0,0,0,348,0,0,30,3,1,0,0,8,0,13,33,1,1,2,0,0,0,145,18,0,0,2,1,3,460,24,35,0,0,0,0,1,0,7,70,30,0,0,0,0,6,28,5,32,15,0,0,436,0,41,5,0,0,11,0,1,0,5,0
BD0375v13,ob_ross,OB,0,14,0,1,36,0,0,0,0,0,0,499,0,0,24,2,0,0,0,9,2,56,84,9,3,34,0,1,0,173,32,0,0,0,0,15,770,7,17,0,0,0,2,0,0,1,63,0,0,0,0,0,0,19,40,0,12,45,0,2120,0,100,35,19,0,6,0,89,0,6,0
BD0414v13,ob_ross,H,0,0,0,10,14,3,2,0,1,1,0,119,0,0,43,1,2,263,0,6,0,1,1041,19,0,2,0,0,3,39,67,0,0,5,0,44,413,354,35,0,0,0,1,8,0,2,99,0,0,0,0,0,15,36,8,5,0,261,0,227,2,49,30,17,0,0,0,21,5,0,144
BD0422v13,ob_ross,OB,2,27,1,0,447,7,0,0,0,0,0,2690,0,0,63,3,10,0,0,0,0,43,189,34,0,2,0,6,0,0,33,0,0,11,2,0,811,11,10,0,0,0,1,0,0,39,77,0,0,0,0,0,112,71,34,1,1,371,0,1,0,206,13,26,0,1,0,42,0,2,0
BD0464v13,ob_ross,OB,1,91,0,0,91,0,0,0,0,0,0,2504,102,0,263,0,23,0,0,18,0,282,316,64,43,0,0,1,0,2,51,0,0,1,32,0,35,0,11,0,0,0,0,0,0,0,16,0,0,0,0,0,0,7,117,185,157,750,0,0,0,18,0,160,0,9,0,0,0,3,0
BD0468v13,ob_ross,H,0,0,0,0,0,0,0,0,0,0,0,153,0,0,27,3,0,0,0,1,39,30,79,3,0,9,0,0,0,0,20,0,0,0,0,0,469,25,9,0,0,0,0,0,0,0,25,0,0,0,0,0,0,0,14,0,0,68,0,552,0,3,9,35,0,5,0,0,0,7,0
BD0436v13,ob_ross,OB,0,0,0,0,0,0,0,0,0,0,0,5,0,0,2,0,0,0,0,0,0,0,8,0,0,8,0,0,0,0,0,0,0,0,0,2,1,0,0,0,0,0,0,0,0,0,2,0,0,7,0,0,0,0,1,0,42,63,0,986,0,0,0,0,0,15,0,3,0,266,0
BD0553v13,ob_ross,OB,0,7,0,1,30,1,0,0,0,0,0,22,2,0,4,1,0,23,0,1,0,0,2,0,1,8,0,0,0,128,6,0,0,24,0,237,250,30,27,0,1,0,0,1,0,0,2,0,0,0,0,1,0,0,0,1,0,1,0,530,0,3,8,7,0,1,0,0,1,0,0
BD0552v13,ob_ross,OB,0,42,0,0,0,0,0,0,0,0,0,902,0,0,16,0,0,0,0,5,19,0,127,0,2,4,3,2,0,0,6,0,0,1,0,0,0,20,0,0,0,0,0,0,0,1,14,0,0,0,0,0,0,1,116,0,0,54,0,5,0,41,0,2,0,2,0,6,0,0,0
BD0571v13,ob_ross,H,0,58,0,0,25,0,0,0,0,1,0,319,0,0,33,23,2,0,0,0,102,6,26,0,0,2,0,0,0,4,0,0,0,0,3,0,583,47,2,0,0,0,3,0,0,0,3,6,0,0,0,0,3,0,60,22,0,126,0,521,0,0,0,0,0,13,0,6,0,15,0
BD0578v13,ob_ross,OB,39,286,0,4,41,9,0,0,0,0,0,4148,0,0,107,3,0,0,0,14,2,6,152,4,0,0,11,3,2,0,82,1,0,0,34,0,82,30,28,0,0,0,12,0,0,5,92,1,1,48,0,0,50,84,334,0,436,0,0,0,0,14,51,6,0,4,3,0,0,0,0
BD0587v13,ob_ross,H,1,0,1,3,239,0,0,0,0,0,0,992,225,0,591,0,102,0,0,7,11,6,241,18,0,0,7,2,39,0,2,3,0,14,0,18,75,17,1,0,2,0,1,0,0,0,122,773,0,0,0,0,94,34,348,1,0,477,0,4,1,94,19,1,0,41,0,138,0,22,0
BD0592v13,ob_ross,OB,0,30,1,0,851,2,0,0,0,0,0,2781,180,0,49,5,0,0,0,0,0,16,75,11,0,3,0,1,9,1,18,0,0,0,0,19,313,33,59,0,0,0,2,0,0,2,123,0,0,0,0,0,79,71,190,0,738,646,0,0,0,71,10,20,0,7,0,0,0,15,0
BD0594v13,ob_ross,OB,2,364,0,0,565,5,0,0,0,4,0,4544,0,0,78,27,0,0,0,7,0,1,322,8,0,10,0,6,0,0,89,1,0,1,10,30,464,222,32,0,0,0,1,0,0,4,67,4,1,0,0,0,70,169,233,314,172,352,0,2,0,51,36,16,0,1,0,0,0,1,0
BD0610v13,ob_ross,OB,0,12,0,0,140,1,3,0,0,1,0,579,3,0,33,0,7,0,0,1,13,3,97,0,18,1,0,1,1,14,6,0,0,0,0,27,215,70,89,0,0,0,0,0,0,7,68,22,0,8,0,3,13,35,18,41,0,1,0,2,1,17,116,0,0,0,0,0,1,0,15
BD0611v13,ob_ross,OB,5,0,0,8,194,0,2,0,0,2,0,1368,39,0,43,4,4,0,0,2,22,20,81,0,6,0,0,2,30,15,37,0,0,0,0,17,371,151,35,0,1,0,0,1,0,69,67,0,0,0,0,0,3,27,37,278,0,25,0,0,7,47,14,3,0,326,0,2,2,1,4
BD0613v13,ob_ross,H,4,0,0,0,227,0,0,0,3,3,6,1947,0,4,134,0,0,0,0,18,0,33,230,3,0,0,0,0,0,0,0,1,1,33,4,28,625,16,0,0,1,0,3,0,0,0,177,0,1,0,0,0,0,74,76,1,0,112,0,0,4,25,38,1,0,59,0,0,0,1,3
BD0636v13,ob_ross,OB,1,118,0,0,695,0,0,0,0,2,0,1509,0,0,23,0,31,0,0,2,0,24,119,33,25,7,45,0,0,17,124,2,0,9,17,46,62,269,19,0,0,0,0,0,0,0,39,0,0,0,0,0,26,45,103,41,3,0,2,31,0,17,285,1,0,104,0,0,0,0,0
BD0616v13,ob_ross,OB,1,0,0,0,95,3,0,0,0,0,0,653,13,0,23,1,5,0,0,0,0,56,120,27,0,3,0,2,0,5,106,0,0,0,0,3,338,20,17,0,1,0,1,1,2,14,130,0,1,0,0,0,27,22,16,87,0,161,0,1533,0,99,0,40,0,27,0,216,0,7,0
BD0653v13,ob_ross,H,2,181,2,31,714,45,1,0,0,2,0,4624,0,2,298,13,23,33,0,53,15,109,695,46,19,21,2,15,0,249,122,0,0,3,159,69,2303,239,296,0,1,0,4,0,1,24,391,1,4,3,0,0,20,64,153,88,110,191,0,1,16,468,223,99,0,61,0,177,0,105,5
BD0643v13,ob_ross,OB,2,249,1,203,15,0,0,0,0,6,0,2052,0,0,50,3,0,0,0,6,1,19,135,20,0,29,1,4,0,0,0,2,0,0,0,14,4,64,6,0,0,0,3,0,0,0,24,0,0,0,0,0,14,18,152,0,0,430,0,2,0,7,28,12,0,77,0,0,0,0,0
BD0654v13,ob_ross,H,1,59,2,29,279,3,0,0,0,2,0,1491,0,16,51,2,4,0,0,3,11,9,120,2,1,3,0,4,4,46,28,0,0,0,0,3,569,57,227,0,1,0,0,0,0,13,69,0,0,44,0,0,10,19,57,51,10,12,0,1,2,243,52,15,0,8,0,30,6,6,1
BD0673v13,ob_ross,H,0,0,0,11,139,0,0,0,0,0,0,2264,0,0,112,2,5,0,0,1,0,0,154,13,0,5,2,1,1,0,15,1,0,2,8,10,397,36,35,0,0,0,0,0,0,2,127,1,0,0,0,0,15,27,35,0,138,2,0,0,0,61,63,102,0,21,0,0,0,1,0
BD0735v13,ob_ross,OB,0,0,0,0,9,2,0,0,0,0,0,744,0,0,43,2,4,137,0,1,17,0,125,17,5,4,0,3,2,120,32,0,0,2,3,8,180,50,45,0,0,0,0,0,0,6,105,0,0,0,0,0,12,35,28,82,0,0,0,1213,0,54,14,7,0,3,0,228,0,0,2
BD0760v13,ob_ross,OB,0,0,1,0,27,4,0,0,0,0,0,1370,0,0,86,27,2,0,0,0,1,124,151,9,0,8,0,3,0,224,84,0,0,0,0,2,390,8,16,0,5,0,0,0,0,2,79,0,0,0,0,0,15,13,62,69,0,3,0,912,0,115,0,81,0,3,0,72,3,1,0
BD0764v13,ob_ross,H,0,0,0,0,1,1,0,0,0,0,0,20,1,0,0,0,0,2,0,1,0,0,25,2,0,0,0,0,0,0,1,0,0,0,0,0,169,3,3,0,0,0,0,0,0,0,2,2,0,0,0,0,0,1,4,0,1,0,0,661,0,3,0,0,0,7,0,2,0,2,0
BD0777v13,ob_ross,OB,0,1,0,0,115,3,0,0,0,0,0,1433,35,0,31,6,1,0,0,0,0,34,212,16,0,0,0,0,0,0,76,0,0,14,54,1,197,16,24,0,0,0,4,0,0,0,42,3,0,0,0,0,13,10,151,0,0,111,0,408,0,85,0,6,0,24,0,50,0,7,0
BD0778v13,ob_ross,OB,0,0,0,0,8,0,0,0,1,0,0,32,0,0,6,2,0,0,0,1,9,1,108,1,12,0,0,3,0,13,9,0,0,0,1,3,30,23,2,0,0,0,0,0,3,0,56,175,0,0,0,0,0,15,0,2,0,0,0,355,0,10,9,1,0,431,0,6,1,29,0
BD0758v13,ob_ross,H,0,3,0,0,166,1,0,0,0,5,0,391,175,0,130,1,23,0,0,2,2,3,115,11,2,1,0,0,0,37,20,0,0,0,0,11,430,63,23,0,0,0,0,0,0,0,49,0,0,11,0,0,46,56,128,229,0,264,0,1890,0,14,11,2,0,11,0,70,0,2,0
BD0779v13,ob_ross,H,0,0,0,0,28,2,0,0,0,0,0,195,0,0,28,1,0,0,0,1,1,0,58,5,0,0,0,1,0,0,40,1,0,0,0,1,157,29,14,0,0,0,0,0,0,7,60,0,0,0,0,0,0,11,17,26,0,81,0,493,0,28,11,6,0,0,0,0,0,0,0
BD0789v13,ob_ross,H,0,0,0,0,39,0,0,0,0,2,0,810,0,0,23,1,4,0,0,0,0,6,132,3,5,1,0,3,0,2,3,0,1,3,0,1,524,60,20,0,3,1,2,0,0,21,76,0,2,1,0,1,4,30,17,0,0,21,0,3,0,98,3,2,0,83,0,0,1,53,1
BD0791v13,ob_ross,OB,0,2,0,7,21,0,0,0,2,1,0,365,0,0,92,3,8,393,0,1,1,15,88,5,2,15,0,3,5,0,58,0,0,17,0,15,130,133,8,0,0,0,0,1,0,3,26,8,1,4,0,5,25,33,14,1,0,0,0,237,0,12,0,11,0,9,0,6,0,0,1
BD0821v13,ob_ross,H,0,1,0,9,12,0,1,0,0,4,0,1435,100,0,139,6,0,1,0,9,1,1,94,18,5,17,62,0,0,73,50,0,0,3,3,2,415,190,71,0,0,0,0,0,2,2,135,3,3,5,0,0,0,10,53,5,18,49,0,136,4,131,18,36,0,22,0,20,0,1,0
BD0786v13,ob_ross,OB,0,0,0,0,12,0,0,0,0,0,0,873,6,0,19,1,0,0,0,0,10,5,416,2,3,2,0,5,0,0,14,0,0,0,0,3,237,9,34,0,0,0,0,0,0,7,67,0,0,0,0,0,2,21,37,36,20,56,0,1,0,45,16,11,0,2,0,17,0,19,0
BD0790v13,ob_ross,H,1,108,1,0,0,0,0,0,0,0,0,940,0,0,54,3,0,0,0,0,14,4,124,0,1,0,0,1,0,32,19,0,0,1,0,0,280,3,12,0,0,0,3,0,0,4,49,0,0,33,0,0,0,8,7,35,17,1,0,0,0,134,6,1,0,8,0,0,0,4,0
BD0913v13,ob_ross,OB,0,55,2,0,11,1,0,0,0,0,0,1956,2,0,36,2,0,97,0,0,2,3,527,1,6,2,0,13,0,1,22,0,0,0,0,0,442,8,9,0,0,0,0,0,0,10,76,2,1,40,0,0,2,5,28,0,0,109,0,0,0,124,29,54,0,46,0,82,0,113,0
BD0914v13,ob_ross,OB,0,0,0,0,7,0,0,0,0,0,0,13,3,0,4,0,1,1,0,1,1,0,19,0,13,1,0,3,0,0,5,0,0,0,0,0,73,6,8,0,0,0,0,0,0,13,43,1,0,7,0,0,3,3,2,2,0,0,0,700,0,11,19,1,0,1,0,0,0,0,2
BD0933v13,ob_ross,H,0,0,0,0,45,0,0,0,0,0,0,702,14,0,29,1,5,0,0,3,0,17,78,3,3,0,0,0,0,7,18,0,0,0,0,16,139,81,14,0,0,0,0,0,0,1,30,0,0,0,0,0,15,3,8,45,1,7,0,3,1,11,300,2,0,1,0,0,0,0,0
BD0954v13,ob_ross,H,0,0,0,1,29,1,0,0,0,1,0,108,0,0,17,0,2,13,0,0,1,1,379,2,3,0,0,27,1,17,18,0,0,0,0,1,158,30,5,0,1,0,0,0,0,28,92,69,9,0,0,0,3,17,8,12,3,0,0,392,0,57,24,1,0,87,0,7,1,89,1
BD0981v13,ob_ross,H,1,0,0,1,95,0,11,0,0,0,0,695,0,0,68,0,0,0,0,10,0,0,160,10,7,0,9,3,0,0,41,0,0,0,3,60,38,223,2,0,0,0,0,0,0,0,51,0,0,0,0,0,5,49,50,0,2,12,0,1,50,40,147,0,0,2,0,0,0,0,2
216,ob_zupancic,H,0,17,0,0,0,0,0,0,0,58,1,86,0,0,34,0,0,15,0,11,103,1,7,0,468,0,0,33,0,0,19,0,0,39,0,0,592,0,0,0,5,0,0,0,0,46,102,3,0,0,0,0,0,148,0,16,0,0,0,681,2,167,111,70,0,4,25,768,0,21,0
p40s1,ob_zupancic,OB,0,0,0,0,124,0,2,0,76,0,0,144,18,0,26,2,0,20,0,45,123,0,0,0,27,21,0,4,13,0,13,8,0,87,0,0,90,5,0,0,0,0,0,0,0,0,15,0,0,0,0,0,4,76,38,22,0,0,0,417,4,19,13,88,1,10,67,2,18,0,0
p40s2,ob_zupancic,OB,0,0,0,0,0,0,0,0,4,14,6,437,0,0,69,0,0,2,0,5,211,0,4,0,145,0,0,14,0,0,104,1,0,199,0,0,587,0,0,0,0,0,2,0,0,28,222,3,0,0,0,0,0,39,39,2,0,0,0,719,6,48,62,274,0,0,82,12,0,0,0
p122s1,ob_zupancic,H,0,0,0,0,0,0,0,0,83,16,1,11,0,0,31,2,2,182,0,11,57,0,5,0,9,17,0,123,2,0,18,0,0,251,0,0,272,6,0,0,2,0,0,3,0,80,24,0,2,0,0,0,3,40,0,3,0,0,0,3251,0,31,26,40,0,20,33,2,6,0,0
213,ob_zupancic,OB,0,0,0,0,0,0,0,2,0,10,0,392,0,0,37,8,0,0,0,58,54,0,0,0,17,31,0,37,3,0,6,0,0,74,0,0,881,7,0,0,0,0,0,0,0,6,102,0,0,0,0,0,2,61,1,21,0,0,0,142,11,137,111,81,14,0,341,2,7,0,0
210,ob_zupancic,H,0,0,0,0,13,0,0,0,3,66,4,73,0,2,39,1,1,0,0,5,45,0,0,0,8,23,0,19,0,0,17,0,0,0,0,0,73,6,0,0,0,0,0,6,0,1,28,0,0,0,0,0,0,96,2,0,0,0,0,6,22,1,1,104,0,8,72,0,0,0,0
211,ob_zupancic,H,0,0,0,0,1,0,0,0,0,0,0,313,2,0,10,0,0,64,0,0,16,0,1,0,54,8,0,33,0,5,26,47,0,35,0,0,87,2,0,0,0,0,0,2,0,0,36,0,0,0,0,0,21,37,13,28,0,0,0,572,5,12,1,52,0,0,99,2,0,0,0
p81s2,ob_zupancic,OB,0,0,0,0,1,0,0,0,6,3,0,158,7,0,23,11,0,14,0,4,211,0,27,0,10,29,0,48,0,0,21,4,0,51,15,0,460,3,0,0,0,0,0,12,0,103,104,0,0,0,0,0,3,21,27,0,0,2,0,2919,2,292,19,80,0,160,17,2,34,0,0
p81s1,ob_zupancic,OB,0,0,0,0,0,0,0,0,0,9,0,153,0,0,29,2,0,9,0,0,189,0,4,0,352,5,0,27,0,0,13,2,0,26,0,0,282,0,0,0,0,0,0,7,0,16,814,0,0,0,0,0,0,19,65,0,0,0,0,4113,0,415,15,68,0,0,7,14,6,0,2
p39s1,ob_zupancic,OB,0,0,0,0,0,0,0,0,0,47,2,712,35,0,40,2,0,0,0,2,122,0,0,0,98,15,0,4,4,0,26,4,0,728,0,0,418,0,0,0,0,0,0,0,0,4,152,0,0,0,0,0,0,46,300,13,0,0,0,395,2,91,83,127,0,0,9,35,0,0,0
p39s2,ob_zupancic,OB,0,0,0,0,6,0,0,0,0,0,4,430,43,0,46,0,0,0,0,5,33,0,6,5,6,8,129,30,0,0,25,0,0,0,0,0,339,0,0,0,0,0,0,0,0,4,727,0,0,0,0,0,5,55,18,0,0,193,0,0,2,57,78,285,0,0,2,1,0,0,0
219,ob_zupancic,H,0,0,0,0,0,0,0,0,0,2,0,1856,0,0,4,0,0,0,0,3,41,10,4,0,13,0,0,0,0,0,8,0,0,55,0,0,361,0,0,0,0,0,0,0,0,0,14,0,0,0,0,0,4,3,998,0,0,0,0,1,0,656,0,41,0,3,0,3,5,0,0
p6s1,ob_zupancic,OB,0,0,0,0,0,0,0,0,5,3,0,855,0,0,9,0,0,0,0,0,2,0,0,2,0,0,0,51,0,0,3,10,0,0,0,0,171,0,0,0,4,0,0,0,0,67,263,0,0,0,0,0,0,17,0,44,0,0,0,4,0,18,4,19,0,0,7,0,0,0,0
p158s1,ob_zupancic,OB,0,6,0,0,0,2,0,0,0,57,8,10,0,0,24,4,0,0,0,7,20,0,3,0,6,16,0,264,14,41,24,0,0,140,0,0,493,1,0,0,0,0,0,0,0,55,252,0,0,11,0,0,3,87,43,4,0,0,0,1619,7,109,111,82,0,0,16,1,11,0,0
p106s1,ob_zupancic,H,0,0,0,0,13,0,0,0,2,0,0,11,0,0,5,14,0,0,0,0,0,0,0,0,5,0,0,9,2,0,8,0,0,7,0,0,98,0,0,0,0,0,0,0,0,2,24,0,0,0,0,0,2,332,13,12,0,0,0,647,60,36,352,1,0,0,39,0,0,0,0
p159s1,ob_zupancic,OB,0,51,7,2,0,2,0,0,8,2,4,996,0,0,16,2,0,0,0,13,12,0,3,0,0,9,0,21,4,4,29,0,0,2,2,0,159,32,0,0,0,0,0,17,0,5,150,0,0,0,0,0,14,25,34,4,0,0,25,21,0,39,111,293,77,55,77,0,0,0,0
24,ob_zupancic,OB,11,0,0,0,0,192,0,0,2,0,22,8,0,0,16,0,0,0,0,0,2,0,0,0,0,0,0,19,0,0,2,0,0,0,0,0,7,0,0,0,0,0,0,0,0,48,6,0,0,0,0,0,0,4,0,0,0,0,0,29,0,3,0,4,0,0,0,0,25,0,0
224,ob_zupancic,OB,0,0,0,0,6,0,3,0,2,1,1,69,0,0,48,0,0,0,0,16,12,0,1,0,19,3,0,49,2,0,25,10,0,0,0,0,695,0,3,0,0,0,0,0,0,59,182,0,0,0,0,0,0,21,2,0,0,0,0,579,0,115,24,219,0,0,137,13,0,0,0
471,ob_zupancic,OB,0,2,0,0,0,0,0,0,2,1,0,71,0,0,56,3,0,53,0,0,44,0,1,0,26,0,0,14,0,0,12,1,0,33,0,0,565,2,0,0,0,0,0,5,0,43,17,3,0,0,0,0,0,34,0,0,0,0,0,152,1,10,43,20,0,4,30,0,9,0,0
p133s1,ob_zupancic,OB,0,0,0,0,0,0,0,0,0,0,0,863,15,0,4,0,2,0,0,5,1,0,0,2,0,0,0,0,0,9,0,0,0,2,0,0,87,10,0,0,0,0,0,0,0,131,78,0,0,0,0,0,0,0,4,0,12,0,0,0,0,150,0,26,0,0,5,0,0,0,0
p79s1,ob_zupancic,H,0,0,0,0,0,0,0,0,2,0,0,18,0,0,31,7,0,110,0,2,27,0,2,2,58,3,0,16,6,52,15,3,0,68,0,0,163,0,0,0,3,0,0,5,0,18,72,0,0,0,0,0,0,40,3,0,0,0,0,3230,3,48,205,45,4,1,77,9,0,0,0
p36s1,ob_zupancic,OB,0,0,0,0,5,0,0,0,21,1,10,742,13,0,39,12,1,376,0,26,71,1,1,3,2,4,0,25,20,0,9,0,0,0,0,0,29,3,0,0,0,0,4,0,0,105,40,2,0,0,0,0,3,3,63,156,0,0,0,591,8,138,23,120,0,0,0,2,0,0,0
p71s1,ob_zupancic,H,0,0,0,0,5,3,0,0,0,0,0,20,0,0,6,3,0,0,0,0,0,0,0,0,1,0,0,6,0,0,5,0,0,145,0,0,72,0,0,0,0,0,0,0,0,9,60,0,0,0,0,0,0,21,49,0,0,0,0,598,8,6,3,18,0,0,2,0,0,0,0
p71s2,ob_zupancic,H,0,0,0,0,0,0,0,0,3,45,11,8,0,0,82,0,5,0,0,2,57,0,25,100,29,2,0,480,0,0,41,6,0,312,0,0,1261,7,0,0,0,0,0,0,0,20,202,0,0,0,0,0,0,175,45,4,0,0,0,343,12,143,178,118,0,0,48,461,0,0,17
p152s1,ob_zupancic,OB,0,0,0,0,2,0,0,0,19,3,0,55,0,0,10,12,0,0,0,0,1,0,2,0,1,5,0,56,3,0,2,0,0,27,0,0,182,0,0,0,0,0,0,0,0,49,67,0,0,0,0,0,1,10,16,87,0,0,0,2701,2,144,53,109,11,0,47,0,5,0,0
p69s2,ob_zupancic,H,0,0,0,0,0,0,0,2,64,0,5,87,0,0,80,9,0,179,0,73,19,0,7,0,11,9,0,77,6,0,26,0,0,167,0,0,836,6,0,0,0,0,0,35,0,77,451,0,0,0,0,0,0,211,1,44,0,0,0,1473,2,5,105,190,0,1,44,2,0,0,0
p95s2,ob_zupancic,OB,0,0,0,0,1,2,0,0,23,1,2,35,0,0,69,6,0,335,0,0,239,0,4,0,5,29,0,67,1,151,13,0,0,234,0,0,652,5,0,0,0,0,0,2,0,227,98,0,0,0,0,0,1,1,25,22,0,0,0,2427,4,237,44,111,0,49,62,3,267,0,0
346,ob_zupancic,H,0,0,0,0,4,0,0,0,14,17,0,414,14,0,84,0,0,0,0,31,7,0,6,0,5,0,0,0,0,0,2,0,0,2,0,0,227,6,0,0,0,0,1,0,0,20,49,0,0,0,0,0,1,63,16,0,0,22,0,173,2,224,13,56,10,2,3,0,4,0,0
p95s1,ob_zupancic,OB,0,0,0,0,2,0,0,0,5,0,0,84,0,0,7,0,0,49,0,0,0,0,1,0,0,0,0,5,1,0,3,4,0,57,0,0,144,0,0,0,0,0,0,0,0,12,18,0,0,0,0,0,2,1,21,8,0,0,0,3841,1,60,4,52,0,2,7,1,2,0,0
p10s1,ob_zupancic,H,0,0,0,0,0,33,0,0,0,0,0,24,0,0,7,1,0,153,0,0,6186,0,3,0,65,4,0,2,0,0,3,0,0,51,0,0,128,0,0,0,169,0,0,0,0,7,4,0,0,0,0,0,0,5,0,10,0,0,0,2376,0,22,0,30,0,168,3,13,0,38,0
p10s2,ob_zupancic,H,0,0,0,1,0,97,0,0,4,0,0,50,0,0,18,2,0,164,0,0,18,2,3,0,2,3,0,86,0,0,4,0,0,52,0,0,135,0,0,0,0,0,0,2,0,125,15,0,0,0,0,0,0,19,11,27,0,0,0,3200,2,236,156,36,0,0,22,3,0,0,0
p17s1,ob_zupancic,H,0,0,0,0,16,0,0,0,0,0,83,540,4,0,181,0,0,18,0,0,0,2,3,0,0,7,0,10,0,0,148,0,0,42,0,0,1033,0,0,0,0,0,0,0,0,16,79,0,0,0,0,0,1,5,16,2,0,0,0,941,4,88,49,37,0,0,52,0,0,0,0
283,ob_zupancic,OB,0,0,0,0,0,0,0,0,20,1,0,206,2,0,45,11,0,0,0,4,56,11,4,1,3,11,0,75,0,61,22,0,0,1829,0,0,827,0,0,0,0,0,0,2,0,111,66,0,0,0,0,0,0,23,0,0,0,1,0,19,0,221,278,46,0,7,45,0,0,0,0
220,ob_zupancic,OB,0,0,0,0,7,0,0,0,0,131,13,1343,0,0,23,0,8,0,0,3,164,0,1,3,62,2,0,11,0,0,11,0,0,0,0,0,40,2,0,0,0,0,0,0,0,1,29,0,0,0,0,0,0,826,83,0,0,0,0,213,1,92,10,64,0,0,33,6,0,0,0
p62s1,ob_zupancic,H,0,0,0,0,2,0,0,0,0,2,1,1524,2,0,11,0,0,135,0,3,6,0,242,0,0,0,0,16,9,0,42,0,0,9,0,0,69,1,0,0,0,0,0,0,0,8,9,0,0,0,0,0,0,77,3,3,0,0,0,1,0,7,34,52,0,0,17,0,0,0,0
p62s2,ob_zupancic,H,0,0,0,0,0,0,0,0,0,4,0,26,0,0,5,2,0,0,0,0,0,0,0,0,0,0,0,0,0,0,0,0,0,0,0,0,98,0,0,0,0,0,0,2,0,1,21,2,0,0,0,0,0,16,1,0,0,0,0,118,2,21,6,32,1,0,3,0,0,0,0
p74s2,ob_zupancic,OB,2,0,0,0,0,0,0,0,0,6,44,68,0,0,61,0,2,29,0,7,159,0,1,2,25,26,0,141,0,0,44,2,0,779,0,0,504,2,0,0,0,0,0,2,0,9,87,0,0,0,0,0,0,456,113,1,0,2,0,250,5,39,175,112,0,2,75,0,0,0,0
p74s1,ob_zupancic,OB,0,0,0,0,0,0,0,0,6,0,3,186,0,0,16,0,0,0,0,0,0,0,0,0,0,0,0,0,0,0,57,0,0,2,0,0,26,0,0,0,0,0,0,0,0,0,10,0,0,0,0,0,1,39,103,0,0,0,0,24,0,3,88,10,0,0,15,0,0,0,0
p37s1,ob_zupancic,OB,0,0,0,0,0,0,0,0,0,1,13,126,0,0,7,0,0,0,0,6,84,2,2,3,22,3,0,8,0,0,3,0,0,36,0,0,112,17,0,0,0,0,0,0,0,0,58,0,0,0,0,0,2,515,27,5,0,107,0,47,3,17,0,25,0,4,16,1,1,0,0
p138s1,ob_zupancic,OB,0,0,0,0,0,0,0,0,0,0,1,129,0,0,26,2,0,63,0,8,0,0,10,0,1,0,0,28,1,0,61,0,0,21,0,0,554,0,0,0,0,0,0,0,0,93,41,0,0,0,0,0,3,16,17,43,0,0,0,1173,0,92,0,28,0,2,1,0,0,0,0
p125s1,ob_zupancic,OB,0,0,0,0,0,3,0,0,3,7,2,90,0,0,19,6,0,319,0,1,91,0,2,1,17,0,0,8,8,149,6,0,0,51,0,0,305,4,0,0,0,0,0,12,0,0,59,0,0,2,0,0,1,8,3,2,0,3,0,2253,2,99,35,16,0,3,17,0,1,0,0
p7s2,ob_zupancic,H,0,0,0,0,0,0,0,0,7,0,0,1170,0,0,1,0,0,1,0,0,2,0,193,0,13,0,0,116,0,0,18,2,0,8,0,0,30,0,0,0,0,0,0,5,0,1,46,0,0,0,0,0,0,4,8,12,0,0,0,1106,0,671,32,1096,0,0,1,0,0,0,0
p7s1,ob_zupancic,H,0,0,0,0,0,0,0,0,0,0,0,30,0,0,4,2,0,0,0,0,26,132,3,0,2,2,0,16,0,0,5,0,0,137,0,0,130,9,0,0,0,0,0,5,0,4,55,0,0,0,0,0,0,48,105,6,0,0,0,1546,0,168,0,29,0,0,3,0,3,0,0
p151s1,ob_zupancic,OB,0,0,0,114,1,0,0,0,15,135,10,212,0,0,20,6,0,0,0,1,105,0,0,0,4,0,0,456,27,0,9,0,0,130,0,0,70,21,0,0,0,0,0,5,0,17,110,0,0,0,0,0,0,172,27,9,0,0,0,110,5,23,24,89,0,1,46,4,0,0,0
59,ob_zupancic,OB,0,0,0,0,0,0,0,0,0,0,2,1248,18,0,95,3,0,0,0,0,0,0,7,0,0,0,0,45,0,0,14,0,0,289,0,0,188,14,0,7,0,0,0,90,0,0,54,0,0,0,0,0,23,23,89,54,0,0,0,425,5,93,26,102,0,0,88,6,0,0,0
269,ob_zupancic,OB,0,0,0,0,0,1,0,0,4,10,0,26,1,0,34,3,0,0,0,0,41,0,1,3,21,0,0,16,1,24,9,0,0,139,0,0,374,4,0,0,0,0,0,8,0,19,201,0,0,0,0,0,0,16,2,0,0,0,0,305,2,92,108,50,0,2,54,0,0,0,0
p77s1,ob_zupancic,OB,0,0,0,0,1,0,0,0,140,0,0,3785,0,0,255,9,0,2,0,0,0,8,31,15,0,0,0,69,0,0,187,6,0,0,0,0,693,4,0,0,0,0,1,0,0,1,53,0,0,0,0,0,2,2,0,0,0,78,0,1189,0,45,37,2687,0,7,156,0,0,0,0
p61s1,ob_zupancic,H,0,0,0,0,3,1,0,0,1,18,3,54,13,0,29,15,0,408,0,10,123,0,0,0,24,8,0,35,8,0,15,0,0,318,0,0,437,9,0,0,0,0,0,26,0,13,67,5,0,0,0,0,0,88,35,3,0,0,0,1873,12,21,3,68,0,43,108,0,28,0,4
p85s2,ob_zupancic,OB,0,0,0,3,3,0,0,0,9,5,10,169,0,0,33,4,0,141,0,1,303,3,4,3,20,13,0,182,8,51,22,0,0,199,0,0,822,4,0,0,0,0,0,7,0,58,166,0,0,0,0,0,2,102,81,61,0,0,0,2302,5,115,155,253,0,1,25,68,0,0,0
p85s1,ob_zupancic,OB,0,0,0,0,26,0,0,0,0,2,0,35,0,0,13,0,0,70,0,0,0,0,5,0,1,0,0,25,0,16,15,0,0,8,0,0,227,0,0,0,0,0,0,0,0,15,40,0,0,0,0,0,3,36,3,16,0,0,0,3986,3,25,45,127,0,4,6,5,1,0,0
p29s1,ob_zupancic,H,0,0,0,0,14,0,0,0,58,31,1,67,5,0,49,14,0,398,0,11,96,0,0,0,21,2,0,122,0,0,16,2,0,82,0,0,332,12,0,0,0,0,0,0,0,32,51,2,0,0,0,0,0,217,8,0,19,0,0,25,1,32,204,32,3,5,92,0,0,0,0
54,ob_zupancic,H,0,0,0,0,0,21,0,0,5,0,5,134,2,0,55,2,0,189,0,38,34,0,9,0,2,19,0,30,0,60,66,7,0,1778,0,0,945,23,0,0,0,0,0,25,0,19,207,0,0,0,0,2,2,118,6,0,0,0,0,833,1,50,239,103,7,14,62,0,0,0,0
p29s2,ob_zupancic,H,0,0,0,0,4,0,0,0,7,2,0,48,2,0,34,3,0,365,0,4,15,0,0,0,1,16,0,218,0,0,3,0,0,13,0,0,134,0,0,0,0,0,0,13,0,40,10,0,0,0,0,0,3,692,5,0,2,0,0,6,0,36,283,39,0,1,61,0,3,0,0
53,ob_zupancic,H,0,0,0,2,4,0,0,0,115,79,7,195,9,0,81,3,0,4,0,96,115,4,8,2,14,0,2,47,2,0,40,4,0,148,0,0,641,6,0,0,0,0,0,7,0,52,91,0,0,0,0,0,8,117,8,0,0,2,0,1279,13,171,156,135,15,4,70,15,7,0,0
415,ob_zupancic,OB,0,0,0,0,0,0,0,0,1,0,19,99,0,0,333,5,0,203,0,46,96,0,1,0,132,15,0,268,0,0,13,9,0,466,0,0,1560,9,0,0,0,0,0,6,0,33,45,0,0,0,0,0,2,146,12,5,0,2,0,194,1,66,140,53,0,0,68,0,0,0,0
p111s2,ob_zupancic,H,0,0,0,0,0,0,0,0,0,0,0,109,0,0,32,0,0,45,0,0,10,6,0,0,0,15,0,29,0,3,23,3,0,405,0,0,246,0,0,0,0,0,0,3,2,0,40,0,0,0,0,0,10,7,3,0,0,0,0,388,0,14,25,70,0,17,20,0,0,0,0
410,ob_zupancic,H,0,0,0,0,0,0,0,0,0,0,0,3,0,0,0,0,0,0,0,0,0,0,0,0,0,0,0,0,0,0,0,0,0,0,0,0,8,0,0,0,0,0,0,0,0,0,1,0,0,0,0,0,0,0,0,0,0,0,0,15,0,0,1,0,0,0,1,0,0,0,0
411,ob_zupancic,H,0,0,0,0,0,0,0,0,0,2,0,19,0,0,12,0,0,0,0,0,41,0,0,2,39,0,0,0,0,60,1,0,0,28,0,0,154,0,0,0,0,0,0,0,0,10,68,0,0,0,0,0,0,11,1,18,0,0,0,1485,4,13,68,14,0,0,1,25,2,0,0
298,ob_zupancic,H,0,0,0,0,0,0,0,0,3,5,4,652,0,0,88,0,0,1,0,0,35,0,4,2,25,0,0,13,0,36,15,0,0,23,0,0,461,0,0,0,0,0,0,0,0,84,180,0,0,0,0,0,0,23,12,16,0,0,0,1099,2,573,27,94,0,4,10,5,0,0,0
p55s1,ob_zupancic,H,2,0,0,0,37,0,0,0,16,0,0,278,4,0,41,52,0,49,0,0,58,2,5,2,10,2,0,28,11,54,18,0,0,97,0,0,1093,0,0,0,0,0,0,19,0,14,33,10,0,0,0,0,0,68,15,34,0,0,0,552,5,177,78,86,0,8,33,2,0,0,0
297,ob_zupancic,OB,0,0,0,0,3,0,0,0,0,0,0,139,0,0,26,2,0,0,0,0,7,42,8,1,1,7,0,11,2,0,19,0,0,388,0,0,127,9,0,0,0,0,0,0,0,2,57,0,0,0,0,0,0,15,6,0,0,2,0,435,0,40,30,77,0,0,8,1,0,0,0
373,ob_zupancic,H,0,0,0,11,2,0,0,0,0,0,5,1588,2,0,97,3,0,482,0,7,145,7,30,0,10,8,0,113,13,0,22,0,0,47,0,0,896,22,0,0,0,2,1,4,0,28,81,0,0,0,0,0,2,117,23,10,0,133,0,628,2,105,53,250,0,7,41,6,14,0,0
p116s1,ob_zupancic,OB,0,0,0,0,0,0,0,0,0,5,0,156,0,4,7,0,7,3,0,0,19,7,0,0,18,3,0,66,0,0,15,0,0,446,0,0,445,16,0,0,0,0,0,0,0,0,21,0,0,0,0,4,6,45,26,0,0,0,0,27,4,54,2,99,0,2,23,2,4,0,0
376,ob_zupancic,H,0,0,0,0,0,0,0,0,1,6,0,28,0,0,34,2,0,0,0,4,148,0,5,0,31,5,0,88,2,26,13,0,0,178,0,0,355,2,0,0,0,0,0,23,0,69,91,0,0,0,0,0,0,26,3,13,0,0,0,4655,0,109,41,30,5,7,6,3,4,0,0
p153s1,ob_zupancic,OB,0,0,0,0,1,0,0,0,3,20,0,242,5,0,30,6,0,306,0,0,17,0,0,0,3,8,0,39,3,0,20,0,0,219,0,0,778,0,0,0,0,0,0,0,0,214,152,0,0,2,0,0,0,17,11,2,0,0,3,1457,23,92,61,101,10,25,115,4,2,0,0
p58s1,ob_zupancic,H,0,0,0,0,0,0,0,0,28,3,0,151,0,0,103,3,0,115,0,0,92,0,2,0,62,8,0,152,2,0,31,0,0,155,0,0,379,2,0,0,0,0,0,24,0,102,40,0,0,0,0,0,1,2,3,2,0,0,0,4040,0,152,84,272,1,59,29,6,6,0,0
179,ob_zupancic,H,0,0,0,11,8,0,0,0,4,8,0,335,3,0,53,2,3,51,0,0,3,15,3,0,16,1,0,57,14,0,25,0,0,91,0,0,125,1,0,0,0,0,5,39,0,1,65,0,0,0,0,0,1,26,17,10,0,0,0,25,0,18,51,36,0,6,30,0,0,0,0
313,ob_zupancic,OB,0,0,0,0,2,0,0,0,3,2,1,31,0,0,24,0,0,29,0,1,34,0,5,0,9,6,0,102,0,0,1,0,0,68,0,0,163,0,0,0,0,0,0,0,0,7,21,0,0,0,0,0,0,68,6,1,0,0,0,2440,0,72,32,56,0,14,14,4,9,0,0
p11s2,ob_zupancic,OB,1,0,0,0,0,0,0,0,445,91,11,0,0,0,99,21,0,2,0,16,46,0,1,0,7,0,0,26,3,0,32,0,0,58,0,0,75,13,0,0,0,0,0,2,0,78,113,0,0,0,0,0,0,158,53,2,0,0,0,349,12,3,51,151,6,0,75,2,0,0,0
p4s1,ob_zupancic,OB,2,0,0,0,0,0,0,0,6,4,0,9,0,0,63,16,3,189,0,3,81,0,2,3,43,57,0,69,0,175,19,0,0,39,0,0,196,2,0,0,4,0,0,11,0,38,19,0,0,7,0,0,0,58,3,4,0,0,0,5283,0,116,115,73,0,1,29,5,2,0,0
p100s1,ob_zupancic,OB,0,0,0,0,0,0,0,0,0,5,2,685,0,0,25,0,9,24,0,2,102,0,2,2,25,0,0,9,0,203,21,0,0,82,0,0,498,0,0,0,0,0,0,0,0,8,75,8,0,0,0,0,0,177,51,0,0,0,0,250,10,216,82,39,0,6,9,24,2,0,0
p16s2,ob_zupancic,OB,0,0,0,0,0,0,0,0,0,0,0,258,5,0,17,9,0,200,0,3,73,0,0,0,14,49,0,30,0,260,9,9,0,242,0,0,981,0,0,0,0,0,0,10,0,8,59,0,0,0,0,0,0,39,15,94,0,0,0,2920,4,165,100,65,0,0,31,4,0,0,0
p150s1,ob_zupancic,OB,0,0,0,0,4,0,0,0,0,2,8,1147,55,0,42,0,0,0,0,3,0,0,2,2,0,0,0,5,0,0,53,0,0,0,0,0,277,0,0,0,0,0,2,0,0,8,72,0,0,0,0,0,5,30,17,0,0,2,0,5,11,53,0,49,0,0,2,0,0,0,0
192,ob_zupancic,OB,0,0,0,0,1,0,0,0,18,40,4,174,0,0,56,3,0,922,0,28,32,0,7,0,41,6,0,65,18,64,10,2,0,27,0,0,208,7,0,0,0,0,0,72,0,48,90,0,0,0,0,0,0,84,5,12,0,0,0,1661,5,107,122,57,0,0,19,0,3,0,0
p13s1,ob_zupancic,OB,0,0,0,0,9,0,0,0,41,1,1,146,0,0,45,2,0,0,0,0,7,0,7,0,1,1,0,1,0,0,13,0,0,0,0,0,357,0,0,0,0,0,0,1,0,59,64,3,0,0,0,0,3,0,9,0,0,14,0,1054,2,129,14,115,0,13,91,0,2,0,0
392,ob_zupancic,OB,0,0,0,0,0,0,0,0,0,0,0,13,0,0,10,0,0,31,0,0,57,0,4,0,30,0,0,55,0,0,16,0,0,65,0,0,222,0,0,0,0,0,0,0,0,13,96,0,0,4,0,0,0,10,2,0,0,0,0,3255,2,70,18,92,0,0,9,4,0,0,0
p58s2,ob_zupancic,H,0,0,0,0,0,0,0,0,0,0,0,62,0,0,3,0,0,0,0,0,7,0,0,0,1,0,0,5,0,0,4,0,0,87,0,0,70,0,0,0,0,0,0,0,0,4,2,0,0,0,0,0,0,0,1,0,0,0,0,591,3,7,0,23,0,0,4,4,0,0,0
217,ob_zupancic,H,1,0,0,0,0,0,0,0,6,1,0,112,0,0,66,0,0,1842,0,5,14,0,5,0,20,0,0,59,0,0,40,4,0,298,0,1,287,20,0,0,0,0,0,29,0,1,94,0,0,0,0,0,0,13,8,5,0,9,0,206,7,11,51,48,0,0,127,0,0,0,0
113,ob_zupancic,H,0,0,0,0,0,0,0,0,0,2,0,2,0,0,12,4,0,3,0,1,57,0,1,0,44,0,0,5,4,0,4,0,0,35,0,0,253,0,0,0,0,0,0,2,0,11,41,0,0,0,0,0,0,35,11,0,0,0,0,510,6,23,18,24,2,0,2,0,20,0,0
p148s1,ob_zupancic,OB,0,0,0,0,0,0,0,0,2,7,0,66,4,0,16,4,0,90,0,0,21,0,11,0,9,7,0,26,0,0,3,0,0,7,0,0,96,0,0,0,0,0,0,25,0,137,27,0,0,0,0,0,0,34,7,37,0,0,0,2104,1,88,1,70,0,0,6,7,0,0,0
p94s1,ob_zupancic,H,0,0,0,0,1,0,0,0,11,2,0,35,0,0,48,4,0,250,0,8,31,0,10,0,7,0,0,65,5,0,16,0,0,97,0,0,454,4,0,0,0,0,0,1,0,2,155,0,11,0,0,0,2,52,8,13,0,0,0,3217,5,50,60,116,1,1,11,5,17,0,0
84,ob_zupancic,H,0,0,0,0,0,0,0,0,0,5,2,0,0,0,11,0,0,0,0,0,4,0,2,0,2,0,0,2,0,0,60,0,0,155,0,0,56,3,0,0,0,0,0,205,0,2,9,0,0,0,0,0,0,72,245,0,0,0,0,245,2,5,4,15,0,0,21,1,53,0,0
p142s1,ob_zupancic,OB,0,0,0,0,3,0,0,0,22,3,0,335,0,0,52,1,2,385,0,66,34,0,3,3,4,9,0,116,19,27,7,0,0,170,0,0,793,13,0,0,0,0,5,2,0,93,83,0,0,0,0,0,5,64,9,8,0,0,0,280,4,71,164,518,0,20,76,3,9,0,0
p98s1,ob_zupancic,OB,0,0,0,0,7,0,0,0,2,3,0,356,11,0,17,4,0,0,0,7,62,0,0,0,12,4,0,165,8,0,6,0,0,296,0,0,603,6,0,0,0,0,0,0,0,39,152,0,0,0,0,0,1,31,4,2,0,12,0,3053,15,128,255,80,1,5,83,3,3,0,0
p78s1,ob_zupancic,H,0,0,0,0,0,0,0,0,0,0,1,94,0,0,41,14,1,38,0,0,36,0,0,0,7,15,0,107,3,44,4,0,0,598,0,0,535,0,0,0,31,0,0,0,0,7,143,0,0,0,0,0,0,41,18,30,0,0,0,1292,0,168,47,58,0,1,26,5,0,0,0
p111s1,ob_zupancic,H,0,0,0,0,21,3,0,0,0,0,0,269,9,2,33,1,0,181,0,0,47,0,5,0,8,38,0,149,0,41,16,3,0,426,0,0,994,3,0,0,0,0,0,0,0,153,103,0,0,0,0,0,11,18,70,0,0,2,0,5,0,150,85,236,0,3,51,11,9,0,0
p112s1,ob_zupancic,OB,0,0,0,0,0,0,0,0,6,0,14,128,0,0,130,0,0,0,0,13,190,0,3,9,2,1,0,2,0,0,24,6,0,136,0,0,421,63,0,0,0,0,0,2,0,0,449,0,0,0,0,0,3,189,6,0,0,0,0,32,1,14,32,56,0,2,198,0,0,0,0
p112s2,ob_zupancic,OB,0,0,0,0,3,0,0,0,0,0,1,227,0,0,190,0,0,1,0,36,0,0,2,19,0,7,0,0,0,0,21,0,0,463,0,0,1020,8,0,0,0,0,0,1,0,1,93,0,0,0,0,0,0,11,16,0,0,0,0,702,4,88,0,46,0,0,57,0,0,0,0
p13s2,ob_zupancic,OB,0,0,0,0,2,0,0,0,0,0,0,258,2,0,24,0,0,0,0,0,0,0,0,2,0,1,0,27,0,0,41,0,0,2,0,0,299,2,0,0,0,0,0,0,0,65,27,0,0,0,0,0,0,16,15,0,0,3,0,1080,0,37,3,35,0,9,11,0,0,0,0
p124s1,ob_zupancic,H,0,0,0,0,0,0,0,0,0,278,0,821,10,0,45,0,0,0,0,0,19,57,0,4,39,0,0,149,0,0,12,0,0,55,0,2,79,42,0,0,0,0,1,6,0,10,95,0,0,0,0,0,11,247,60,0,0,0,2,10,0,35,2,424,0,30,0,5,16,0,0
214,ob_zupancic,H,0,0,0,0,1,0,0,0,64,140,2,182,5,0,161,4,0,66,0,7,269,0,2,0,74,36,0,152,2,0,30,6,0,554,0,0,657,2,0,0,0,0,0,5,0,62,49,24,0,0,0,0,0,198,25,0,0,0,0,459,28,73,94,278,0,0,124,2,7,0,0
p86s1,ob_zupancic,H,0,0,0,0,0,0,0,0,0,3,0,77,0,0,20,0,1,0,0,20,14,0,6,7,30,2,0,36,0,0,34,10,0,31,0,0,938,0,0,0,0,0,0,0,0,6,118,0,0,0,0,0,2,4,13,0,0,0,0,878,0,51,1,72,0,0,9,27,0,0,0
523,ob_zupancic,OB,0,0,0,0,0,0,0,0,0,0,0,0,0,0,0,0,0,0,0,0,0,0,0,0,0,0,0,0,0,0,0,0,0,0,0,0,0,0,0,0,0,0,0,0,0,0,0,0,0,0,0,0,0,0,0,0,0,0,0,0,0,0,0,0,0,0,0,0,0,0,0
421,ob_zupancic,OB,0,0,0,0,0,0,0,0,8,2,1,73,0,0,18,2,0,71,0,1,60,0,2,2,0,0,0,28,0,0,6,0,0,125,0,0,245,2,0,0,0,0,0,1,0,83,44,0,0,0,0,0,2,7,8,35,0,0,0,5816,2,23,12,49,4,111,10,0,5,0,0
p123s1,ob_zupancic,H,0,0,0,0,6,0,0,0,8,0,0,402,8,0,85,2,0,0,0,26,11,2,8,2,3,0,0,78,7,0,12,0,0,111,0,0,255,5,0,0,0,0,0,4,0,104,126,0,0,0,0,0,2,55,34,21,0,0,0,124,2,80,60,153,0,6,18,2,0,0,0
424,ob_zupancic,H,0,0,0,0,3,0,0,0,25,29,0,623,6,0,109,28,0,1,0,77,12,0,0,5,31,2,0,141,15,68,20,6,2,181,0,0,416,11,0,0,0,0,0,27,0,59,133,0,0,0,0,0,1,126,15,16,0,76,0,706,23,141,101,58,0,0,10,0,22,0,0
427,ob_zupancic,H,5,25,0,0,0,0,0,0,0,15,1,237,2,0,44,9,2,8,0,8,96,0,4,1,25,3,0,55,23,1,9,2,0,273,0,0,472,6,0,0,0,0,0,20,0,18,59,0,0,0,0,0,0,195,7,19,0,4,0,1258,2,99,295,61,4,1,25,3,17,0,5
308,ob_zupancic,H,0,0,0,0,0,0,0,0,0,0,2,2,0,0,10,1,0,321,0,0,20,0,1,0,0,3,0,35,0,0,25,0,0,0,0,0,179,0,0,0,0,0,0,0,0,14,66,0,0,0,0,0,0,38,0,0,0,0,0,2923,2,4,16,94,9,0,16,0,0,0,0
p94s2,ob_zupancic,H,0,0,0,0,0,0,0,0,0,0,0,2,0,0,13,1,0,84,0,1,38,0,0,0,9,1,0,2,3,0,13,0,0,18,0,0,100,0,0,0,0,0,0,3,0,1,85,0,0,0,0,0,1,13,8,13,0,0,0,1436,7,22,29,45,1,1,6,0,2,0,0
p117s1,ob_zupancic,OB,0,0,0,0,4,0,0,0,0,0,0,101,0,0,14,0,0,0,0,0,3,0,6,1,16,0,0,2,0,42,15,0,0,0,0,0,262,0,0,2,0,0,0,14,0,12,36,0,0,0,0,0,3,2,6,0,0,0,0,724,3,47,73,39,0,1,11,4,0,0,0
299,ob_zupancic,H,0,0,0,0,0,0,0,0,15,0,0,14,0,0,22,2,0,19,0,3,8,1,4,0,70,7,0,26,0,9,3,0,0,4,0,0,72,0,0,0,0,0,0,0,0,5,30,0,0,0,0,0,0,5,4,0,0,0,0,4151,0,286,4,45,1,0,16,0,0,0,0
p49s1,ob_zupancic,H,0,0,0,0,0,2,0,0,0,2,1,11,0,0,16,0,0,217,0,0,0,0,0,0,3,2,0,20,0,260,50,0,0,41,0,0,443,0,0,0,0,0,0,0,0,36,5,333,0,3,0,0,3,8,19,168,0,0,0,4802,0,35,22,61,0,23,13,4,0,0,0
p38s1,ob_zupancic,OB,0,0,2,0,9,0,0,0,2,3,0,433,0,0,19,14,0,59,0,5,4,0,0,0,5,3,0,22,3,0,10,0,0,0,0,0,92,4,0,0,0,0,0,3,0,10,36,0,0,0,0,0,1,15,11,0,0,84,0,2035,0,42,17,38,0,7,2,3,2,0,0
242,ob_zupancic,OB,0,0,0,2,0,0,0,0,0,1,0,60,0,0,24,0,3,0,0,9,14,0,2,0,7,23,0,34,1,87,7,0,0,0,0,0,484,0,0,0,0,0,0,6,0,36,26,0,0,0,0,0,1,112,16,1,0,8,0,254,0,43,38,29,0,3,15,5,7,0,0
p87s1,ob_zupancic,H,0,0,0,0,0,0,0,0,0,1,0,17,0,0,24,0,0,84,0,2,17,0,0,0,11,26,0,58,4,0,8,0,0,186,0,0,397,0,0,0,1,0,0,3,0,87,26,0,0,0,0,0,0,10,5,0,0,0,0,6683,0,76,492,49,0,0,7,26,0,0,0
p160s1,ob_zupancic,H,0,4,0,0,0,0,0,0,7,3,0,334,3,0,106,0,2,2,0,0,85,8,76,0,12,3,17,74,0,0,34,3,0,179,0,0,394,19,0,2,0,0,0,2,0,3,136,427,0,0,0,0,46,38,22,10,0,0,0,78,2,18,39,140,0,10,211,0,0,0,0
p87s2,ob_zupancic,H,0,0,0,0,2,0,0,0,0,0,5,66,0,0,53,5,2,326,0,2,213,0,0,2,52,42,0,1423,1,0,13,0,0,180,0,0,722,6,0,0,0,0,4,168,0,23,34,0,0,0,0,0,0,95,0,0,0,0,0,234,4,38,396,117,0,0,56,2,0,0,0
107,ob_zupancic,H,0,0,0,0,0,0,0,0,0,0,0,321,0,0,15,0,0,492,0,0,2,0,13,0,2,0,2,14,0,0,4,0,0,24,0,0,116,3,0,0,0,0,0,12,0,34,63,0,0,0,0,0,0,7,12,11,0,4,0,14,2,77,8,29,0,0,3,2,0,0,0
p114s1,ob_zupancic,OB,0,0,0,0,5,2,0,0,9,3,1,53,0,0,32,9,2,212,0,9,23,0,8,9,11,0,0,171,14,1,35,0,0,288,0,0,541,9,0,0,0,0,0,1,0,72,49,0,0,0,0,0,0,80,11,3,0,0,0,2305,6,195,151,158,0,47,49,3,6,0,0
p155s1,ob_zupancic,OB,0,0,0,0,2,0,0,0,55,2,0,81,0,0,37,2,0,1,0,0,4,1,4,2,25,0,0,34,3,60,20,5,0,364,0,0,369,7,0,0,0,0,0,4,0,250,166,20,0,3,0,0,1,19,21,13,0,0,0,1995,0,36,35,131,2,3,19,1,0,0,0
38,ob_zupancic,OB,0,0,0,0,0,0,0,0,0,0,10,70,0,0,41,0,0,2,0,3,0,0,1,5,121,1,0,13,0,0,37,0,0,24,0,0,232,0,0,0,0,0,2,3,0,121,38,0,0,0,0,0,3,42,8,0,0,0,0,1048,0,38,57,8,0,3,2,2,0,0,0
p82s2,ob_zupancic,H,0,0,0,0,0,0,0,0,0,2,2,1,0,0,0,0,0,141,0,0,46,0,2,0,0,0,0,52,0,0,8,0,0,125,0,0,136,2,0,0,0,0,0,0,0,9,79,0,0,0,0,0,0,43,14,0,0,0,0,2467,0,3,1,170,0,0,5,0,0,0,0
p120s1,ob_zupancic,H,0,64,0,4,8,0,0,0,4,2,5,1150,2,0,116,2,0,0,0,2,25,46,1,0,2,43,0,213,0,0,14,0,0,0,0,0,527,3,0,0,0,0,0,3,0,175,125,0,0,0,0,0,5,58,14,10,0,0,0,0,2,52,346,250,0,2,207,0,1,0,0
p120s2,ob_zupancic,H,0,4,0,0,9,0,2,0,2,3,0,2002,0,2,6,0,0,0,0,4,0,0,4,1,0,0,0,257,3,0,41,0,0,6,0,0,169,6,0,0,0,0,1,0,0,146,81,1,0,0,0,0,5,32,0,5,0,0,0,2,1,38,8,199,0,3,3,11,5,0,0
p38s2,ob_zupancic,OB,0,0,0,0,2,0,0,0,0,0,2,538,6,0,54,1,0,48,0,6,45,0,0,2,5,42,0,359,8,0,12,0,0,0,0,0,1086,3,0,0,0,0,1,7,0,32,30,0,0,0,0,0,0,205,12,15,0,559,0,555,0,18,118,98,0,0,7,2,0,0,2
p54s1,ob_zupancic,H,0,0,0,0,4,0,0,0,3,0,0,131,41,0,4,0,2,0,0,0,0,0,0,0,0,0,0,31,0,130,0,0,0,0,0,0,145,5,0,0,0,0,0,0,0,64,52,0,0,0,0,0,0,15,79,0,0,0,0,1774,0,24,24,91,0,0,1,0,0,0,0
p145s1,ob_zupancic,OB,0,0,0,0,1,0,0,0,0,0,0,1206,0,0,20,0,0,0,0,2,27,0,62,2,5,2,0,3,0,0,102,0,0,131,0,0,92,2,0,0,2,0,2,0,0,465,53,0,0,0,0,0,2,0,31,0,0,0,0,14,2,409,0,41,0,0,0,0,0,0,0
177,ob_zupancic,H,0,0,0,12,22,0,0,0,8,16,5,1395,38,0,151,8,2,0,0,185,171,8,6,0,6,34,0,65,0,0,58,3,0,0,0,0,2312,16,0,0,0,0,6,8,0,271,234,0,20,0,0,0,0,42,169,42,0,439,0,7986,51,350,0,327,0,21,341,0,21,0,0
p140s1,ob_zupancic,OB,0,0,0,0,0,0,0,0,0,0,5,43,0,0,14,0,0,6,0,0,6,0,0,0,2,3,0,12,0,10,37,0,0,80,0,0,224,2,0,0,0,0,0,35,0,12,36,0,0,0,0,0,0,8,1,0,0,0,0,2954,0,49,21,22,0,0,5,2,0,4,0
p105s1,ob_zupancic,H,0,0,0,0,2,0,0,0,0,0,2,201,0,0,37,10,3,33,0,0,13,0,1,0,17,6,0,45,0,0,8,7,0,122,0,0,216,0,0,0,0,0,0,0,0,6,43,0,0,0,0,0,0,16,23,5,0,0,0,2281,0,20,60,26,0,0,90,0,28,0,0
p137s1,ob_zupancic,OB,0,0,0,0,0,0,0,0,0,0,0,101,0,0,21,1,0,0,0,0,0,0,5,1,0,10,0,4,0,0,17,3,0,0,0,0,180,12,0,0,0,0,0,0,0,5,59,0,0,0,0,0,2,1,0,13,0,0,0,1543,0,29,0,189,0,23,39,6,0,0,0
p105s2,ob_zupancic,H,0,0,0,0,0,0,0,0,0,0,0,33,0,0,9,0,0,9,0,0,1,0,0,0,2,5,0,17,0,0,47,0,0,8,0,0,145,0,0,0,0,0,0,3,0,3,11,0,0,0,0,0,0,5,6,70,0,0,0,2286,0,12,10,8,0,0,7,0,2,0,0
p25s1,ob_zupancic,OB,0,60,0,0,0,0,0,0,0,2,0,4,0,0,10,0,0,44,0,0,7,0,1,0,15,0,0,8,0,157,0,2,0,158,0,0,313,3,0,0,0,0,0,0,0,5,112,8,0,0,0,0,0,15,3,50,0,0,0,1081,3,7,3,17,0,0,22,0,0,0,0
p33s1,ob_zupancic,H,0,0,0,0,2,0,0,0,0,2,0,36,0,0,1,0,0,116,0,0,0,0,0,1,2,0,0,4,0,0,8,0,0,0,0,0,119,0,0,0,0,0,0,0,0,153,23,4,0,0,0,0,2,21,0,4,0,0,0,1295,0,28,12,26,0,1,0,0,6,0,0
160,ob_zupancic,OB,0,0,0,0,0,0,0,0,0,0,0,0,0,0,0,0,0,0,0,0,0,0,0,0,0,0,0,0,0,0,0,0,0,0,0,0,1,0,0,0,0,0,0,0,0,0,0,0,0,0,0,0,0,0,0,0,0,0,0,2,0,0,0,0,0,0,0,0,0,0,0
p88s1,ob_zupancic,H,0,0,0,3,0,0,0,0,0,0,1,183,0,0,65,9,0,0,0,3,10,0,11,2,0,0,0,41,0,0,21,0,0,5,0,0,73,2,0,1,0,0,0,0,0,17,98,0,0,0,0,0,0,21,24,2,0,6,0,0,0,4,6,105,0,0,17,0,0,0,0
p154s1,ob_zupancic,H,1,0,0,0,3,0,0,0,0,2,0,514,0,0,111,0,0,0,0,0,1,144,12,8,0,1,0,8,0,0,9,0,0,0,0,1,179,8,0,0,0,0,0,48,0,0,36,0,0,0,0,0,14,21,17,5,0,4,0,68,5,40,33,78,0,3,11,2,0,0,0
p32s1,ob_zupancic,OB,0,0,0,0,14,0,0,0,2,0,0,352,11,0,9,0,0,21,0,0,2,0,0,0,0,2,0,9,0,0,41,0,0,0,0,0,64,0,0,0,0,0,0,0,0,31,8,0,0,0,0,0,0,0,22,4,0,0,0,875,0,7,0,14,0,0,0,80,0,0,0
p70s1,ob_zupancic,H,0,0,0,2,2,0,0,0,1,0,0,413,0,0,22,0,0,0,0,0,7,0,3,0,1,0,0,69,0,26,2,0,0,0,0,0,205,1,0,0,0,0,0,0,0,180,13,0,0,0,0,0,0,3,12,0,0,0,0,982,0,92,51,46,2,0,4,79,0,0,0
p32s2,ob_zupancic,OB,0,0,0,20,4,0,0,0,0,0,3,1784,21,0,16,0,0,0,0,45,6,0,37,0,3,0,16,0,9,0,114,0,0,0,0,0,92,3,0,0,0,0,5,0,0,395,83,2,288,47,0,0,13,2,21,0,0,0,0,0,8,488,51,97,0,0,5,0,0,0,0
459,ob_zupancic,OB,0,0,0,0,0,0,0,0,0,0,0,38,1,0,5,0,0,0,0,0,0,0,4,1,0,0,0,9,0,0,10,0,0,0,0,0,47,0,0,0,0,0,0,0,0,1,6,0,0,0,0,0,0,0,1,0,0,0,0,377,0,27,2,3,0,0,2,0,0,0,0
p42s1,ob_zupancic,OB,0,0,0,0,3,0,0,0,10,0,1,77,0,0,9,2,0,105,0,1,62,0,0,0,12,38,0,10,4,0,4,3,0,72,0,0,304,0,0,0,0,0,0,5,0,97,22,72,0,0,0,0,0,26,7,77,0,0,0,1704,0,92,16,122,0,1,7,9,2,0,0
p63s2,ob_zupancic,H,1,0,0,0,0,0,0,0,55,2,4,0,0,2,10,5,0,137,0,2,41,0,0,0,0,4,0,16,13,0,6,7,0,63,0,0,70,1,0,0,0,0,0,1,0,10,22,0,0,0,0,0,0,15,7,0,0,0,0,981,0,5,37,150,0,0,17,0,0,0,0
p69s1,ob_zupancic,H,0,0,0,0,7,0,0,0,4,1,2,159,7,0,135,8,0,24,0,0,12,0,6,3,503,0,0,14,7,0,24,0,0,52,0,0,840,4,0,0,0,0,0,2,0,3,52,0,0,0,0,0,3,132,39,15,0,0,0,4057,14,76,71,118,0,5,37,1,0,3,0
387,ob_zupancic,H,0,0,0,0,7,0,0,0,0,7,6,484,0,0,114,5,5,398,0,53,38,0,5,1,14,524,0,77,21,0,25,4,0,59,0,0,889,24,0,0,0,0,0,2,0,105,100,0,0,0,0,0,0,121,32,2,0,52,0,1436,21,193,137,72,0,1,267,6,0,0,0
455,ob_zupancic,H,0,0,0,1,0,0,0,0,0,0,2,34,0,0,23,0,1,22,0,11,1,0,0,0,2,0,0,16,0,0,53,0,0,79,0,0,172,0,0,0,0,0,0,1,0,110,35,0,0,0,0,0,0,24,0,0,0,0,0,1443,0,37,3,17,0,0,0,0,0,0,0
61,ob_zupancic,OB,0,0,0,0,9,0,0,0,16,2,4,1220,0,0,9,2,0,58,0,0,0,0,0,0,13,0,0,14,0,0,17,2,0,5,0,0,53,11,0,0,0,0,0,0,0,20,112,0,0,0,0,0,0,22,16,1,0,0,0,0,2,7,42,45,0,0,4,0,0,0,0
p27s1,ob_zupancic,OB,0,0,0,0,0,0,0,0,0,0,0,5,0,0,6,4,0,4,0,0,0,0,2,0,1,0,0,9,0,0,0,0,0,0,0,0,222,0,0,0,0,0,0,12,0,3,12,0,0,0,0,0,0,48,13,0,0,2,0,1432,0,239,3,9,0,0,4,0,0,0,0
259,ob_zupancic,H,0,0,0,0,6,0,0,0,0,8,0,456,0,0,18,0,0,0,0,40,6,0,0,0,4,2,0,13,0,57,19,2,0,0,0,0,161,0,0,0,0,0,0,5,0,37,11,0,0,0,0,0,5,12,6,0,0,0,0,363,0,35,48,24,0,0,6,0,0,0,0
66,ob_zupancic,H,0,0,2,0,4,0,0,0,43,17,0,33,0,0,91,5,0,0,0,8,65,0,3,0,24,34,0,24,2,0,52,0,0,39,0,0,192,4,0,0,0,0,0,17,0,22,82,0,0,0,0,0,2,129,8,0,0,0,0,2704,6,42,20,136,5,2,75,0,2,0,0
p121s1,ob_zupancic,H,0,0,0,0,0,0,0,0,1,60,3,64,5,0,57,11,0,0,0,51,33,0,0,3,1,1,5,46,14,0,52,0,0,112,0,0,519,4,0,0,0,0,0,1,0,2,155,0,0,0,0,0,4,76,45,3,0,415,0,979,16,42,12,161,0,0,27,2,1,0,0
289,ob_zupancic,H,0,0,0,0,0,0,0,0,5,3,0,850,0,0,11,0,0,0,0,5,14,0,0,0,0,0,0,11,0,47,5,0,0,4,0,0,454,2,0,0,0,0,0,16,0,115,28,0,0,0,0,0,0,16,1,0,0,0,0,0,4,3,0,1,0,5,10,2,0,0,0
p15s1,ob_zupancic,H,0,0,0,4,0,0,0,0,14,170,0,33,0,0,23,2,0,0,0,6,26,0,0,0,4,3,0,11,5,0,6,7,0,1034,0,0,63,11,0,0,0,0,0,8,0,0,39,0,0,0,0,0,5,557,0,2,0,0,0,2,0,0,45,58,0,2,35,0,9,0,0
p8s2,ob_zupancic,H,0,0,0,0,0,0,0,0,0,2,8,117,0,0,39,0,0,5,0,0,8,0,0,3,2,3,0,18,0,19,96,0,0,7,0,0,1182,3,0,0,0,0,0,36,0,7,72,0,0,0,0,0,1,67,9,2,0,0,0,611,0,230,8,86,0,0,7,0,2,0,0
p8s1,ob_zupancic,H,0,0,0,0,5,0,0,0,0,14,4,57,0,0,30,3,0,16,0,0,24,0,3,3,18,2,0,19,18,14,33,6,0,20,0,0,928,3,0,0,0,0,0,11,0,26,336,5,0,0,0,0,3,54,7,0,0,0,0,1041,36,295,10,61,0,15,63,16,9,0,0
p134s1,ob_zupancic,OB,0,0,0,0,3,0,0,0,23,0,0,135,27,0,12,2,0,0,0,0,18,0,0,0,13,0,0,6,0,236,7,0,0,0,0,0,800,0,0,0,0,0,0,0,0,43,29,0,0,0,0,0,0,0,35,0,0,0,0,7,0,16,18,82,0,0,41,0,0,0,0
181,ob_zupancic,H,0,0,0,0,0,0,0,0,0,0,0,2,0,0,0,0,0,0,0,0,0,0,0,0,0,0,0,1,0,0,0,0,0,0,0,0,4,0,0,0,0,0,0,0,0,0,0,0,0,0,0,0,0,0,0,0,0,0,0,4,0,0,1,0,0,0,0,0,0,0,0
p3s1,ob_zupancic,H,0,0,0,0,12,0,0,0,0,1,2,54,0,0,26,0,0,4,0,0,0,0,1,2,0,2,0,9,3,0,70,0,0,46,0,0,801,0,0,0,0,0,0,0,0,31,44,0,0,0,0,0,6,18,0,12,0,0,0,3541,0,66,11,47,0,0,11,0,0,0,0
234,ob_zupancic,H,0,0,0,0,5,0,2,0,0,5,0,144,0,0,12,0,0,99,0,2,4,0,2,2,2,0,0,26,0,0,23,19,0,61,0,0,105,4,0,0,0,0,0,15,0,212,197,0,0,0,0,0,2,38,7,0,0,0,0,51,16,17,0,66,0,1,47,0,0,0,0
p24s1,ob_zupancic,OB,0,0,0,0,0,0,0,0,0,0,229,18,0,0,33,29,0,0,0,0,224,6,61,0,0,3,0,122,0,0,65,0,0,2,0,0,355,40,0,0,0,0,0,0,0,5,494,0,0,0,0,0,0,1,5,0,0,0,0,122,0,1,64,589,56,2,57,0,0,0,0
p97s1,ob_zupancic,H,0,0,0,0,0,0,0,0,0,0,0,4,0,0,11,3,0,0,0,0,0,0,0,0,0,0,0,19,0,0,4,0,0,0,0,0,221,0,0,0,0,0,0,93,0,1,4,0,0,0,0,0,0,15,20,72,0,2,0,3286,0,26,0,10,0,0,9,0,0,0,0
p118s1,ob_zupancic,OB,0,0,0,0,7,0,0,0,0,2,7,202,0,0,39,0,0,56,0,2,0,0,6,4,0,4,0,7,11,0,129,0,0,212,0,0,85,0,0,0,0,0,0,0,0,42,24,2,0,0,0,0,3,191,13,0,2,0,0,52,2,140,15,125,0,0,14,0,0,0,0
186,ob_zupancic,H,0,0,0,0,0,0,0,0,0,0,0,2841,0,0,37,0,5,193,0,0,46,0,9,0,4,2,0,175,0,0,21,0,0,969,0,0,381,5,0,0,0,4,0,0,0,6,120,0,0,0,0,0,4,132,89,14,0,0,0,346,0,39,26,218,0,4,36,8,0,0,0
6,ob_zupancic,H,0,0,0,0,0,0,0,0,0,1,0,429,0,0,36,0,1,0,0,54,164,0,1,3,153,1,0,112,0,0,31,0,0,143,0,0,478,2,0,0,0,0,0,2,0,57,160,0,0,0,0,0,0,25,5,4,0,0,0,1138,6,161,29,92,0,1,19,19,0,0,0
49,ob_zupancic,OB,0,0,0,6,0,0,0,0,3,68,2,368,2,0,164,2,0,230,0,45,59,0,22,0,26,22,0,430,4,72,61,0,0,550,0,0,989,20,0,0,0,0,2,116,0,192,439,88,0,2,0,0,2,1124,625,2,0,5,0,2396,59,289,236,348,5,604,80,1,3,0,0
p73s1,ob_zupancic,OB,0,0,0,2,0,11,0,0,14,2,4,25,0,0,66,14,0,0,0,40,69,0,3,10,25,26,0,89,3,179,21,5,0,401,0,0,391,8,0,0,0,0,0,990,0,18,185,14,0,0,0,0,0,135,38,3,3,0,0,425,6,38,80,77,2,0,31,1,4,0,0
p135s1,ob_zupancic,OB,0,0,0,0,0,38,0,0,0,0,0,0,0,0,1,0,0,4,0,0,0,0,0,0,9,0,0,3,0,8,0,0,0,2,0,0,126,0,0,0,0,0,0,19,0,6,8,0,0,0,0,0,0,5,1,76,0,0,0,2647,0,126,8,3,12,0,3,0,0,0,0
347,ob_zupancic,H,0,0,0,1,3,0,0,0,65,7,3,763,3,0,73,13,0,0,0,5,33,22,9,3,18,21,5,173,2,0,40,0,0,249,0,0,1530,16,0,0,0,0,0,4,0,110,75,14,0,0,0,0,3,62,6,0,0,0,0,1428,1,211,266,205,0,28,16,0,20,0,0
p139s1,ob_zupancic,OB,0,0,0,0,1,2,0,0,10,4,0,132,0,0,58,9,0,0,0,18,25,0,2,0,7,0,0,51,30,0,20,0,0,223,0,0,531,0,0,0,0,0,0,35,0,34,23,0,0,0,0,0,0,173,7,0,0,8,0,91,6,195,79,73,0,0,42,30,0,0,0
p26s1,ob_zupancic,OB,0,0,0,0,1,0,0,0,0,4,2,494,0,0,49,4,9,1,0,0,2,0,4,0,6,2,0,33,0,0,7,14,0,2011,0,0,145,0,0,0,0,0,0,19,0,10,133,0,0,0,0,0,1,6,8,8,0,0,0,284,1,104,1,156,0,5,117,3,0,0,0
p23s1,ob_zupancic,OB,6,0,3,0,0,0,0,0,0,9,2,46,0,0,0,0,0,54,0,0,9,0,1,0,0,0,0,0,0,0,3,0,0,8,0,0,15,3,0,0,0,0,0,0,0,0,10,0,0,0,0,0,0,62,16,0,0,0,0,11,0,0,8,14,0,0,0,0,0,0,0
168,ob_zupancic,OB,0,0,0,0,0,0,0,0,0,0,0,87,0,0,17,0,0,0,0,0,17,0,0,0,1,3,0,5,0,0,12,0,0,886,0,0,83,5,0,0,0,0,0,0,0,0,10,0,0,0,0,0,1,9,11,0,0,0,0,304,0,20,4,58,0,2,8,0,2,0,0
p156s1,ob_zupancic,OB,0,0,0,0,0,4,0,0,0,2,0,11,0,0,10,0,0,59,0,4,1,0,0,0,0,0,0,17,0,31,26,0,13,93,0,0,232,2,0,0,0,0,0,18,0,24,32,0,0,0,0,0,0,19,5,34,0,0,0,1598,0,231,10,6,0,0,5,0,0,0,0
p0s2,ob_zupancic,OB,0,0,0,0,2,1,0,0,22,2,3,377,0,0,194,4,0,328,0,5,120,0,0,2,18,65,0,27,4,20,53,3,0,71,0,0,1438,9,0,0,0,0,0,2,0,49,39,14,0,0,0,0,0,24,5,2,0,0,0,1274,15,619,1,160,0,152,55,10,7,0,0
p132s1,ob_zupancic,OB,0,0,0,0,0,0,0,0,0,5,0,202,0,0,3,0,0,38,0,0,9,4,1,0,22,1,0,97,0,0,14,1,0,132,0,0,81,2,0,0,0,0,0,0,0,0,54,2,0,0,0,0,0,24,6,0,0,0,0,40,0,0,12,6,1,5,6,0,0,0,0
11,ob_zupancic,OB,0,0,0,0,1,0,0,0,7,1,2,138,0,0,57,6,0,238,0,0,15,0,1,5,25,4,0,49,1,0,28,1,0,307,0,0,673,6,0,0,0,0,0,6,0,108,67,0,0,0,0,0,0,49,3,12,0,0,0,2146,5,206,183,99,9,9,21,1,2,0,0
12,ob_zupancic,OB,0,0,0,0,0,0,0,0,0,0,0,9,0,0,7,2,0,0,0,0,0,0,0,0,0,0,0,4,0,207,0,0,0,0,0,0,142,0,0,0,0,0,0,0,0,42,18,0,0,0,0,0,0,4,0,0,0,0,0,1640,0,20,0,8,4,0,0,0,0,0,0
p68s2,ob_zupancic,OB,0,0,0,0,0,0,0,0,1,0,0,2857,0,0,22,0,0,1,0,0,3,0,263,0,0,0,0,3,0,25,19,0,0,0,0,3,2,4,0,0,0,0,0,0,0,27,60,0,0,0,0,0,0,0,4,0,0,0,0,0,0,209,0,43,0,2,0,0,0,0,0
14,ob_zupancic,OB,0,0,0,0,1,0,0,0,3,0,2,158,0,0,39,5,2,0,0,1,58,0,7,0,7,0,0,108,0,0,19,0,0,106,0,0,198,0,0,0,0,0,1,1,0,45,40,0,0,0,0,0,0,3,1,3,0,0,0,1594,1,82,158,84,0,0,9,0,1,0,0
p103s1,ob_zupancic,OB,0,0,0,0,0,0,0,0,1,0,0,77,0,0,13,5,0,17,0,0,0,0,0,0,0,2,0,2,0,0,0,0,0,0,0,0,73,0,0,0,0,0,0,0,0,24,2,0,0,0,0,0,0,2,0,2,0,0,0,1057,0,25,0,5,0,0,7,4,0,0,0
271,ob_zupancic,OB,0,0,0,0,1,0,0,0,2,3,0,150,0,0,29,1,3,22,0,1,59,0,7,0,48,16,0,37,0,0,5,14,0,5,0,0,321,4,0,0,0,0,0,0,0,30,38,0,0,0,0,0,1,19,10,8,0,0,0,4112,5,164,9,41,0,1,8,9,65,0,0
18,ob_zupancic,H,0,0,0,0,0,0,0,0,0,2,2,42,0,0,19,0,0,21,0,0,37,0,1,0,46,0,0,11,0,0,28,0,0,99,0,0,415,0,0,0,0,0,0,0,0,2,72,0,0,0,0,0,0,72,1,0,0,0,0,568,1,84,9,47,0,0,4,5,0,0,0
p82s1,ob_zupancic,H,0,0,0,0,5,9,0,0,0,2,0,3,0,0,8,0,0,0,0,0,0,0,0,0,0,0,0,7,2,53,0,0,0,34,0,0,67,0,0,0,0,0,0,63,0,8,20,2,0,0,0,0,0,10,43,0,0,0,0,3095,0,7,4,2,0,0,0,0,6,0,0
p90s1,ob_zupancic,H,0,0,0,0,43,47,0,0,28,10,0,119,28,0,76,8,0,77,0,6,121,0,8,2,37,44,0,25,0,3,12,0,0,0,0,0,755,7,0,0,0,0,0,0,0,32,112,4,0,0,0,0,0,88,31,52,0,0,0,844,1,79,76,115,14,5,44,1,1,0,0
p90s2,ob_zupancic,H,0,0,0,0,0,10,0,0,0,2,0,32,0,0,9,0,0,9,0,0,2,0,2,0,21,0,0,11,0,2,58,0,0,30,0,0,692,13,0,0,0,0,3,0,0,73,111,6,0,0,0,0,35,72,6,13,0,0,0,180,4,24,27,216,0,8,0,1,2,0,0
p86s2,ob_zupancic,H,0,0,0,0,1,0,0,0,25,0,2,102,0,0,92,6,0,0,0,0,37,29,4,2,90,6,2,105,0,1,11,2,0,245,0,0,775,1,0,0,0,0,0,17,0,153,97,0,0,0,0,0,0,11,29,0,0,1,0,1818,0,280,41,181,0,63,28,6,4,0,0
p43s1,ob_zupancic,OB,0,0,0,0,0,0,0,0,0,2691,7,8,0,0,24,0,0,1445,0,0,42,0,8,0,7,44,0,43,0,295,196,0,0,461,0,0,557,0,0,0,0,0,0,0,0,11,195,0,0,0,0,0,0,15,2,0,0,0,0,662,0,75,2,231,0,0,13,20,0,0,0
p161s1,ob_zupancic,OB,0,6,0,0,2,0,2,0,4,43,8,42,2,0,109,2,0,1,0,3,282,0,0,0,13,0,0,475,5,0,53,0,0,205,0,0,459,23,0,0,0,0,4,0,0,187,319,0,0,0,0,0,9,26,20,5,0,0,0,204,23,127,111,371,0,228,217,0,19,0,0
287,ob_zupancic,H,0,0,0,0,0,7,0,0,2,10,2,734,0,0,286,4,0,40,0,19,18,0,17,5,17,2,0,163,2,0,32,0,0,519,0,0,472,32,0,0,0,0,0,11,0,110,141,0,0,0,0,0,0,74,24,1,0,0,0,1345,17,151,316,134,0,7,2,3,2,0,0
p41s1,ob_zupancic,H,0,0,0,3,21,0,0,0,21,162,5,251,11,0,30,3,4,0,0,2,35,4,0,0,22,0,0,13,0,0,1,2,0,0,0,0,106,7,0,0,0,0,0,0,0,0,39,0,0,0,0,0,0,132,14,1,0,0,0,19,0,22,7,26,0,1,26,2,0,0,0
p48s1,ob_zupancic,OB,0,9,0,0,1,0,0,0,0,0,1,860,0,0,68,2,1,0,0,9,41,0,37,0,12,63,0,130,14,32,21,1,0,54,0,0,819,5,0,0,0,0,0,0,0,15,66,0,1,7,0,0,13,81,65,8,0,0,0,3809,2,80,68,332,0,0,15,4,8,0,0
p48s2,ob_zupancic,OB,0,0,0,0,0,0,0,0,0,8,0,0,0,0,9,0,0,0,0,2,239,0,2,0,54,2,0,3,0,35,2,0,0,21,0,0,42,7,0,0,0,0,0,0,0,0,5,0,0,0,0,0,0,103,29,35,0,0,0,2780,7,23,4,2,2,0,2,0,0,0,0
p18s1,ob_zupancic,H,0,0,0,0,5,1,0,0,0,0,2,388,40,0,86,0,0,8,0,0,0,0,4,0,0,33,0,8,4,0,173,0,0,129,0,0,429,1,0,0,0,0,0,14,0,16,15,0,0,0,0,0,9,73,24,0,0,0,0,580,0,38,96,48,0,0,42,0,0,0,0
349,ob_zupancic,H,0,0,0,0,0,0,0,0,2,4,5,364,0,0,41,2,0,29,0,12,0,14,2,4,33,0,0,3,0,0,58,0,0,21,0,0,168,6,0,0,0,0,4,0,0,98,87,0,0,0,0,0,0,49,5,2,0,0,0,137,6,21,150,256,0,10,0,5,0,0,0
p113s1,ob_zupancic,OB,0,0,0,14,0,10,0,0,12,102,1,181,0,0,44,3,0,1,0,10,264,0,0,0,8,38,0,22,0,2,7,0,0,0,0,0,321,10,0,0,0,0,0,2,0,63,40,0,0,0,0,0,2,761,32,2,0,0,0,163,2,19,174,57,13,3,72,0,12,0,0
150,ob_zupancic,H,0,0,0,0,7,0,0,0,9,14,0,237,0,0,32,3,0,0,0,60,78,2,0,0,8,0,0,25,5,0,23,0,0,512,0,0,464,5,0,0,0,0,0,20,0,112,78,32,2,0,0,0,1,85,15,0,0,0,0,744,6,31,72,82,0,13,19,2,8,0,0
p63s1,ob_zupancic,H,5,0,0,0,0,0,0,0,23,11,54,40,0,0,64,0,0,1515,0,13,63,0,0,0,22,11,0,11,15,0,90,0,0,167,0,0,64,2,0,0,0,0,0,3,0,144,58,0,0,0,0,0,0,101,491,0,0,0,0,47,1,33,56,171,0,2,90,0,0,0,0
p108s1,ob_zupancic,H,0,0,0,0,0,2,0,0,0,0,0,446,3,0,7,0,0,0,0,8,19,0,0,0,1,2,0,6,0,53,9,0,0,127,0,0,216,0,0,0,0,0,0,1,0,1,32,0,0,0,0,0,0,5,46,0,0,2,0,1030,0,55,0,4,0,0,1,4,0,0,0
p14s1,ob_zupancic,OB,0,0,0,0,31,1,0,0,19,35,0,680,0,0,53,5,6,0,0,60,50,0,2,0,5,0,0,23,0,0,14,2,0,0,0,0,1391,4,0,0,0,0,0,23,0,81,69,0,0,0,0,0,8,92,25,0,0,52,0,64,2,170,33,113,14,0,128,0,5,0,0
395,ob_zupancic,H,3,0,0,0,1,0,0,0,2,8,0,390,1,0,97,3,0,331,0,27,83,2,7,2,65,15,0,104,8,147,19,1,0,1187,0,0,535,14,0,0,0,0,0,8,0,76,64,4,0,0,0,0,2,66,14,6,3,0,0,144,4,87,139,157,0,3,20,2,6,0,0
156,ob_zupancic,H,0,0,0,0,0,0,0,0,0,0,1,222,0,0,39,0,0,36,0,3,69,0,3,0,21,4,0,15,2,0,7,2,0,183,0,0,532,0,0,0,0,0,1,0,0,80,169,0,0,0,0,0,0,31,0,1,0,0,0,3307,2,136,28,99,0,0,1,12,0,0,0
p136s1,ob_zupancic,OB,0,0,0,0,0,0,0,0,0,0,0,32,0,0,2,4,0,0,0,0,20,0,2,2,0,0,0,21,0,0,19,0,0,0,2,0,94,3,0,3,0,0,0,0,0,2,27,0,0,0,0,0,0,2,11,0,0,0,0,2640,0,19,0,129,0,0,23,0,2,0,0
292,ob_zupancic,OB,0,0,0,0,0,0,0,0,2,3,0,149,0,0,15,0,0,23,0,0,85,0,6,4,22,2,0,13,0,0,29,0,0,11,0,0,486,6,0,0,0,0,0,0,0,13,67,0,0,0,0,0,0,64,18,0,0,0,0,264,1,83,307,161,0,2,6,47,0,0,0
238,ob_zupancic,OB,0,0,0,0,0,0,0,0,3,1,0,50,0,0,6,0,0,0,0,1,37,2,3,1,16,11,0,18,0,93,24,0,0,0,0,0,415,0,0,0,1,0,0,0,0,172,62,0,0,0,0,0,4,4,4,78,0,0,0,5822,0,69,12,234,0,46,5,0,0,0,0
p57s1,ob_zupancic,H,0,0,0,0,58,0,0,0,20,10,7,252,3,0,79,0,0,0,0,711,40,0,3,0,5,4,0,44,15,126,9,7,0,0,0,0,331,10,0,0,0,0,2,23,0,0,24,0,0,0,0,0,6,128,16,80,0,0,0,729,4,86,34,39,1,3,15,1,2,0,0
p0s1,ob_zupancic,OB,0,0,0,0,0,0,0,0,0,33,0,298,0,0,9,0,3,0,0,0,1,0,2,0,3,2,0,2,0,1,24,0,0,87,0,0,530,4,0,0,0,0,0,5,0,2,20,0,0,0,0,1,0,26,20,0,0,0,0,1658,2,236,0,56,0,1,3,4,0,0,0
p20s2,ob_zupancic,H,0,0,0,0,22,6,0,0,86,0,0,112,2,0,82,2,0,0,0,9,5,0,0,0,0,13,0,32,0,0,30,6,0,1,0,0,108,3,0,0,0,0,0,0,0,33,45,0,0,0,0,0,6,131,28,0,0,0,0,104,33,10,451,152,8,26,16,1,0,0,0
p119s1,ob_zupancic,OB,0,0,0,0,2,0,0,0,0,2,17,935,0,0,167,0,0,0,0,243,0,0,2,1,0,40,0,7,0,0,127,0,0,0,0,0,695,13,0,0,0,0,0,2,0,136,33,14,0,0,0,0,3,333,2,0,0,0,0,284,0,597,351,120,0,3,34,0,0,0,0
p56s1,ob_zupancic,H,11,0,0,0,1,0,0,0,39,9,3,48,2,0,46,6,0,98,0,4,4,0,2,2,0,31,0,22,9,2,19,3,0,35,0,0,187,5,0,0,0,0,0,1,0,42,36,0,0,0,0,0,1,115,15,4,0,0,0,1122,7,61,9,153,5,0,33,0,12,0,0
p20s1,ob_zupancic,H,0,0,0,0,50,109,0,0,341,0,3,490,0,0,147,0,0,0,0,7,21,58,2,0,0,2,0,134,0,0,12,8,0,0,0,0,349,12,0,0,0,0,0,0,0,237,57,0,11,0,0,0,15,122,25,12,0,5,0,495,2,60,208,215,0,46,444,0,9,0,0
230,ob_zupancic,H,0,0,0,0,0,2,0,0,0,0,4,540,0,0,19,0,0,16,0,0,2,0,7,0,22,0,0,14,2,0,15,0,0,136,0,0,405,8,0,0,0,0,0,0,0,6,61,0,0,0,0,0,0,65,1,0,0,0,0,167,14,17,55,37,0,52,39,0,0,0,0
p149s1,ob_zupancic,OB,3,0,0,6,0,18,0,0,12,73,1,9,0,0,53,4,0,6,0,3,200,0,0,0,85,5,0,16,8,38,4,0,0,58,0,0,553,7,0,0,0,0,0,5,0,20,15,4,0,0,0,0,2,468,45,0,0,0,0,132,0,18,12,117,0,0,41,0,17,0,0
81,ob_zupancic,H,0,0,0,0,0,0,0,0,0,4,2,181,4,0,7,2,0,6,0,4,8,2,1,0,0,0,0,9,0,1,11,0,0,141,0,0,220,2,0,0,0,0,0,1,0,10,73,0,0,0,0,0,2,35,2,2,0,138,0,1427,10,99,4,17,0,2,8,2,3,0,0
p91s2,ob_zupancic,H,0,0,0,0,3,0,0,0,1,8,0,441,77,0,69,7,1,1,0,0,274,0,3,1,65,0,0,169,6,6,11,0,0,115,0,0,873,6,0,0,0,0,2,9,0,52,255,1,0,0,0,0,7,41,128,42,0,28,0,1320,23,333,479,121,0,7,105,4,4,0,0
p115s1,ob_zupancic,OB,0,0,0,0,12,0,0,0,11,76,3,800,11,0,62,36,5,1,0,17,116,1,3,0,11,11,0,527,0,85,18,3,0,175,0,0,585,6,0,2,0,0,3,2,0,688,113,1,0,0,0,0,9,215,72,0,0,0,0,27,8,85,198,106,44,26,188,0,21,0,0
48,ob_zupancic,OB,0,0,0,0,12,1,0,2,15,89,2,1547,0,0,164,5,0,13,0,1,199,3,10,2,88,9,0,110,18,0,31,0,0,609,0,0,1706,8,0,0,0,0,0,16,0,152,349,0,0,0,0,0,14,300,49,29,0,103,0,2428,11,267,66,147,12,27,114,7,18,0,0
p91s1,ob_zupancic,H,0,0,0,0,2,0,0,0,1,0,0,314,2,0,14,0,0,0,0,0,10,0,2,0,8,0,0,2,3,0,44,0,0,6,0,0,230,1,0,0,2,0,0,0,0,17,70,0,0,0,0,0,4,4,43,0,0,5,0,4786,4,173,78,31,0,0,11,0,0,0,0
p50s1,ob_zupancic,OB,0,0,0,0,19,0,0,0,4,1,0,409,11,0,21,5,0,48,0,0,8,0,6,0,7,0,0,96,1,101,6,0,0,10,0,0,199,0,0,0,0,0,0,0,0,46,56,0,2,0,0,0,8,15,30,11,0,10,0,4315,0,140,7,27,0,2,13,2,2,0,0
p50s2,ob_zupancic,OB,0,0,0,0,0,0,0,0,0,0,0,251,1,0,5,0,0,63,0,0,1,0,0,0,0,0,0,2,0,120,4,0,0,0,0,0,108,0,0,0,0,0,0,7,0,37,20,0,0,8,0,0,0,0,1,0,0,3,0,2461,0,66,0,1,0,4,16,4,0,0,0
p83s1,ob_zupancic,H,0,0,0,0,8,0,0,0,0,0,0,373,6,0,19,0,0,0,0,2,11,0,2,0,34,3,0,69,0,4,2,1,0,0,0,0,264,0,0,0,0,0,3,37,0,63,70,2,0,0,0,0,0,7,2,14,0,0,0,274,2,88,80,39,0,4,51,0,0,0,0
474,ob_zupancic,OB,0,0,0,0,1,0,0,0,0,0,0,332,0,0,34,0,0,0,0,2,3,0,0,0,2,0,0,12,0,0,2,0,0,195,0,0,344,0,0,0,0,0,0,0,0,14,54,0,0,0,0,0,0,3,21,0,0,0,0,235,0,37,2,28,0,0,4,0,0,0,0
1,ob_zupancic,H,0,0,0,0,0,0,0,0,0,0,2,49,0,0,87,0,0,142,0,0,1,0,0,0,3,2,0,3,3,0,80,0,0,457,0,0,468,0,0,0,0,0,0,18,0,35,24,0,0,0,0,0,0,49,11,37,0,0,0,2003,0,87,15,20,0,4,18,0,0,0,0
323,ob_zupancic,OB,0,0,0,0,0,0,0,0,0,174,0,16,0,0,1,0,1,0,0,5,1,0,2,0,4,0,0,7,0,4,15,0,0,16,0,0,7,23,0,0,0,0,0,0,0,0,0,0,0,0,0,0,0,175,0,0,0,0,0,2,1,4,3,40,0,0,9,0,0,0,0
p79s2,ob_zupancic,H,0,0,0,0,0,0,0,2,0,4,0,10,0,0,26,0,0,149,0,2,228,0,0,0,123,0,0,27,0,127,18,0,0,115,0,0,372,0,0,0,2,0,0,0,0,161,179,0,0,0,0,0,0,32,1,2,0,0,0,958,2,149,34,145,0,3,14,6,0,0,0
p72s2,ob_zupancic,H,0,0,0,8,2,0,0,0,3,10,4,107,1,0,114,7,3,5,0,5,26,0,0,0,12,32,0,35,0,0,5,0,0,214,0,0,990,0,0,0,0,0,0,7,0,119,67,6,0,0,0,0,0,373,13,0,0,0,0,861,2,146,183,103,0,0,35,9,0,0,0
327,ob_zupancic,H,0,0,0,0,3,0,0,0,4,6,2,210,0,0,64,0,0,0,0,19,48,0,3,0,5,13,0,45,2,13,11,2,0,12,0,0,259,0,0,0,0,0,0,14,0,5,87,0,0,0,0,0,2,41,58,9,0,0,0,1242,4,336,0,88,0,0,24,2,4,0,0
p34s1,ob_zupancic,H,0,0,0,0,4,0,0,0,0,11,6,253,12,0,6,0,3,0,0,0,41,0,2,0,65,0,0,11,2,0,13,3,0,53,0,0,363,2,0,0,0,0,0,177,0,2,39,0,0,0,0,0,0,61,27,3,0,0,0,39,2,55,5,18,19,0,20,5,2,1,0
p46s1,ob_zupancic,H,0,0,0,0,32,0,0,0,5,0,0,2379,33,0,16,1,0,45,0,0,27,0,0,0,7,5,0,34,0,123,12,0,0,0,0,0,497,0,0,0,1,0,0,0,0,73,91,0,0,0,0,0,0,46,29,13,0,0,0,1,1,29,214,45,0,2,75,0,0,7,0
397,ob_zupancic,H,0,0,0,24,18,1,0,0,0,5,5,86,8,0,49,6,0,0,0,17,38,4,0,0,83,0,0,19,15,0,9,3,0,20,0,0,222,2,0,0,0,0,0,4,0,8,24,0,0,0,0,0,3,124,43,3,0,0,0,232,2,59,40,36,0,0,47,0,0,0,3
p106s2,ob_zupancic,H,11,0,0,1,0,0,0,0,35,37,0,392,32,0,106,11,1,324,0,12,30,0,4,16,11,19,0,122,11,0,12,1,0,468,0,0,1574,4,3,0,0,0,1,58,0,330,155,62,0,0,0,0,1,287,87,4,0,0,0,38,0,21,70,327,0,0,81,6,0,0,0
p11s1,ob_zupancic,OB,0,0,0,0,0,0,0,0,14,0,0,0,0,0,34,18,0,2,0,2,17,0,0,0,11,48,0,28,3,0,7,0,0,25,0,0,44,0,0,0,0,0,0,0,0,62,39,0,0,0,0,0,0,81,10,10,0,0,0,523,0,6,69,92,0,0,14,0,0,3,0
388,ob_zupancic,OB,0,0,0,1,8,4,0,0,2,0,0,15,0,0,18,4,0,0,0,5,33,0,0,0,41,4,0,7,0,21,11,0,0,42,0,0,86,1,0,0,0,0,0,5,0,9,16,0,0,0,0,0,0,18,1,5,0,0,0,2276,11,21,40,67,0,2,14,0,2,0,0
p126s1,ob_zupancic,OB,0,0,0,0,7,0,0,0,5,56,14,1931,16,0,18,1,7,0,0,2,110,0,1,0,14,92,0,38,0,0,29,0,0,24,0,0,132,9,0,0,0,0,5,0,0,145,28,0,0,0,0,0,8,35,16,0,0,0,0,0,0,35,2,196,26,7,3,6,23,0,0
p51s1,ob_zupancic,H,3,0,0,0,8,0,0,0,1,208,6,7,0,0,36,2,0,0,0,12,92,0,1,0,84,14,0,28,0,0,13,0,0,49,0,0,15,12,0,0,0,0,0,17,0,33,17,0,0,0,0,0,0,264,2,0,0,0,0,228,5,7,28,44,32,1,106,0,6,0,2
143,ob_zupancic,OB,0,0,0,0,0,0,0,0,2,8,0,100,5,0,23,0,0,324,0,3,30,16,5,0,59,8,0,85,1,0,1,1,0,287,0,0,155,7,0,0,0,0,0,0,0,3,10,2,0,0,0,0,5,43,10,0,0,0,0,0,0,0,51,22,6,1,17,0,5,0,0
p64s2,ob_zupancic,H,0,0,0,0,2,2,0,0,5,14,1,37,0,0,21,3,0,121,0,1,29,0,6,0,2,4,0,40,6,5,10,0,0,229,0,0,241,6,0,0,0,0,0,3,0,16,98,67,0,0,0,0,6,62,121,8,0,0,0,529,3,39,6,112,0,15,12,5,4,0,0
208,ob_zupancic,H,0,0,0,0,0,0,0,0,11,0,0,505,25,0,9,0,0,0,0,11,15,0,0,0,0,2,0,3,0,0,4,0,0,0,0,0,588,4,0,0,0,0,0,7,0,19,67,0,0,0,0,0,0,7,5,0,1,9,0,3,1,74,9,18,0,8,62,0,0,0,0
p92s1,ob_zupancic,H,0,0,0,0,0,0,0,0,0,0,0,28,0,0,22,0,0,0,0,0,2,0,0,0,0,107,0,606,0,0,20,0,0,4,0,0,329,2,0,0,0,0,0,30,0,6,34,0,0,0,0,0,0,40,2,0,0,0,0,869,0,19,110,74,0,0,43,2,0,0,0
p64s1,ob_zupancic,H,0,0,0,0,0,0,0,0,0,0,0,5,0,0,2,5,0,55,0,0,0,0,0,0,0,0,0,47,0,0,4,0,0,96,0,0,148,2,0,0,0,0,0,8,0,3,22,0,0,0,0,0,1,4,16,14,0,0,0,2632,0,37,2,15,0,1,4,0,0,0,0
p16s1,ob_zupancic,OB,0,0,0,0,2,2,0,0,11,4,1,216,11,0,24,5,0,220,0,0,95,0,1,0,41,0,0,45,13,149,5,0,0,162,0,0,328,5,0,0,0,0,2,1,0,5,125,0,0,0,0,0,2,11,39,82,0,0,0,2525,3,117,53,149,0,6,48,0,0,0,0
p23s2,ob_zupancic,OB,0,0,0,8,2,0,0,0,1,57,35,79,3,0,15,0,0,33,0,3,476,0,3,0,785,102,0,1,16,0,3,0,0,141,0,0,51,9,0,0,0,0,0,1,0,4,3,2,0,0,0,0,0,303,18,6,0,0,0,2,0,0,84,23,0,0,20,1,25,0,0
74,ob_zupancic,H,0,0,0,0,2,0,0,0,3,15,2,28,0,0,13,0,3,47,0,2,64,0,0,0,21,1,0,22,5,1,5,3,0,51,0,0,371,7,0,0,0,0,2,32,0,25,65,0,0,0,0,0,2,48,67,30,0,0,0,2688,25,61,36,60,0,0,18,13,25,0,0
463,ob_zupancic,H,4,0,0,0,1,0,0,0,20,12,0,415,3,0,93,1,1,6,0,38,82,15,40,0,51,1,0,32,11,11,11,2,5,205,0,0,429,17,0,0,0,0,0,1,0,52,78,8,0,0,0,0,1,60,39,2,0,0,0,884,1,197,74,79,2,2,16,3,38,0,0
p44s2,ob_zupancic,OB,0,0,0,4,6,7,0,0,46,32,14,307,0,0,124,16,0,2,0,16,78,0,4,18,32,71,2,2147,6,0,159,7,0,281,0,0,519,35,0,2,1,0,10,15,0,816,556,8,2,0,0,0,6,1464,83,22,0,28,0,725,26,55,479,1037,5,42,74,21,4,0,2
p6s2,ob_zupancic,OB,0,0,0,0,2,0,0,2,3,0,0,549,3,0,25,8,0,0,0,15,65,0,7,0,15,23,0,69,0,0,8,0,0,0,0,0,897,2,0,0,2,0,0,7,0,190,171,0,0,0,0,0,2,93,3,12,0,0,0,3,0,175,81,60,0,2,84,2,7,0,0
p45s1,ob_zupancic,OB,0,0,0,0,0,0,0,0,2,1,0,163,0,0,45,3,0,0,0,0,2,0,5,0,3,1,0,40,0,0,8,0,0,24,0,0,258,0,0,0,0,0,0,0,0,21,20,0,0,0,0,0,0,1,25,111,0,0,0,1862,0,8,16,79,0,2,3,5,0,0,0
484,ob_zupancic,OB,0,0,0,0,0,0,0,0,0,2,0,21,0,0,49,2,0,0,0,5,4,0,2,1,14,3,0,20,3,0,10,0,0,77,0,0,166,0,0,0,0,0,0,1,0,0,23,0,0,0,0,0,0,1,3,117,0,0,0,2116,0,35,27,67,0,0,2,0,0,0,0
483,ob_zupancic,OB,0,0,0,0,4,0,0,0,0,0,0,469,0,0,70,0,0,33,0,240,0,0,4,46,0,0,2,0,0,0,18,0,0,68,0,0,317,0,0,0,0,0,0,0,0,33,100,0,0,0,0,0,0,10,41,2,0,16,0,319,1,115,13,39,0,0,4,0,0,0,0
p14s2,ob_zupancic,OB,3,0,0,0,0,0,0,0,34,1,45,16,0,0,576,0,0,0,0,0,2111,0,2,1,436,274,2,191,2,0,128,0,0,0,0,0,422,0,0,0,0,0,0,0,0,22,226,0,0,0,0,0,0,729,2,0,0,0,0,6,0,3,173,519,0,0,10,0,0,0,0
p99s1,ob_zupancic,OB,62,0,0,0,9,0,0,0,3,218,1,24,0,0,19,0,0,20,0,11,113,0,15,2,61,6,0,9,0,0,16,0,0,16,0,0,184,0,0,0,0,0,0,5,0,1,90,0,0,0,0,0,0,332,9,5,0,0,0,1139,10,20,7,59,0,0,4,13,0,0,0
120,ob_zupancic,H,0,0,0,0,3,0,0,0,0,2,0,76,0,0,17,0,0,0,0,0,18,0,0,0,0,0,0,94,2,0,2,4,0,189,0,0,418,2,0,0,0,0,0,0,0,5,30,0,0,4,0,0,0,306,1,0,0,0,0,461,2,1,9,0,0,0,6,0,15,0,0
p18s2,ob_zupancic,H,22,0,0,2,0,0,0,0,19,14,6,14,0,0,43,1,0,61,0,11,20,0,0,0,15,3,0,70,4,0,20,0,0,42,0,0,116,3,0,0,0,0,1,13,0,5,6,0,0,0,0,0,0,561,7,2,0,0,0,6,16,2,64,59,8,27,915,0,1,0,0
p129s1,ob_zupancic,OB,0,0,0,0,0,0,0,0,11,0,0,874,3,0,13,5,2,489,0,0,19,1,0,7,0,4,0,20,10,0,13,0,0,4,0,0,11,4,0,0,0,0,3,0,0,10,40,0,0,0,0,0,5,0,50,6,0,0,0,1433,0,31,2,84,0,3,1,16,0,0,0
p103s2,ob_zupancic,OB,0,0,0,0,0,0,0,0,2,0,0,409,0,0,37,0,0,22,0,0,0,0,3,3,0,0,0,14,0,0,4,0,0,314,0,0,206,0,0,0,0,0,0,0,0,1,33,0,0,0,0,0,1,0,6,0,0,0,0,658,0,16,23,142,0,0,6,3,0,0,0
p127s1,ob_zupancic,OB,0,116,0,0,0,0,0,0,1,2,2,9,0,0,12,3,0,384,0,0,40,0,6,0,0,2,0,67,2,103,12,0,0,101,0,0,252,9,0,0,0,0,0,1,0,26,12,0,0,2,0,0,0,17,3,4,0,0,0,1758,1,86,16,36,23,3,16,2,18,0,0
p130s1,ob_zupancic,OB,0,0,0,0,0,0,0,0,0,0,0,0,1,0,0,1,0,359,0,0,2,0,1,0,0,0,0,16,0,0,10,2,0,32,0,0,68,1,0,0,0,0,0,0,0,42,212,0,0,0,0,0,0,14,1,169,0,0,0,2192,0,3,2,37,0,0,0,0,0,0,0
p98s2,ob_zupancic,OB,0,0,0,0,4,0,0,0,0,0,0,37,2,0,0,0,0,0,0,0,3,0,0,0,9,0,0,3,0,0,0,0,0,121,0,0,157,0,0,0,0,0,0,0,0,4,18,0,0,0,0,0,0,3,5,0,0,0,0,219,0,112,36,7,0,0,2,2,0,0,0
p68s1,ob_zupancic,OB,0,0,0,0,19,0,0,0,50,0,0,4171,103,0,67,0,0,0,0,5,12,0,43,10,2,0,0,0,0,185,80,0,0,0,0,0,321,2,0,0,0,0,2,0,0,239,220,0,1,0,0,0,0,22,38,0,0,0,0,0,0,1172,104,279,0,0,2,0,0,0,0
453,ob_zupancic,H,0,0,0,0,0,0,0,0,13,3,4,20,0,0,18,0,3,18,0,0,1,0,0,0,0,3,0,25,0,284,12,0,0,200,0,0,542,0,0,0,0,0,0,0,0,38,94,2,0,10,0,0,0,11,33,1,0,0,0,5980,0,21,0,40,0,30,22,2,0,0,0
p72s1,ob_zupancic,H,5,0,0,0,1,0,0,0,0,28,32,595,1,0,68,0,11,1,0,16,210,0,20,0,315,0,0,198,0,2,18,0,0,20,0,0,820,0,0,0,0,0,0,0,0,47,409,0,0,0,0,0,0,137,13,0,0,0,0,46,11,47,1193,41,0,0,49,72,0,0,0
352,ob_zupancic,H,0,0,0,0,0,0,0,0,0,15,0,504,0,0,51,0,2,10,0,73,53,0,5,2,50,0,0,10,0,0,34,0,0,0,0,0,926,0,0,0,0,0,2,0,0,9,220,0,0,0,0,0,0,129,5,0,0,19,0,1435,12,73,234,42,0,0,2,29,0,0,0
p22s1,ob_zupancic,OB,0,0,0,0,0,0,0,0,0,28,0,74,0,0,27,0,0,162,0,36,34,0,1,2,14,5,0,4,0,0,18,3,0,52,0,0,222,2,0,0,0,0,0,2,0,2,57,0,0,0,0,0,0,9,97,1,0,0,0,951,5,65,59,130,0,0,12,19,0,0,0
p46s2,ob_zupancic,H,0,0,0,8,24,0,0,0,0,2,0,512,2,0,0,0,0,54,0,0,3,0,0,0,0,0,0,1,0,82,2,0,0,0,0,0,15,0,0,14,0,0,0,0,2,10,54,0,4,0,0,0,0,0,22,0,0,0,0,0,0,0,43,14,0,0,31,0,0,0,0
p75s1,ob_zupancic,OB,0,0,0,0,11,0,0,0,7,37,5,193,0,0,23,0,0,0,0,14,127,0,6,2,36,0,0,0,0,0,26,33,0,21,0,0,75,0,0,0,0,0,0,0,0,4,29,10,0,0,0,0,0,5,41,12,4,0,0,0,0,0,67,52,0,0,5,1,2,0,0
359,ob_zupancic,H,0,0,0,0,0,0,0,0,10,8,0,88,4,0,33,3,0,1289,0,2,45,0,1,0,45,0,0,2,4,0,26,80,0,497,0,0,349,6,0,1,0,0,0,2,0,23,100,0,0,0,0,0,0,20,3,4,0,2,0,3,3,16,74,72,0,0,28,0,0,0,0
ERR560571,ob_goodrich,OB,10,0,0,3028,587,0,4,67,59,0,1,13133,449,643,1178,0,51,5,0,92,1,4,2161,77,7,25,0,1168,193,0,17,0,3,15,1597,5,1003,24,2347,8,0,36,4,0,0,0,46,0,0,0,0,0,9,145,1591,0,10,240,0,0,4,583,593,128,26,0,18,0,0,0,0
ERR560572,ob_goodrich,OW,1,0,1,1820,719,0,0,1,5,0,0,3105,8,1,420,0,0,6,0,17,142,3,457,50,6,0,13,30,0,0,68,0,32,106,30,358,16,3,202,4,0,3,0,65,0,0,547,1,1,0,0,1,72,306,24,2,0,39,0,13,2,39,40,67,3,1,333,0,5,4,0
ERR560573,ob_goodrich,H,0,0,0,3,15,0,0,1,123,0,1,45,0,26,3350,0,1,5,0,64,655,1,33,1,1138,0,0,208,11,58,919,0,6778,3,0,1,75,0,818,0,0,7,0,0,0,0,54,10,0,0,99,2,1,4,47,0,0,0,4,1,0,166,8,219,3,0,25,0,6,4,0
ERR560574,ob_goodrich,H,0,0,0,388,374,0,0,32,1530,0,0,1493,105,14,5965,0,0,45,1,299,915,32,98,15,1101,1,0,1004,0,2,985,0,0,8,134,301,277,31,603,2,0,27,0,0,0,0,361,22,0,0,0,1,13,68,405,0,1,198,0,1,9,1716,611,1806,229,4,278,0,22,0,0
ERR560575,ob_goodrich,H,48,0,0,752,3834,0,4,13,217,0,113,3410,94,406,190,0,62,2,7,327,196,0,209,4,498,16,0,576,83,10,222,0,716,262,253,8,396,49,75,0,4,5,1,0,0,0,1018,0,2,0,266,2,23,185,421,0,16,92,11,26,17,190,111,207,28,0,311,2,31,0,4
ERR560576,ob_goodrich,OB,21,0,0,4,936,0,0,3,277,0,1,5447,469,2,1017,0,34,3,0,89,68,0,275,134,105,0,3,802,0,1,361,0,0,4,1,5,902,82,644,0,0,11,7,0,1,0,281,0,0,0,34,2,31,145,355,0,10,202,0,1,2,2148,739,450,46,0,14,0,0,0,0
ERR560577,ob_goodrich,OB,3,0,0,0,1620,0,4,90,451,0,16,9358,19,10,1264,0,0,14,0,128,21,11,656,136,36,4,0,838,0,0,264,0,0,61,8,3,1348,62,569,0,0,12,4,0,0,0,840,0,0,0,0,0,33,316,658,0,5,65,1,1,4,3701,33,390,15,0,123,0,7,4,0
ERR560578,ob_goodrich,OW,9,0,0,442,813,0,3,61,307,0,1,1776,123,9,3199,0,0,5,0,251,760,19,156,5,963,0,0,304,0,569,1019,0,0,95,1,11,1051,15,497,1,1,15,0,0,4,0,465,0,0,0,0,2,5,97,22,0,1,39,0,0,3,5530,240,328,75,1,95,0,84,177,1
ERR560579,ob_goodrich,H,0,48,21,3,275,38,0,0,292,0,8,355,17,1821,3949,5,0,389,0,60,4438,4,91,0,1572,293,0,538,1,619,1702,0,6,3,27,8,1838,1,1527,3,1600,5,2,0,0,0,521,1,0,1,0,1,1,20,191,152,0,2,0,792,0,2336,560,834,5,89,185,2,146,450,0
ERR560580,ob_goodrich,OW,4,58,9,20,47,1,2,0,398,0,16,97,46,1398,3693,0,0,4895,0,87,833,0,206,4,840,194,1,1430,2,1,2005,0,3,1513,6,3,3445,2,174,0,15,40,4,48,0,0,265,9,2,0,317,72,1,48,80,14,1,0,3,1166,1,1097,519,914,31,40,84,0,18,5,0
ERR560581,ob_goodrich,OW,2,0,4,2,976,0,4,11,978,0,2,9428,298,576,4356,0,26,42,1,98,1266,23,376,47,3423,980,0,708,5,9,976,0,0,20,2,8,4939,32,1286,2,0,31,1,0,8,0,455,0,0,0,7,0,26,110,1848,0,10,127,1,4,5,1439,344,405,27,4,649,0,0,0,0
ERR560582,ob_goodrich,OW,0,0,0,0,1433,0,0,0,68,0,0,3011,74,4,446,0,0,1,0,244,97,5,530,38,1,0,0,22,0,0,111,0,0,10,18,0,21,60,11,0,0,0,0,0,0,0,307,0,0,0,0,0,0,115,1066,0,0,32,0,0,5,125,0,111,0,0,35,0,4,1,0
ERR560583,ob_goodrich,H,0,2,0,9,166,0,0,10,424,0,0,338,6,0,562,0,8,0,0,47,191,0,909,3,15,0,0,525,219,3,142,0,0,32,0,4,151,7,175,0,12,3,0,0,0,0,119,0,0,0,8,54,6,425,60,153,0,0,0,3165,3,110,106,111,286,1,11,3,9,17,648
ERR560584,ob_goodrich,OW,19,0,0,4811,2120,0,0,3,123,0,16,2982,128,415,697,0,34,37,0,276,274,3,123,12,166,4,13,345,0,1022,126,0,0,605,0,5,256,32,161,8,0,1,1,56,4,0,103,0,0,0,2382,1,6,225,331,0,0,0,22,16,6,141,73,32,127,2,338,0,4,0,2
ERR560585,ob_goodrich,OB,2,0,0,1206,95,0,1,39,732,0,0,224,26,24,4790,0,0,65,1,269,87,8,193,16,22,1,1,525,51,21,570,0,0,3,10,3,166,3,1339,0,0,54,0,25,1,0,186,0,0,0,0,0,1,114,22,0,0,7,0,2,1,1375,916,845,63,1,120,0,0,0,0
ERR560586,ob_goodrich,H,0,0,0,1,4372,0,12,20,3101,0,0,3197,297,135,3631,0,0,5,0,322,636,15,417,43,319,0,0,575,1,2661,1593,0,0,4,0,27,508,10,373,3,6,31,0,0,24,0,539,39,0,0,0,4,12,2286,104,0,2,0,1,2,0,6350,57,241,220,0,167,0,1,36,0
ERR560587,ob_goodrich,H,8,0,21,127,293,1,1,8,3019,0,10,1096,16,1477,8447,1,2,134,0,1208,1688,30,325,24,22,0,0,1159,0,0,1847,0,0,138,0,8,750,20,651,35,0,192,6,0,0,0,812,44,38,0,0,2,6,22,104,0,13,22,0,1,2,1658,1093,1065,39,763,32,0,0,1,0
ERR560589,ob_goodrich,OW,5,0,7,1017,1008,0,1,2,68,0,2,604,403,2831,1465,0,39,513,0,88,3,6,59,6,0,283,0,173,26,2,724,0,0,546,115,9,111,8,205,18,0,39,2,0,0,0,562,23,15,0,1,1,39,24,67,0,1,9,0,267,7,34,141,272,762,445,127,0,0,0,0
ERR560590,ob_goodrich,OB,7,0,0,0,666,0,0,2,141,0,0,4416,97,105,946,0,4,334,1,103,1619,1,323,7,2145,0,0,765,0,0,265,0,0,9,0,0,1886,1,203,0,100,10,0,0,1,0,1020,96,0,0,0,3,6,98,202,0,0,118,0,0,2,2600,552,248,55,1,8,0,7,287,0
ERR560591,ob_goodrich,H,2,13,0,874,306,0,1,41,134,0,0,994,139,1,863,0,25,7,0,167,10,7,201,25,37,2,0,211,150,1,368,0,0,233,0,0,582,6,454,0,2,551,1,24,0,0,255,0,0,0,410,39,18,267,134,31,0,154,0,3055,2,746,445,513,221,0,69,0,0,3,0
ERR560592,ob_goodrich,OW,10,0,0,26,2841,0,2,0,28,0,2,6804,50,21,90,0,52,3,0,244,19,0,129,3,23,3,0,111,17,47,49,0,0,6,6,9,1535,24,283,0,0,1,0,0,0,0,101,0,0,0,11,1,56,103,608,0,9,65,0,1375,4,804,3209,77,55,5,53,1,0,0,9
ERR560593,ob_goodrich,OB,1,0,0,0,901,0,0,0,125,0,4,24571,358,116,1327,0,0,13,0,193,1149,3,897,10,81,0,1,1959,0,727,226,0,0,3,18,2,2185,37,1,0,77,13,6,0,0,0,1095,3,3,0,0,0,27,49,2132,0,5,0,5,2256,1,5089,1101,92,0,9,16,0,5,10,0
ERR560594,ob_goodrich,H,8,0,0,774,1264,0,1,2,682,0,0,5624,434,457,1780,0,88,12,0,25,112,19,899,56,78,0,0,2538,0,2,179,0,1,10,116,6,4165,17,231,0,19,17,2,0,0,0,2131,0,0,0,0,3,78,245,719,0,1,103,0,0,12,1121,1901,55,98,56,45,2,4,45,98
ERR560595,ob_goodrich,H,31,0,2,0,2733,0,0,2,191,0,0,8914,718,35,1254,0,31,8,0,90,851,7,344,6,204,0,0,1092,0,2,426,0,0,3,0,8,1516,9,336,0,26,5,2,4,1,0,315,8,0,0,0,3,146,105,790,0,0,34,0,2,8,2866,360,450,26,98,124,1,18,1,2
ERR560596,ob_goodrich,H,20,9,5,2250,4128,4,4,3,238,0,1,7976,147,417,344,1,9,2,3,488,1138,18,59,0,497,73,1,397,0,207,266,0,0,345,3597,8,503,17,554,4,1,5,3,0,0,0,591,4,0,0,7432,2,23,31,1120,0,4,11,1,0,14,442,711,375,24,14,213,1,91,1,0
ERR560597,ob_goodrich,OB,0,0,0,538,453,0,0,12,506,0,0,1563,60,68,904,0,1,5,0,175,471,10,61,14,477,0,0,118,0,28,42,0,15,2,242,6,65,9,95,1,0,7,1,0,2,0,70,7,0,0,90,40,6,43,558,0,0,148,1,36,5,226,194,148,107,16,46,0,18,8,0
ERR560598,ob_goodrich,OW,0,0,0,3328,340,0,2,26,548,0,0,1854,29,8,1589,0,0,6,0,103,360,109,259,37,47,0,4,656,32,377,632,0,0,230,0,85,276,11,302,0,0,11,0,0,9,0,340,1,0,0,0,1,2,1399,49,1,0,57,0,0,9,263,922,345,144,0,194,0,10,1,1
ERR560599,ob_goodrich,H,1,0,0,37,743,0,1,3,1327,0,0,2193,139,1,2743,0,0,2,0,54,88,14,785,23,14,0,0,572,0,0,535,0,2,24,5,14,61,39,420,0,1,19,0,0,0,0,248,0,0,0,0,0,0,111,1673,0,0,28,0,1979,2,1122,60,408,0,0,62,0,0,1,0
ERR560600,ob_goodrich,OB,4,0,0,1167,28,0,0,0,1784,0,0,1304,5,237,5401,0,0,9,0,29,2738,37,1114,16,82,0,0,981,0,644,462,0,0,25,1,0,112,26,231,1,0,0,0,0,0,0,1009,1,0,0,0,0,1,18,7,0,0,1,0,2,5,5341,4,330,6,0,52,0,3,2,0
ERR560601,ob_goodrich,H,1,4,0,2396,173,0,0,4,301,0,11,983,16,0,1454,0,1,171,3,342,0,53,448,103,2,0,0,1071,66,1,473,0,0,32,0,3,1210,18,77,0,0,25,0,0,1,0,1289,0,1,0,130,27,2,258,95,0,0,0,0,1,9,180,149,587,439,0,19,0,0,0,0
ERR560602,ob_goodrich,OW,8,0,0,184,5872,0,0,54,105,0,2,14306,796,3,653,0,78,6,0,197,23,5,749,58,0,3,0,86,278,0,107,0,0,0,0,3,1534,18,420,0,0,21,2,0,0,0,127,0,0,0,1,0,78,172,3130,1561,12,50,0,4,26,2235,267,111,17,0,83,8,2,1,98
ERR560603,ob_goodrich,H,2,0,0,1079,3115,0,3,10,1257,0,0,2249,163,15,2597,0,8,3,0,87,191,66,217,63,69,0,0,92,91,6,195,0,61,39,0,9,173,25,0,0,0,31,0,0,2,0,156,0,0,0,208,0,14,315,834,42,0,86,0,2,58,731,440,224,1537,3,158,0,9,1,2
ERR560605,ob_goodrich,OW,1,0,0,1433,2630,0,2,5,191,0,0,2257,77,5,112,0,6,0,0,281,192,36,191,0,131,0,2,65,0,0,20,0,0,5,12,21,103,14,28,0,0,1,1,0,2,0,33,0,0,0,534,21,13,339,528,0,0,15,15,10,12,34,25,335,25,0,281,0,9,0,0
ERR560606,ob_goodrich,H,6,10,0,273,137,0,0,9,272,0,9,225,21,741,1515,0,5,25,1,224,359,10,61,3,473,0,8,623,0,0,194,0,0,17,4836,2,489,5,201,3,0,15,1,32,0,0,161,2,4,0,0,2,4,21,55,2,0,1,0,15,0,226,368,729,28,5,69,0,6,3,6
ERR560607,ob_goodrich,OW,1,0,7,961,835,0,4,37,2216,0,28,2098,45,354,2974,0,1,29,0,388,245,156,84,2,926,348,1,810,1,0,1062,0,0,14,0,19,3212,30,888,33,0,27,5,24,3,0,269,0,0,0,1435,0,4,97,725,77,0,18,1,30,25,1626,176,698,65,11,116,0,0,0,0
ERR560608,ob_goodrich,OB,0,0,5,1,2462,0,0,14,27,0,0,14564,3,898,2637,0,0,951,0,16,255,12,1926,162,80,1,0,8,0,833,12,0,0,17,483,0,2,95,1,0,2,0,0,0,0,0,432,650,0,0,0,0,62,23,3400,0,155,0,1,6,0,670,33,216,0,59,74,0,57,18,0
ERR560609,ob_goodrich,H,0,0,0,0,3454,0,0,0,347,0,2,2671,79,45,1197,0,0,2,0,510,824,18,1007,51,8,0,0,42,0,7,407,0,0,21,305,1,156,401,18,0,0,2,0,0,0,0,1211,0,5,0,0,0,0,701,1809,0,1,225,0,0,4,305,5,317,0,5,192,0,8,7,0
ERR560611,ob_goodrich,OB,0,0,0,2268,408,0,0,23,53,0,0,214,48,1,1123,0,0,0,33,802,1427,2,560,6,503,0,0,306,0,1653,199,0,0,7,2,1,81,13,273,0,4,11,0,0,1,0,1423,0,3,0,0,0,1,104,1381,0,0,0,0,0,0,1917,197,214,195,1,140,0,84,0,0
ERR560612,ob_goodrich,H,29,0,0,93,467,0,0,27,19,0,0,1989,319,1,587,0,39,271,1,152,1,5,433,36,47,4,0,357,0,104,117,0,14,12,0,1,1155,2,184,0,4,2,0,2,2,0,281,0,0,0,10,1,20,506,440,0,0,0,0,436,2,1613,267,162,126,0,58,0,0,6,0
ERR560613,ob_goodrich,H,0,16,0,152,1423,4,4,18,158,0,0,2401,406,0,298,0,31,4,0,184,6,1,284,22,21,0,0,129,0,0,32,0,0,138,252,1,381,8,64,0,0,6,3,12,2,0,342,0,0,0,0,0,19,437,449,562,0,1,0,414,8,172,79,36,112,0,36,0,0,0,2
ERR560614,ob_goodrich,H,6,0,1,1543,828,0,1,0,143,0,0,3640,71,340,183,0,117,16,4,70,1281,1,63,0,353,86,7,219,0,95,74,0,0,369,25,4,263,9,575,0,3,8,0,66,0,0,166,4,0,0,0,0,64,341,565,0,0,39,2,16,0,471,337,108,115,320,111,0,24,0,0
ERR560615,ob_goodrich,OW,3,0,0,1979,1210,0,1,1,93,0,0,1392,191,25,319,0,0,0,0,57,670,5,29,0,864,0,0,344,0,136,152,0,0,20,19,4,938,1,30,3,0,2,2,0,0,0,155,1,0,0,83,3,17,64,53,0,0,0,6,1,4,570,180,87,101,4,151,0,60,15,0
ERR560616,ob_goodrich,H,11,0,2,187,2357,0,1,15,687,0,0,3253,171,1352,1241,4,14,11,4,244,726,43,170,5,640,67,1,433,2,588,239,0,0,410,22,9,2983,6,241,0,1,16,1,0,2,0,616,2,0,0,704,3,22,199,271,0,24,0,22,16,9,825,747,407,36,20,183,0,239,6,0
ERR560617,ob_goodrich,OW,1,0,0,1226,1181,0,1,15,93,0,0,2199,591,25,557,0,0,3,1,84,202,1,192,5,31,0,0,233,0,364,168,0,1,6,1,0,560,6,106,0,3,6,0,0,0,0,492,2,0,0,0,0,11,87,106,0,0,0,0,0,0,1120,559,111,105,1,38,0,17,5,0
ERR560618,ob_goodrich,OW,99,3,0,1993,8475,0,2,10,269,0,0,7579,470,936,902,4,85,6,20,431,302,4,164,8,1671,0,0,1498,0,214,115,0,0,6,569,0,3396,9,311,1,23,7,8,31,0,0,343,2,0,0,1157,13,101,604,472,0,39,0,15,6,33,1560,2588,73,109,23,334,0,23,17,0
ERR560619,ob_goodrich,H,0,0,23,61,499,0,0,1,825,0,0,2698,8,665,10372,2,1,0,2,1256,471,2,28,1,73,0,0,316,0,2,68,0,0,8,0,2,753,60,104,7,0,11,29,0,0,0,224,0,0,0,0,0,25,31,523,0,4,2,0,14,1,3089,88,1139,9,114,103,0,10,1,0
ERR560620,ob_goodrich,OW,12,0,1,1,323,0,0,31,6,0,1,8347,869,0,471,0,0,0,0,2489,202,8,188,60,44,0,0,688,0,74,12,0,0,5,9201,6,1585,31,161,0,10,2,22,0,1,0,1206,0,0,0,74,2,154,126,7530,0,0,0,0,19,74,1435,133,551,183,3,735,0,1,4,0
ERR560621,ob_goodrich,OB,0,0,0,98,997,0,3,26,1039,0,0,559,106,45,3076,0,11,19,0,276,323,50,351,38,8,0,14,607,18,698,583,1,0,12,1,46,245,7,89,0,0,1,2,0,0,0,139,3,0,0,0,0,7,132,417,0,0,0,0,1093,0,1573,238,642,314,21,71,0,51,2,0
ERR560622,ob_goodrich,OW,0,0,0,366,13,0,2,0,384,0,0,72,3,16,1035,1,0,0,13,178,1415,5,184,0,1433,0,1,587,6,1355,939,0,0,346,0,4,206,0,428,0,4,24,0,21,0,0,304,2,0,0,251,52,4,30,25,17,0,0,0,65,1,1004,165,455,18,0,167,0,55,209,0
ERR560625,ob_goodrich,OB,2,0,0,27,4706,0,1,76,631,0,4,1140,213,94,2236,0,5,10,0,937,1529,0,339,2,579,0,1,1742,59,1,1090,0,0,81,10,18,191,18,250,61,0,8,1,0,8,0,1136,4,6,0,230,180,25,2973,713,44,0,164,0,40,18,441,266,478,244,1,205,0,50,4,7
ERR560627,ob_goodrich,H,5,1,1,1,6,0,0,0,2054,0,1,1327,108,21,4221,0,0,41,0,87,517,48,140,1,133,0,0,948,0,239,904,0,0,6,23,586,345,50,812,0,0,32,0,0,1,0,377,0,0,0,0,0,0,87,4,1,0,0,5,21,3,494,203,1007,2,12,167,0,0,1,0
ERR560628,ob_goodrich,H,1,0,0,907,444,0,0,5,35,0,0,924,31,1,371,0,22,2,0,122,29,111,389,5,635,0,0,43,31,0,29,0,0,1355,11,0,47,2,31,0,0,4,0,0,0,0,105,0,0,0,0,35,19,782,245,4,0,0,0,3,4,33,13,145,118,0,29,0,3,0,0
ERR560629,ob_goodrich,OB,0,0,0,4,17,0,0,0,194,0,0,11325,6,17,2675,0,1,0,0,4,85,135,2195,3,106,15,0,33,3,2,7,0,42,16,4983,0,8,146,3,0,8,2,0,0,0,0,201,2,1,0,6,0,0,1,5,0,1,0,0,2,5,12,214,201,1,3,17,0,0,378,0
ERR560630,ob_goodrich,H,9,0,2,1367,5072,0,16,2,612,0,11,4618,34,4137,4746,1,24,32,0,328,214,15,190,162,29,0,0,587,0,226,1084,1,0,35,200,26,1833,125,716,10,0,31,3,0,3,0,1948,0,0,0,0,14,51,462,398,0,0,0,16,15,48,500,913,1145,217,47,170,0,1,0,0
ERR560631,ob_goodrich,H,6,0,1,0,530,0,3,0,188,0,12,7355,757,544,1085,0,0,8,0,37,60,27,119,27,188,28,0,322,0,146,125,0,0,0,1,30,889,25,472,1,0,11,4,0,0,0,322,14,0,0,0,1,12,47,890,450,1,0,0,0,2,574,696,203,1,29,41,1,1,3,0
ERR560632,ob_goodrich,OW,5,0,0,593,866,0,5,12,75,0,5,761,23,20,636,0,4,3,8,163,839,3,179,12,438,1,0,794,15,2406,235,0,116,90,0,0,429,6,208,0,148,6,0,0,11,0,1596,0,0,0,42,1,3,574,157,281,0,10,0,961,9,968,114,74,212,2,50,0,61,58,0
ERR560633,ob_goodrich,H,68,0,5,5764,1765,0,3,10,1304,0,35,1675,149,852,4860,0,0,16,0,217,490,2,66,37,150,13,0,1313,0,411,1375,0,1331,80,0,5,829,14,1772,0,0,9,2,0,5,0,191,0,4,0,1,1,31,941,964,0,1,38,0,0,6,598,1341,948,130,3,81,0,7,1,2
ERR560635,ob_goodrich,OW,9,491,1,49,534,0,0,36,281,0,0,1147,30,109,2383,0,0,10,0,208,562,3,370,10,40,0,0,912,5,853,819,0,59,21,19,2,1155,23,876,0,21,17,1,0,0,0,177,1,0,1,8,2,2,214,326,0,0,25,0,3,1,3745,383,244,2,10,41,0,1,28,3
ERR560636,ob_goodrich,OW,22,0,0,170,262,0,5,85,184,0,7,493,23,4,1308,0,10,8,0,2453,32,2,399,12,147,0,0,238,1,87,178,0,0,30,6,9,143,36,614,0,0,16,0,0,0,0,1220,0,0,0,0,0,15,120,130,0,0,0,1,3,15,2102,609,313,311,0,33,0,0,1,0
ERR560637,ob_goodrich,H,1,0,0,19,765,0,2,10,634,0,0,406,177,8,701,0,3,9,2,374,238,9,234,4,274,0,0,2590,81,0,302,0,0,4,1,2,59,10,1546,0,0,19,1,0,4,0,984,0,0,0,364,5,3,315,87,6,0,0,0,0,9,371,78,559,588,0,101,0,35,0,4
ERR560638,ob_goodrich,OW,2,5,2,4574,741,0,0,2,55,0,10,6154,40,1117,882,0,43,0,0,305,36,6,1358,57,0,0,0,367,319,0,784,0,4,149,133,23,72,168,52,1,0,2,3,37,0,0,31,108,2,0,1224,407,14,112,743,3,2,0,1,6,9,19,25,57,267,318,154,0,0,0,0
ERR560639,ob_goodrich,OW,0,0,0,138,402,0,3,2,648,0,2,2984,75,7,2609,0,0,16,0,233,625,3,840,93,267,0,0,1918,0,4,675,0,34,5,1,0,189,7,1187,0,16,34,0,0,0,0,352,0,0,1,19,2,10,126,211,0,0,92,0,2,0,1687,959,359,48,1,82,0,44,19,0
ERR560640,ob_goodrich,H,4,1,0,6710,1230,0,6,43,633,0,18,17689,3630,61,1343,0,41,2,0,680,18,0,690,83,1,5,0,657,0,410,111,0,0,78,25,17,2429,6,268,0,193,8,2,0,1,0,2058,0,0,1,176,17,134,244,1884,1,268,228,0,6,5,2491,218,42,246,43,35,0,0,121,0
ERR560641,ob_goodrich,H,11,0,0,321,984,0,1,5,73,0,0,10551,167,33,472,1,8,1,0,1376,17,7,334,15,40,23,0,83,0,1,385,0,0,71,65,0,1410,2,679,0,12,1,8,0,0,0,216,0,0,0,0,0,60,609,1133,436,1,291,0,2225,7,1681,158,239,269,3,14,3,0,2,47
ERR560642,ob_goodrich,OW,4,0,0,0,123,0,0,2,106,0,0,4729,94,1,645,0,35,0,0,22,20,40,688,54,82,0,1,1,0,0,31,0,0,18,1,4,2,37,1,0,0,0,0,0,0,0,407,0,0,2,0,0,34,32,947,0,0,35,0,0,0,856,2,75,0,0,21,0,2,22,2
ERR560643,ob_goodrich,OW,1,7,0,0,279,25,10,22,994,0,0,1540,157,21,3646,29,2,13,0,124,3314,10,901,8,2657,0,0,485,0,390,1126,0,0,170,4,1,1127,88,1201,0,0,39,1,0,0,1,379,0,0,0,3,0,3,217,1110,0,0,0,0,2816,35,1865,12,561,69,0,286,0,157,1,0
ERR560644,ob_goodrich,H,0,0,0,9,2370,0,5,30,173,0,3,2259,69,2,583,0,2,1,1,184,58,26,565,9,57,0,0,1900,0,0,83,0,0,160,9,0,412,7,403,0,0,14,0,0,6,0,429,2,5,0,42,20,13,366,84,0,0,0,0,67,5,201,157,512,381,7,51,0,2,0,38
ERR560645,ob_goodrich,OW,1,0,0,131,552,0,1,34,73,0,0,3,74,0,1180,0,0,5,0,284,64,58,444,15,27,0,2,176,0,212,147,0,90,2,4,3,850,10,14,0,4,1,0,0,3,0,292,0,0,0,98,0,0,28,0,0,0,0,2,133,2,3391,34,239,118,3,154,0,16,114,0
ERR560646,ob_goodrich,OB,1,0,0,16,132,0,0,0,2,0,0,2715,28,42,510,0,1,14,0,15,4,1,415,52,3,0,0,201,0,452,66,0,0,3,16,1,358,77,548,0,0,0,8,0,0,0,800,2,0,0,0,0,2,103,39,0,6,0,0,1,3,2115,10,44,4,42,16,0,0,0,0
ERR560647,ob_goodrich,H,8,22,2,42,713,0,2,1,202,0,0,3780,122,5,326,0,15,4,0,59,48,1,730,28,1,3,0,163,0,101,110,0,139,156,98,1,236,3,133,5,0,3,0,0,1,0,156,0,0,0,0,1,2,291,340,0,1,11,30,138,2,99,192,397,143,47,47,0,0,0,0
ERR560648,ob_goodrich,OW,0,0,2,0,1788,0,0,1,558,0,12,23642,1401,2231,1447,3,0,10,0,68,181,10,225,4,39,0,0,334,0,272,324,0,0,1,8,2,1539,9,328,0,1,8,2,0,0,0,502,0,0,0,0,0,83,163,2528,2,1,0,1,5,7,4027,1029,271,5,79,49,0,3,13,0
ERR560649,ob_goodrich,OB,43,47,0,1,677,0,9,32,112,0,7,8316,108,42,1557,0,15,0,0,580,48,2,2204,409,1,0,0,1202,0,0,426,0,0,3,1,3,997,206,2045,0,0,37,0,0,0,0,591,0,0,0,1,0,37,404,1065,0,2,236,0,1,26,51,3,1106,55,2,212,0,0,0,0
ERR560650,ob_goodrich,H,2,2,0,429,875,0,4,1,1330,0,8,1691,62,201,1396,0,10,27,14,154,143,5,1128,39,78,2,0,598,14,6,720,0,0,101,1,7,1636,20,606,5,0,6,5,16,0,0,458,6,1,0,1,7,3,387,85,98,0,0,33,14,13,571,1064,231,1284,2,296,0,14,0,1
ERR560651,ob_goodrich,OW,1,1,1,1,1756,3,1,87,221,0,0,4284,18,17,2023,0,20,447,0,700,1525,2,94,0,348,0,0,832,47,0,806,0,0,113,0,3,423,5,579,0,14,22,0,0,1,0,217,0,6,0,44,2,22,410,241,103,0,0,0,1,3,5492,2202,290,114,77,103,0,4,72,0
ERR560652,ob_goodrich,H,0,890,0,4,79,0,0,0,359,0,4,3215,54,218,2060,0,0,0,0,93,807,43,439,17,376,0,0,491,0,259,833,0,0,30,6,3,978,8,1,0,0,0,0,0,0,0,429,1,0,0,1,0,3,10,487,0,2,1,3,4,7,727,1,650,0,5,37,0,13,2,0
ERR560653,ob_goodrich,OW,5,0,0,32,232,0,4,48,34,0,3,2824,93,120,1977,0,7,11,51,138,279,3,954,0,1,0,1,90,194,229,197,0,1,309,67,12,1664,111,121,4,0,31,9,0,6,0,876,0,0,0,424,0,0,465,357,0,0,0,0,1266,10,139,769,1227,224,4,286,0,0,0,0
ERR560654,ob_goodrich,OW,19,2,1,433,11,10,0,3,27,0,0,65,38,733,1304,1,1,4,0,48,815,2,179,1,3988,12,0,472,0,1,462,0,0,196,0,1,468,2,866,0,190,2,0,0,0,0,113,3,0,0,0,0,0,7,41,0,0,0,0,3915,1,437,91,386,0,18,146,0,12,187,0
ERR560655,ob_goodrich,OB,5,2,2,114,1987,0,0,2,1628,0,3,10469,500,332,2848,0,0,11,0,106,266,12,257,15,256,0,0,273,0,0,573,3,1,59,80,6,3476,5,228,6,0,11,0,30,0,0,580,0,0,0,95,1,30,24,1639,0,8,0,0,0,4,1568,599,446,190,19,39,4,0,0,0
ERR560656,ob_goodrich,OW,37,6,0,18,1969,18,4,7,33,0,0,1619,1244,13,350,0,113,0,0,52,116,22,5164,5,173,1,1,211,448,0,165,0,0,140,67,0,947,23,339,0,0,3,4,2,3,0,390,0,0,0,234,29,6,308,223,279,0,0,1,2,4,489,52,265,539,0,60,0,4,1,0
ERR560657,ob_goodrich,OW,0,0,0,6,1237,0,0,5,615,0,0,1532,76,60,957,0,5,15,0,132,563,6,133,0,91,0,1,816,33,250,615,0,1,39,27,9,152,7,311,0,0,13,0,1,2,0,1262,1,0,36,30,1,8,38,336,0,0,0,15,180,1,200,218,216,69,0,24,0,26,0,0
ERR560658,ob_goodrich,OW,0,0,0,313,365,0,0,6,122,0,0,1656,70,6,477,0,13,1,0,864,133,5,586,1,43,0,0,4130,0,120,132,0,0,32,0,6,501,22,141,0,1,2,0,0,0,0,1395,1,0,1,0,12,23,136,177,0,0,0,0,4,2,1039,134,170,355,0,31,0,1,8,1
ERR560659,ob_goodrich,OB,0,0,0,37,3041,0,2,31,392,0,10,25179,3291,11,1429,0,15,3,22,34,29,5,2611,193,8,0,0,1358,0,1604,132,0,0,1,5,3,2145,5,228,0,1621,6,0,0,1,0,459,11,0,0,0,0,86,262,1372,0,0,0,3,7,5,7752,1125,168,252,10,21,6,0,40,0
ERR560660,ob_goodrich,OB,3,0,0,0,1025,0,3,8,90,0,0,8329,219,0,469,0,5,18,6,73,440,6,106,11,418,0,2,453,18,516,299,0,0,64,0,5,26,21,467,0,4,5,0,0,0,0,174,22,1,0,0,2,19,119,136,0,0,7,2,1,1,427,4380,250,84,0,61,0,29,34,2
ERR560661,ob_goodrich,H,29,0,0,232,1216,0,2,1,445,0,1,6746,13,290,431,0,35,7,0,415,58,3,595,45,190,0,32,114,81,212,630,0,0,67,25,43,832,31,418,0,0,10,2,0,2,0,149,1,0,0,250,4,6,199,439,0,1,0,1,0,25,2210,74,255,433,0,376,0,1,1,0
ERR560663,ob_goodrich,H,8,0,0,0,937,0,2,14,296,0,0,3126,172,5,1305,0,0,2,2,132,218,7,182,5,79,0,8,815,0,213,699,0,0,1,279,1,639,16,35,0,1,12,1,0,0,0,477,0,0,0,41,2,58,191,172,0,0,0,0,0,2,1308,1277,312,14,0,64,0,12,0,0
ERR560664,ob_goodrich,OB,0,2,0,1,433,0,0,0,264,0,0,1140,114,2,935,0,4,2,0,133,7,0,968,38,3,0,0,136,124,2,454,0,0,1,0,4,71,44,626,0,0,15,0,0,0,0,174,0,1,0,0,0,26,76,312,81,0,0,0,12067,2,733,6,575,3,0,20,0,0,1,8
ERR560665,ob_goodrich,OB,9,65,0,3,1465,0,2,0,118,0,7,11728,1724,31,444,0,68,7,0,28,69,18,139,4,96,0,3,140,0,2,223,0,5,1,229,1,407,31,219,0,0,5,1,0,0,0,99,1,0,0,3,0,43,125,1389,0,0,0,1,4,11,549,303,94,90,0,143,0,7,0,0
ERR560666,ob_goodrich,OW,54,0,9,660,504,0,1,31,1167,0,3,504,65,217,4313,0,10,7,6,81,925,37,201,58,297,0,4,1026,0,0,1024,0,0,1,15,37,1029,11,210,2,1,12,17,0,25,0,865,0,0,0,0,1,14,12,125,0,1,250,1,75,3,1649,112,822,125,10,180,1,33,20,11
ERR560667,ob_goodrich,OW,77,0,2,853,2168,0,0,4,2385,0,5,18700,524,1390,1052,0,0,0,0,126,1098,157,1134,31,4,0,0,19,0,423,7,10,0,87,11,963,311,680,0,0,12,0,6,0,3,0,2603,1,0,0,0,1,0,351,12,0,0,0,0,4,4,446,529,1250,2,121,355,0,0,1,0
ERR560668,ob_goodrich,OW,3,0,0,628,906,0,2,39,116,0,0,3875,286,54,708,0,13,4,1,1551,69,10,221,8,120,2,6,104,16,9,198,0,0,2,6,4,507,33,236,0,0,8,0,0,1,0,623,0,0,0,213,5,10,262,120,0,2,149,0,14,11,690,190,191,150,1,164,0,7,0,1
ERR560669,ob_goodrich,H,0,0,1,411,3488,0,0,12,625,0,0,1116,0,1,901,0,1,4,2,132,7,11,84,34,10,0,0,1214,0,0,107,0,0,13,36,1,76,2,545,0,1,14,0,49,2,0,65,2,0,0,100,3,41,195,1,0,0,23,0,0,6,99,23,196,24,0,116,0,0,0,0
ERR560670,ob_goodrich,H,0,0,0,4,627,0,2,28,688,0,1,2111,390,13,2637,0,18,23,1,2196,66,8,107,18,85,0,0,1207,19,0,593,0,0,1,18,0,339,11,60,0,3,16,0,0,2,0,1677,0,0,0,43,12,12,482,202,188,0,7,0,126,7,637,133,545,369,0,91,0,3,24,22
ERR560671,ob_goodrich,H,51,0,1,694,7390,5,0,9,61,0,2,10031,936,18,250,1,39,5,0,503,216,1,1408,13,108,0,0,831,0,343,248,0,0,130,36,3,2667,36,236,0,72,3,3,0,0,0,1039,0,1,0,189,26,151,337,1310,0,165,1,0,15071,14,620,1268,188,195,7,23,2,10,4,204
ERR560672,ob_goodrich,H,6,0,0,431,155,0,4,9,123,0,0,450,1,42,2945,0,6,11,0,178,1095,10,269,5,1846,0,0,489,61,479,857,0,0,251,0,6,1092,2,610,1,29,31,2,0,2,0,270,0,1,0,171,0,2,88,117,0,1,56,3,45,0,981,271,188,64,0,53,0,33,27,0
ERR560673,ob_goodrich,OW,1,0,0,199,452,0,0,9,321,0,8,555,335,16,2447,0,18,11,0,51,23,4,393,28,48,0,0,837,32,0,378,0,0,728,0,2,698,5,604,0,1,225,2,0,2,0,317,16,0,0,0,2,10,295,757,22,0,40,0,23,3,276,269,252,248,3,149,0,0,5,0
ERR560674,ob_goodrich,OB,1,0,0,819,797,0,0,0,531,0,5,6310,118,36,2075,0,14,14,0,40,222,11,927,7,5,0,0,93,0,297,32,0,0,3,0,3,566,32,0,1,218,12,2,0,0,0,685,0,0,0,0,0,49,102,2670,0,0,0,0,0,2,1719,562,124,113,1,50,0,6,5,0
ERR560675,ob_goodrich,OW,0,0,0,40,849,0,1,7,331,0,3,1277,148,16,2569,0,1,8,0,134,52,3,277,33,523,0,0,964,0,3,336,0,1,1,3,1,124,6,170,0,1,6,0,0,0,0,1104,0,0,0,0,0,17,155,109,345,0,119,0,248,1,837,281,246,869,0,93,0,0,6,1
ERR560677,ob_goodrich,OW,12,0,0,380,1816,0,0,0,330,0,4,2532,553,122,672,0,2,8,0,89,29,7,580,50,8,3,5,251,1,4,69,0,5,58,442,120,188,121,194,9,2,14,3,0,0,0,129,1,0,0,0,0,74,4388,305,0,1,242,4,5,8,317,1245,617,33,64,254,3,1,0,0
ERR560678,ob_goodrich,OW,1,0,1,5068,1677,1,1,3,102,0,13,1911,9,44,149,0,41,5,2,662,276,12,255,65,85,0,0,67,0,82,77,0,0,433,4,13,85,17,15,5,0,3,3,0,0,0,113,0,1,0,5656,236,0,22,256,1,1,72,0,0,21,19,36,168,71,3,335,0,43,0,1
ERR560679,ob_goodrich,OW,0,1,0,4,20,0,0,2,1460,0,3,122,1,38,6785,0,0,57,0,118,609,21,54,0,84,0,0,296,0,0,2294,0,0,10,0,6,42,2,1140,0,0,18,0,0,0,0,487,415,0,0,0,0,0,8,19,0,0,0,0,199,0,2883,344,1729,56,0,92,0,5,0,0
ERR560680,ob_goodrich,OW,16,24,3,688,2583,0,0,1,350,0,8,2401,239,240,1199,0,34,11,0,349,783,0,165,12,137,64,1,1953,5,3,549,0,1,138,103,3,1456,14,786,0,0,8,2,0,1,0,603,0,0,0,1,2,46,303,661,493,0,4,0,4042,0,1212,388,300,150,562,108,0,29,12,2
ERR560681,ob_goodrich,OB,0,1,4,32,31,0,0,0,558,0,0,2200,31,10,6083,0,0,9,0,1,5,8,365,111,3,0,0,309,0,2,1559,0,0,18,9076,2,154,0,15,1,21,48,7,0,0,0,1232,1,1,1,3,0,3,15,337,0,1,0,0,0,0,3060,5,2960,2,5,17,0,0,2,0
ERR560682,ob_goodrich,OW,12,1,1,3632,3040,0,5,69,83,0,28,2934,181,5,4873,0,18,35,0,1874,15,58,538,268,120,0,0,2732,0,915,366,0,0,40,6,4,1608,3,541,4,1,41,11,17,4,0,824,0,0,0,0,3,51,16,294,0,16,1,1,12590,9,3811,289,1126,1,11,150,0,0,8,0
ERR560683,ob_goodrich,OW,1,0,0,76,537,0,0,5,1,0,3,3006,466,0,801,0,21,0,0,197,20,22,1090,7,0,0,0,2,1,0,6,0,0,1,0,1,1447,43,2,0,16,0,0,0,0,0,459,0,0,0,0,0,3,30,10318,0,1,0,0,1,12,26,0,75,0,0,1,0,0,0,0
ERR560684,ob_goodrich,OW,0,0,0,149,306,0,2,57,390,0,0,1126,16,0,8223,0,2,34,0,509,918,70,435,36,999,0,0,640,68,29,1572,0,0,598,0,6,53,21,556,0,0,74,0,0,2,0,952,52,449,0,0,0,5,175,59,1,0,1,0,74,2,1125,319,2412,12,5,37,0,2,1,0
ERR560685,ob_goodrich,H,2,1,3,417,122,0,0,3,885,0,25,457,21,542,2350,0,1,8,0,117,1661,18,312,2,950,23,1,942,0,613,1162,0,2,41,23,15,2649,8,424,2,4,19,0,0,0,0,279,36,101,0,1,1,10,80,161,1,0,0,1,41,0,2804,315,522,21,145,101,0,116,6,0
ERR560686,ob_goodrich,OW,2,0,0,3,1788,0,1,275,880,0,0,2766,272,47,2423,0,0,10,0,314,25,4,219,61,61,0,8,38,0,439,693,0,1,12,0,18,237,46,1572,2,3,8,1,0,0,0,304,0,0,0,0,1,24,79,600,0,0,0,0,0,1,1879,9,801,98,16,106,0,0,9,0
ERR560687,ob_goodrich,OW,13,0,11,2422,22,0,0,2,1099,0,13,572,1,1509,2654,0,0,22,0,51,713,28,164,9,50,548,0,816,0,741,851,0,2,39,4,7,656,0,534,13,2,68,2,0,477,0,634,103,9,1,0,0,0,395,35,0,18,0,0,0,2,897,276,371,7,242,114,0,284,1,0
ERR560688,ob_goodrich,H,0,0,0,3,319,0,0,0,417,0,0,7675,0,0,1151,0,0,0,0,9,15,72,1009,23,0,0,0,26,0,42,23,0,0,27,0,8,8,38,741,0,0,14,0,0,0,0,239,0,0,0,0,0,0,73,0,1,0,0,0,2,6,795,2,153,0,0,3,0,0,6,0
ERR560689,ob_goodrich,H,14,0,3,4569,2572,0,0,23,272,0,4,6768,0,523,909,0,0,0,3,173,530,218,185,1,317,0,7,3,0,0,65,0,2,46,32,24,1078,263,456,1,5,0,7,0,0,0,379,1,0,0,103,0,0,233,0,0,0,0,5,15,59,176,2488,347,17,3,297,0,92,25,1
ERR560690,ob_goodrich,OB,1,34,3,1,1257,0,0,3,87,0,41,5208,386,652,2037,4,9,9,0,103,256,22,124,38,16,87,0,903,63,16,742,0,1,24,66,13,2792,14,475,0,175,5,8,19,0,0,460,96,0,0,250,90,7,31,1166,0,0,3,1,0,2,2397,1237,111,3,260,82,0,30,99,0
ERR560692,ob_goodrich,OW,2,0,40,4684,290,0,1,49,522,0,4,1251,59,0,8661,11,0,0,0,135,234,46,1016,86,1904,75,0,496,1,2,1280,0,90,2,67,1,5585,9,858,9,21,31,25,1,0,0,597,147,1,1,1,0,0,97,28,0,13,13,0,7,3,2014,526,222,24,649,40,0,2,1741,0
ERR560693,ob_goodrich,OW,4,8,2,2412,1934,0,4,3,133,0,38,4806,122,77,196,0,35,16,10,88,158,3,82,322,78,28,7,437,0,1,739,0,0,6,254,0,860,24,74,3,0,1,2,0,1,0,373,0,2,0,0,173,54,161,1279,105,14,0,21,42,19,31,1832,62,192,21,107,19,2,2,2
ERR560694,ob_goodrich,OW,2,0,0,128,3155,0,1,5,403,0,0,2503,196,5,1238,0,3,9,3,149,1460,46,95,6,148,0,0,326,0,0,377,0,1,17,14,35,261,2,958,2,0,21,0,0,4,0,206,0,1,0,0,15,37,312,0,0,0,36,3,1,5,2352,207,524,103,1,106,0,0,6,0
ERR560695,ob_goodrich,OB,0,0,0,270,182,0,1,39,182,0,0,843,20,2,3970,0,0,8,1,80,418,9,349,16,61,0,0,795,0,315,228,0,0,477,11,2,731,33,390,0,0,22,0,0,2,0,663,0,0,0,1,0,5,61,35,0,0,0,1,0,3,2903,2374,689,72,0,215,0,2,6,0
ERR560696,ob_goodrich,H,0,0,0,0,696,0,0,1,2,0,0,4270,0,0,1565,0,0,0,0,40,37,106,661,17,2,0,0,79,0,307,0,0,0,11,0,0,303,84,0,0,0,16,0,0,0,0,630,0,0,0,0,0,33,155,1356,0,0,0,6,6,0,675,1,935,0,0,29,1,0,11,0
ERR560698,ob_goodrich,OW,0,0,0,489,1889,0,2,3,66,0,0,3442,115,2,570,0,2,0,0,198,418,4,317,4,603,0,0,1039,124,2,190,0,0,240,88,5,50,5,271,0,0,9,0,0,0,0,422,0,0,0,36,2,21,82,285,61,0,17,0,2,3,371,418,782,74,1,78,0,7,1,0
ERR560699,ob_goodrich,OW,0,0,0,668,623,0,1,129,228,0,1,2787,0,33,2571,0,0,2,0,485,138,2,181,47,110,0,0,1097,0,683,467,0,0,47,1,1,99,1,525,0,1,14,0,0,0,0,667,0,1,0,0,0,8,40,18,0,1,0,0,0,1,1572,95,629,218,1,57,0,0,16,0
ERR560700,ob_goodrich,OB,2,0,19,75,264,0,6,2,922,0,1,1271,0,60,4446,0,0,44,0,317,561,20,119,3,8,0,0,482,1,118,1338,0,1363,1762,55,9,2086,9,463,5,4,19,15,0,0,0,294,228,2,0,1,1,0,10,1,1,32,0,3,4,0,594,217,479,0,9,194,0,6,8,0
ERR560701,ob_goodrich,H,14,190,1,85,1405,0,2,2,816,0,44,2892,169,68,1049,0,28,11,3,173,62,29,267,55,57,0,0,230,13,0,240,0,1,1,1,16,931,111,89,0,0,20,0,0,0,0,141,0,0,0,1167,2,13,96,662,251,2,17,0,4,12,435,200,36,27,4,111,0,0,0,0
ERR560702,ob_goodrich,OW,3,0,0,8408,1696,0,2,16,581,0,0,1438,191,9,2879,0,0,83,0,21,79,136,605,11,130,0,0,139,0,0,461,0,1,34,1,194,2118,135,0,2,0,25,3,0,6,0,326,0,0,0,0,0,7,1255,171,0,0,0,0,1,39,3409,359,83,0,2,88,0,0,1,0
ERR560703,ob_goodrich,OW,24,6,0,524,4801,0,4,4,296,0,40,3935,1312,41,44,0,13,7,0,306,46,1,162,6,40,0,0,74,135,0,79,0,0,68,409,16,641,21,14,2,1,0,3,0,0,0,63,0,0,0,526,199,21,117,1030,0,1,0,0,2,4,27,27,70,23,3,31,0,3,0,6
ERR560704,ob_goodrich,H,8,0,0,802,447,0,7,1,234,0,2,1810,208,559,1489,0,0,19,0,46,190,5,399,2,24,1,0,170,62,929,548,0,0,233,31,7,217,66,152,0,0,6,0,0,0,0,231,0,0,0,0,30,2,449,1136,2,0,0,0,278,2,690,545,448,283,2,178,0,74,1,0
ERR560705,ob_goodrich,OW,2,0,0,7,504,0,8,2,63,0,0,2141,121,13,386,0,8,1,0,180,1307,355,135,2,993,7,0,1152,55,81,256,0,0,30,8,16,948,42,20,0,9,7,2,0,0,0,3692,0,0,0,0,3,7,287,1253,519,1,310,0,0,3,152,208,306,66,0,68,0,35,13,0
ERR560706,ob_goodrich,H,0,0,0,11,270,2,2,12,181,0,3,1111,152,27,1993,0,26,6,6,170,131,3,472,65,670,1,0,1942,0,126,281,0,0,19,0,0,1322,3,104,0,49,11,0,12,0,0,193,0,0,0,0,0,5,37,265,0,0,2,0,0,1,1989,206,255,17,18,159,0,4,19,0
ERR560707,ob_goodrich,H,5,0,15,546,1724,0,2,5,256,0,8,1331,123,2294,1779,0,8,14,0,491,118,110,255,12,6,2,0,284,26,2,1253,0,0,25,36,310,370,9,2614,4,1,97,0,0,3,0,458,0,47,0,4344,3,3,20,112,48,0,13,2,4,35,382,441,369,35,105,134,0,55,4,1
ERR560708,ob_goodrich,H,1,0,0,495,923,0,0,23,207,0,0,3628,1010,13,672,0,35,2,1,28,147,2,396,11,13,0,0,93,76,98,69,0,0,0,102,0,414,2,197,0,6,4,0,0,5,0,1146,0,0,1,269,15,18,585,214,443,0,13,1,0,0,230,659,208,156,4,49,0,1,22,5
ERR560709,ob_goodrich,OW,11,58,1,369,914,0,2,4,496,0,7,4002,181,610,1619,0,1,89,0,145,465,23,160,46,174,0,0,412,4,126,771,0,0,64,277,8,1173,32,337,8,2,44,4,10,0,0,269,0,0,1,1,5,24,420,218,0,0,6,0,37,48,2329,278,484,19,45,73,0,12,0,0
ERR560710,ob_goodrich,OB,1,18,0,1,1671,0,0,34,255,0,0,2686,182,4,1803,0,14,662,0,76,82,22,295,2,91,0,3,693,0,75,563,0,0,5,0,10,176,13,608,0,0,4,1,0,1,0,584,0,0,0,4,0,11,76,365,0,0,3,0,0,2,2115,2031,394,200,0,23,0,0,0,0
ERR560711,ob_goodrich,H,21,6,0,7,3972,0,1,5,49,0,9,15593,2173,60,348,0,118,3,0,578,59,0,436,4,140,28,0,373,111,0,129,0,1,104,60,0,1208,14,503,0,7,5,3,0,3,0,565,0,0,0,118,62,163,913,346,0,53,1,0,639,22,560,781,1255,248,15,103,0,0,6,1
ERR560712,ob_goodrich,H,0,0,0,2311,117,0,0,2,1577,0,0,7000,100,13,5262,0,14,0,0,148,598,102,740,16,6,0,0,450,0,220,35,0,0,120,0,75,524,107,1,0,0,33,0,1,3,0,672,0,0,0,0,0,0,56,3,0,0,0,0,0,3,7656,1154,492,0,0,113,0,0,1,0
ERR560714,ob_goodrich,H,15,0,0,49,748,0,0,1,1000,0,0,5342,0,260,706,0,0,4,0,143,409,4,792,2,133,4,1,384,42,117,225,1,0,13,247,68,225,31,84,24,1,16,4,1,0,0,86,0,0,0,1,3,25,92,82,0,0,39,0,4,3,251,22,362,3,5,617,0,6,2,0
ERR560715,ob_goodrich,OW,0,62,25,21,177,0,0,93,317,0,12,2053,48,450,2495,1,0,19,0,78,604,3,191,2,2315,73,0,538,0,695,436,0,0,0,14,1,14160,4,833,1,342,18,1,0,0,0,1347,20,0,5,3,22,0,6,5,0,0,0,0,0,0,10450,142,638,1,254,101,0,12,1052,0
ERR560716,ob_goodrich,OB,0,0,0,0,2607,0,0,21,50,0,6,17969,87,809,170,0,67,1,0,702,48,3,64,20,35,46,70,38,9,622,48,0,1,200,5,11,295,183,0,4,1,4,5,0,0,0,121,205,0,0,1,1,54,118,2597,0,1,0,0,0,7,570,137,123,41,16,360,41,0,0,0
ERR560717,ob_goodrich,H,0,0,0,180,118,0,35,2,77,0,0,790,29,1,804,0,1,2,0,138,86,22,455,20,71,0,0,14,0,724,146,0,2,12,0,25,34,133,7,0,0,10,0,0,1,0,329,0,0,0,2,0,3,417,55,2,0,0,0,4,12,413,10550,331,8,0,215,0,1,15,0
ERR560718,ob_goodrich,OW,0,0,1,1,2673,0,0,0,9,0,0,30327,2,7,1052,0,32,1,0,73,153,31,971,0,0,0,0,4,0,942,642,0,0,20,24,0,117,41,1,1,1,0,0,0,0,0,179,0,0,0,0,0,59,51,5,0,1015,0,0,1,3,1704,2,50,0,4,53,0,0,218,0
ERR560719,ob_goodrich,OB,1,6,1,1,345,25,1,0,41,0,2,645,68,4,1291,0,1,153,2,83,326,0,327,0,306,0,0,1377,30,0,879,0,0,45,5,2,149,5,212,0,1,4,0,11,1,0,195,0,0,0,56,2,1,60,278,0,0,1,42,2412,0,819,335,293,35,9,53,0,2,28,0
ERR560720,ob_goodrich,H,1,4,0,804,27,2,1,0,12,0,0,3443,0,6,21,0,8,172,0,143,173,0,122,13,287,0,32,32,28,4,4,2,0,17,38,0,19,7,3,0,0,1,0,0,1,0,16,0,0,0,220,27,1,82,92,0,2,0,0,6,3,9,8,86,11,0,29,0,27,0,1
ERR560721,ob_goodrich,H,2,0,7,3,1066,0,1,13,2749,0,10,338,48,1241,2141,0,14,21,1,1037,703,10,254,4,1344,759,0,148,0,0,361,0,1,17,99,13,1432,15,503,6,1,7,0,0,0,0,275,3,2,0,9829,140,6,61,139,0,0,7,0,1,32,640,250,312,32,11,72,1,24,5,0
ERR560722,ob_goodrich,OB,21,0,0,115,46,0,0,14,127,0,3,1074,62,0,2512,0,4,578,0,564,37,7,334,55,40,0,5,118,0,0,313,0,0,4,191,7,546,16,140,1,0,6,2,0,1,0,340,0,0,0,0,0,3,16,63,0,0,92,0,1,2,1610,108,593,0,1,32,0,6,0,0
ERR560723,ob_goodrich,OW,0,20,0,14,1391,0,0,11,281,0,0,2381,171,527,2589,0,0,7,0,64,420,5,202,28,515,0,0,657,0,451,348,0,0,0,0,4,1591,8,533,1,6,6,0,0,0,0,57,1,7,0,0,1,8,23,138,0,0,0,0,0,0,874,892,205,1,2,11,0,14,25,0
ERR560724,ob_goodrich,OB,1,1,1,6602,19,0,0,1,2060,0,0,286,44,52,8473,0,0,0,0,33,25,896,328,62,3,0,5,90,0,0,3,0,0,5,0,5,165,15,0,8,0,0,1,0,0,0,219,0,0,0,0,0,0,9,7,0,0,0,1,16,0,942,43,693,0,0,73,0,0,0,0
ERR560725,ob_goodrich,H,26,6,0,450,473,0,5,1,239,0,7,2475,197,32,809,0,24,6,0,2468,168,6,317,12,179,2,0,235,237,0,536,0,17,8,2,39,1332,27,525,0,2,9,1,0,0,0,638,0,12,0,217,19,12,163,1330,302,0,0,0,0,10,707,252,105,120,1,104,1,16,1,8
ERR560726,ob_goodrich,OW,0,6,0,926,417,0,0,36,223,0,1,1306,30,3,1903,0,1,4,1,497,181,2,396,7,48,0,0,1620,4,189,515,0,0,15,1,9,158,17,211,0,1,9,0,0,1,0,733,0,0,0,75,0,7,314,19,0,0,0,0,0,5,1608,856,822,128,0,370,1,77,12,0
ERR560727,ob_goodrich,H,2,0,0,1368,754,0,12,0,313,0,1,2393,242,265,748,0,0,8,4,82,161,12,106,55,41,6,0,176,425,1689,208,0,0,4,16,18,883,228,425,0,0,2,0,0,5,0,449,0,0,0,0,0,1,1132,126,0,0,0,0,1,39,1005,355,294,704,1,101,0,10,0,0
ERR560728,ob_goodrich,OW,2,1,0,1413,1496,0,0,23,165,0,10,1883,191,186,707,3,6,0,54,118,122,4,518,1,37,0,0,225,0,230,189,0,0,81,11,3,984,8,55,0,2,5,4,0,2,0,275,0,1,0,0,3,16,306,61,0,2,0,0,0,4,3942,380,53,70,2,20,6,16,9,0
ERR560729,ob_goodrich,OB,1,0,0,0,1334,0,0,1,46,0,0,5180,437,5,228,0,7,0,1,194,184,0,585,15,157,0,1,690,60,53,105,0,0,1,2,0,88,7,322,0,0,2,0,0,0,0,483,0,0,0,0,1,34,165,0,0,0,0,6,3,4,5745,1575,111,140,2,135,1,3,202,64
ERR560730,ob_goodrich,OB,18,349,2,983,10485,34,0,0,73,0,0,20585,4098,606,1246,0,492,182,5,45,214,395,209,75,40,23,0,444,0,1,517,0,1,336,5,2,1727,3,430,0,582,2,7,8,5,0,200,3,0,643,117,16,125,286,3123,3,1,2,8,286,0,743,399,696,169,273,156,2,23,158,0
ERR560731,ob_goodrich,H,1,0,9,2,67,14,1,0,63,0,11,87,17,295,1447,0,0,134,0,239,192,0,48,8,664,1,0,299,4,7748,908,0,0,106,5,0,956,6,282,2,161,13,0,51,1,0,85,0,0,0,0,0,0,24,30,1,0,0,2,74,1,349,298,502,19,80,292,2,2,268,0
ERR560732,ob_goodrich,H,13,0,12,1,3428,0,3,0,185,0,7,10636,879,1,3728,0,17,37,0,48,2,6,728,6,40,47,1,325,0,0,587,1,0,223,2,3,1657,137,152,0,0,12,11,0,0,0,125,62,0,0,1440,262,39,97,882,9,100,74,6,163,8,225,240,1013,2,592,110,0,0,0,0
ERR560734,ob_goodrich,OW,0,0,4,319,50,0,0,1,1244,0,37,219,4,1284,4947,0,1,319,0,270,90,154,227,258,50,254,0,785,2,2185,725,0,0,37,114,104,842,13,966,9,2,21,7,0,3,0,253,52,0,0,55,2,2,36,24,16,1,0,0,23,1,504,154,319,12,141,28,0,2,2,0
ERR560735,ob_goodrich,OB,1,407,0,2,509,14,0,0,361,0,3,6245,198,44,921,0,0,63,0,8,35,1,798,69,18,1,0,145,0,1,447,0,0,165,0,0,1337,5,164,0,1,7,0,9,0,0,118,0,0,0,0,0,51,21,4014,177,0,0,1,36601,3,2045,2,772,0,3,15,108,1,0,0
ERR560737,ob_goodrich,OW,6,0,0,105,1234,9,2,8,73,0,0,3650,73,1,578,0,22,0,2,269,29,4,1065,29,14,0,0,989,317,0,147,0,0,27,0,0,98,3,170,1,0,3,0,0,0,0,195,1,0,0,5,1,57,186,706,0,1,0,0,0,1,850,439,208,222,0,24,0,1,15,39
ERR560740,ob_goodrich,H,1,0,1,0,3322,0,2,0,211,0,8,15814,520,64,712,0,99,0,0,64,183,4,795,16,38,1,1,86,207,0,144,0,1,262,126,4,905,49,155,3,0,12,2,6,1,0,195,22,0,0,0,0,157,171,761,507,1,23,1,0,12,371,12,269,25,340,33,62,5,13,0
ERR560741,ob_goodrich,H,34,0,1,1446,5108,0,6,6,366,0,1,13749,2348,16,616,0,155,3,0,434,74,69,778,18,296,0,0,98,0,1,103,0,0,3,431,148,756,82,25,4,0,5,27,0,3,0,997,4,29,0,0,2,30,352,1159,0,1,469,0,1,140,512,254,271,37,153,412,0,0,4,0
ERR560742,ob_goodrich,OB,2,0,7,0,714,0,0,2,4009,0,4,3537,0,23,4575,0,0,45,0,22,145,99,107,2,88,0,0,502,0,676,482,0,0,53,2,41,237,66,969,45,0,45,0,0,8,0,312,0,0,0,0,1,7,61,1390,0,9,0,1,9,4,2010,160,114,10,9,107,0,0,3,0
ERR560743,ob_goodrich,H,0,0,0,165,709,0,3,38,212,0,4,4114,847,0,1654,0,10,6,3,309,0,28,436,61,0,0,0,982,0,2,145,0,0,0,0,2,1641,8,15,0,0,14,1,0,0,0,207,0,0,0,0,0,13,193,910,0,0,112,0,0,2,571,654,96,75,0,2,0,1,0,0
ERR560744,ob_goodrich,OW,4,0,0,93,4084,0,3,32,171,0,0,3378,573,13,623,1,119,12,1,783,486,6,861,5,621,7,15,2273,1,3,238,0,0,31,82,1,1914,9,178,0,64,5,3,5,0,0,579,0,0,0,42,1,98,353,441,0,3,0,0,1,11,2755,274,323,81,3,75,1,34,6,9
ERR560745,ob_goodrich,H,9,0,4,0,3019,0,2,1,1458,0,7,13515,1550,199,1523,0,36,38,0,507,158,51,418,3,50,21,0,1028,0,1,264,0,0,610,161,2,1416,34,2736,0,7,20,12,0,0,0,799,2,0,0,0,0,47,110,927,0,3,132,0,1,13,1304,1013,607,454,38,320,18,1,23,1
ERR560746,ob_goodrich,OW,21,0,0,0,927,0,0,1,104,0,0,2508,1,221,614,0,21,3,0,29,2103,1,82,11,1929,2,0,138,0,48,174,0,0,0,0,0,1127,1,745,0,279,3,1,0,0,0,372,0,0,2,0,2,20,6,92,1,0,0,0,0,0,871,709,231,94,12,58,0,0,561,0
ERR560747,ob_goodrich,H,1,0,5,4311,4223,0,0,0,1,0,12,4995,0,43,1146,0,0,0,0,222,497,20,1088,0,14,0,0,176,0,1057,168,0,0,1,1730,39,670,23,176,3,5,0,2,0,32,0,551,1,0,0,3642,0,0,78,2,0,43,0,0,1,4,646,62,18,175,10,74,0,14,21,0
ERR560748,ob_goodrich,OW,10,0,4,9243,1845,0,1,74,845,0,67,4401,72,207,1909,0,9,134,41,261,219,30,375,93,305,21,0,235,42,0,490,0,0,10,713,9,2103,38,304,1,0,15,3,17,13,0,749,0,0,0,445,0,6,195,761,0,28,379,4,6,68,2145,482,621,336,13,191,0,7,4,0
ERR560749,ob_goodrich,OB,132,206,0,726,1107,0,2,23,62,0,12,3824,410,197,2614,0,38,2,12,392,534,8,300,12,437,7,0,595,0,0,672,0,191,182,58,8,792,14,464,0,0,15,2,0,2,0,400,32,0,0,333,0,20,166,838,0,2,523,2,3,10,1757,598,358,92,70,133,0,147,0,1
ERR560751,ob_goodrich,OB,3,0,0,2166,269,0,0,24,117,0,6,753,88,457,99,0,31,170,0,191,72,0,59,2,53,0,0,119,0,0,50,0,1225,26,2999,9,22,10,7,0,1,5,0,0,0,0,165,0,0,0,113,4,14,554,83,0,0,44,0,1,1,65,82,36,4,0,164,0,5,0,13
ERR560752,ob_goodrich,OW,1,0,0,1,113,0,0,0,890,0,0,631,9,17,4918,0,0,28,0,332,337,293,325,17,742,0,17,547,9,114,1080,0,0,90,1,48,25,9,365,1,0,106,0,168,16,0,280,4,3,2,1,3,21,841,17,0,0,0,0,0,0,1765,141,1621,0,1,341,0,0,10,0
ERR560753,ob_goodrich,OW,0,0,0,107,1728,0,2,73,558,0,0,3403,55,3,2369,0,0,6,0,256,92,11,1324,23,42,0,0,556,0,164,270,0,0,3,0,6,710,9,712,0,0,15,0,0,3,0,1226,10,2,0,0,0,75,141,549,0,0,0,0,1,2,947,523,900,115,5,82,0,1,2,0
ERR560754,ob_goodrich,H,13,36,1,1565,682,2,1,22,43,0,7,6490,1959,209,123,0,197,9,0,99,387,6,3293,0,541,43,4,57,0,27,15,1,2,51,1655,12,53,81,129,2,0,0,0,0,0,0,46,0,3,0,1032,3,154,351,1382,0,0,0,3,9,4,93,11,335,25,1,2335,0,101,1,0
ERR560755,ob_goodrich,H,0,0,1,13527,14,0,0,2,17240,0,0,811,2,93,9172,0,0,0,0,21,23,750,831,1379,0,33,0,2,0,1,247,0,0,76,874,0,229,77,0,0,0,0,29,0,0,0,116,4,0,0,2,0,0,47,30,166,2,82,0,1,0,223,573,188,0,292,134,9,0,0,0
ERR560756,ob_goodrich,OB,19,0,1,522,10109,10,0,10,794,0,16,12463,1484,361,3623,0,75,16,0,685,27,26,543,221,51,0,1,1052,107,892,288,0,0,2,0,33,3882,59,669,2,1,35,5,0,2,0,1356,43,0,0,0,0,36,195,4602,0,161,0,0,5,17,3132,992,85,185,87,114,0,0,64,0
ERR560757,ob_goodrich,H,37,0,2,146,347,0,0,0,274,0,0,3207,0,260,8837,0,0,27,0,8,93,28,559,12,8,0,5,376,2,1,1765,0,0,735,1337,1,80,7,26,0,0,0,0,0,0,0,1697,0,0,0,1,0,0,10,2,0,0,0,0,2,0,39,1,453,4,14,21,0,0,159,1
ERR560758,ob_goodrich,OB,31,0,1,11,2134,0,1,16,59,0,0,7068,968,60,919,0,20,7,9,333,14,5,1228,7,62,30,0,964,15,105,593,0,11662,14,83,1,7895,11,253,16,0,11,4,22,0,0,337,0,0,0,1,0,108,315,359,0,128,248,0,0,6,350,975,408,158,2,102,0,2,3,0
ERR560759,ob_goodrich,H,2,0,0,12,74,9,0,2,11,0,0,1708,346,8,731,0,13,2,0,98,534,3,400,18,2457,3,0,1016,0,0,101,0,3,349,0,0,1538,2,181,0,22,71,0,0,0,0,740,0,0,0,23,12,5,96,78,0,1,23,0,1,1,2223,619,157,59,0,40,0,48,7,0
ERR560760,ob_goodrich,H,5,0,1,242,363,0,2,11,113,0,0,2906,53,8,1544,0,0,6,1,184,1558,42,811,6,1839,0,0,1287,126,120,547,0,0,128,5,1,553,6,444,0,16,78,0,0,1,0,591,0,0,0,355,2,6,236,487,92,0,30,0,1497,3,2299,1186,420,67,1,81,0,51,86,0
ERR560761,ob_goodrich,H,0,598,3,2,240,77,4,2,675,0,0,3685,23,878,2506,0,2,5579,0,139,8,2,201,66,64,147,0,155,0,1,1068,0,0,4,48,3,1850,64,1187,0,0,35,11,0,0,0,159,7,1,4502,1,0,4,149,206,1,4,37,0,1387,29,4115,0,203,0,128,88,0,0,152,0
ERR560762,ob_goodrich,OW,3,23,0,1,1033,0,2,0,153,0,0,1969,93,19,658,0,1,0,0,139,866,0,352,7,336,0,3,477,0,197,652,0,0,17,39,2,245,4,61,0,2,7,1,0,0,0,233,0,0,0,30,0,57,226,484,86,0,73,0,1005,5,725,214,174,101,0,113,1,13,15,16
ERR560763,ob_goodrich,H,3,102,11,9100,530,0,0,0,1187,0,8,4303,130,2811,9434,0,29,1,0,699,299,331,111,142,3,0,2,1,16,7,1656,3,0,67,1,7,480,113,1,14,0,30,15,0,1,0,449,0,2,0,0,1,15,373,639,0,7,3,4,0,58,82,13,8,7,183,365,0,2,1,0
ERR560764,ob_goodrich,H,5,0,2,7245,801,0,0,0,471,0,6,759,0,0,2447,0,0,8,0,57,212,142,237,12,43,0,0,38,0,4235,535,0,0,31,1,721,174,64,0,3,0,19,5,0,0,0,618,0,0,0,0,16,25,79,0,0,0,0,0,2,46,1257,2182,188,11,4,73,5,0,1,0
ERR560765,ob_goodrich,OW,11,0,1,322,582,0,1,8,1540,0,16,2688,430,2,3448,0,0,17,0,214,731,72,54,8,346,2,0,523,0,0,554,0,0,7,2,3,771,10,1011,8,0,34,6,0,2,0,309,0,0,0,0,0,57,100,0,0,1,17,0,0,10,2019,86,690,20,172,38,0,41,0,0
ERR560766,ob_goodrich,OB,13,2,0,491,1008,0,7,25,504,0,0,839,119,11,1341,0,7,7,5,283,90,16,309,71,87,0,0,1102,5,246,861,18,0,6,0,8,737,6,1147,8,1,34,0,0,18,0,268,0,1,0,0,2,5,1652,133,0,7,5,1,2,1,1779,516,879,31,37,272,0,0,2,0
ERR560767,ob_goodrich,OW,12,43,0,45,4802,2,7,13,28,0,8,3509,814,10,407,0,25,3,0,899,710,0,2296,17,475,0,0,442,16,1,156,0,0,238,361,0,2602,28,31,30,20,5,2,0,1,0,653,0,0,0,31,9,182,236,1062,0,35,0,1,0,15,614,337,73,219,8,7,0,13,3,212
ERR560768,ob_goodrich,OW,12,0,0,0,910,3,4,14,122,0,0,2239,1769,6,420,0,70,7,1,42,377,8,629,3,583,1,0,710,243,123,147,0,0,26,8,0,1083,9,1232,0,19,4,0,0,1,0,878,0,0,0,0,0,97,129,0,0,2,0,0,0,1,1265,1349,217,86,1,25,0,2,19,0
ERR560769,ob_goodrich,H,7,506,3,656,976,0,2,4,735,0,12,5687,42,247,2214,0,4,25,2,80,21,60,239,26,1,0,1,83,0,0,532,0,0,36,0,50,644,52,0,18,0,27,15,0,0,0,128,13,0,0,0,0,2,118,353,0,0,271,2,1,16,100,180,159,13,100,188,0,0,0,0
ERR560770,ob_goodrich,H,0,0,0,230,434,0,27,1,300,0,0,1027,137,172,1063,0,8,14,0,58,271,17,21,3,504,0,0,139,1,1,161,0,0,336,82,16,302,7,224,0,0,13,0,0,0,0,563,0,9,0,1659,0,11,11,44,0,0,0,0,217,0,565,51,35,1,1,409,0,45,0,0
ERR560771,ob_goodrich,H,17,0,6,435,393,0,3,4,578,0,12,2324,77,201,1189,0,0,60,13,357,193,95,268,161,70,0,0,504,423,7,1285,0,0,62,968,52,412,213,1,14,1,41,8,0,0,0,723,2,5,0,3,2,11,273,942,0,15,135,23,38,17,653,356,1266,71,71,765,0,0,0,0
ERR560772,ob_goodrich,H,3,0,0,1195,1066,0,2,0,131,0,26,16755,1045,189,645,0,3,16,75,110,83,3,245,15,210,59,0,381,0,1606,290,0,0,125,770,8,1645,74,382,4,3,4,2,0,1,0,236,0,0,0,0,2,16,409,534,0,0,0,17,152,10,326,117,1931,259,5,44,3,11,22,1
ERR560774,ob_goodrich,OB,1,0,0,43,1269,0,6,4,189,0,1,5979,194,41,2814,0,5,3,14,213,1938,4,142,0,379,0,0,1492,0,733,656,0,0,21,0,2,951,12,290,0,6,1,2,0,0,0,669,0,0,0,0,0,17,120,189,1,0,9,0,4,11,2321,611,265,445,0,31,0,69,55,0
ERR560775,ob_goodrich,H,1,0,0,13,705,0,1,3,233,0,2,3563,154,148,1674,0,5,12,0,31,17,3,313,108,1,2,0,120,81,117,338,0,0,7,0,35,622,7,255,0,0,10,0,0,0,0,297,0,0,0,0,3,8,19,1335,0,0,0,0,0,3,611,190,96,0,3,17,0,0,0,0
ERR560777,ob_goodrich,OW,0,0,2,16,467,0,0,0,1470,0,7,4216,0,0,3504,0,0,0,0,20,130,302,1051,62,0,0,0,59,0,389,54,0,0,63,0,9,343,101,626,0,0,26,0,0,0,0,623,0,0,0,0,0,0,47,1,0,0,0,0,0,2,1303,1,183,0,0,8,0,0,38,0
ERR560778,ob_goodrich,OW,0,4541,6,0,4483,0,0,0,510,0,0,16833,160,316,1729,0,0,0,0,83,83,115,660,301,55,0,0,4,0,116,307,0,0,33,57,0,944,67,0,0,87,0,0,0,0,0,508,0,4,2,0,0,0,61,2,0,0,0,0,4,4,789,44,164,0,259,7,0,0,198,0
ERR560779,ob_goodrich,OB,11,1,1,238,53,0,0,0,264,0,3,67,16,8,3284,0,1,70,0,821,83,9,46,49,8,2,4,136,3,144,1429,0,0,1601,0,8,212,14,801,8,0,20,0,0,4,0,163,0,7,0,1,0,2,20,12,0,0,0,0,62,0,463,226,987,0,2,77,0,1,1,0
ERR560780,ob_goodrich,OB,0,0,3,7,166,0,0,17,1254,0,0,3949,605,1551,6987,0,1,34,0,40,84,16,157,196,150,65,0,877,0,577,1876,0,0,4,1,0,2019,11,2808,7,0,57,2,0,0,0,478,0,0,0,1,0,30,42,203,0,0,0,0,0,1,2207,0,599,1,6,35,0,0,1,0
ERR560781,ob_goodrich,H,72,98,1,793,2433,0,8,5,523,0,19,16451,400,191,1279,0,67,14,8,558,150,12,1105,113,66,0,57,864,21,14,220,0,0,17,2074,40,5563,105,1229,0,9,4,10,0,32,0,1486,0,2,0,328,23,123,220,3115,1547,90,0,3,125,39,1035,3170,1202,307,43,54,4,9,3,24
ERR560782,ob_goodrich,OW,11,0,1,1034,2216,0,6,23,309,0,7,13906,249,299,641,3,9,9,0,253,33,6,274,76,38,5,0,2224,0,41,188,0,0,32,7,1,4829,9,102,2,8,8,0,29,0,0,735,1,4,0,112,2,118,132,1725,0,52,152,0,0,7,2080,960,87,151,6,34,0,1,6,7
ERR560783,ob_goodrich,H,0,18,0,32,219,0,2,0,601,0,0,4716,87,102,10688,0,1,74,0,35,230,34,226,65,26,0,0,28,0,0,1316,0,0,1572,13,8,92,15,358,1,0,86,0,25,0,0,301,2,1,1,0,0,10,76,235,0,0,55,0,43,0,277,27,293,44,1,105,0,2,3,1
ERR560784,ob_goodrich,H,1,2,0,116,1533,0,3,1,121,0,0,5770,146,5,484,0,12,3,1,56,180,5,353,5,61,0,0,733,1,0,153,0,0,29,0,7,1110,4,217,1,0,4,0,0,0,0,69,0,0,0,16,1,40,85,610,0,0,16,0,2,11,634,946,112,42,0,15,0,7,0,1
ERR560785,ob_goodrich,H,0,0,5,123,857,0,3,6,1860,0,18,1478,345,1001,6315,11,3,39,3,120,655,148,51,12,1214,28,0,307,39,41,1600,0,0,2348,66,29,2793,4,2920,20,12,13,1,0,6,0,302,0,0,0,1,2,31,41,114,0,0,0,3,5,3,1887,592,960,60,31,323,0,7,1,0
ERR560786,ob_goodrich,OW,0,0,1,2688,1030,0,2,0,118,0,10,1744,112,41,495,0,1,5,26,33,256,12,147,171,98,0,0,335,1,2107,184,0,0,4,0,8,1176,29,14,3,0,8,2,11,0,0,227,0,0,0,196,0,7,235,224,0,3,0,0,2,1,2104,288,167,269,0,39,0,0,1,0
ERR560787,ob_goodrich,OW,3,1,0,38,464,0,4,5,660,0,0,330,80,23,636,0,1,5,0,376,478,2,187,3,190,0,0,2145,57,0,279,0,0,15,8,6,107,7,879,1,0,30,2,0,2,0,675,0,1,0,3296,6,0,215,122,24,0,0,0,0,10,546,59,452,357,0,90,0,21,0,0
ERR560789,ob_goodrich,OW,0,0,0,0,3081,0,0,1,122,0,1,10058,714,4,1006,0,9,9,0,558,109,37,602,9,24,0,0,116,374,2,165,0,0,13,0,2,1057,49,309,1,0,11,2,6,0,0,116,0,0,0,0,3,38,214,1751,0,0,48,2,3,50,1766,361,142,49,1,113,0,0,0,0
ERR560790,ob_goodrich,H,11,0,0,1183,1916,0,0,7,172,0,0,6246,151,37,1380,0,6,2,0,217,1704,0,251,0,1374,0,0,436,0,4125,487,0,0,53,0,4,567,9,83,3,66,22,1,0,3,0,378,1,1,0,0,0,10,644,248,0,0,0,1,1,8,1295,40,173,475,1,137,0,58,99,0
ERR560791,ob_goodrich,OB,5,4,5,1380,883,0,2,14,679,0,0,1126,55,1777,1273,0,4,9,53,214,2137,3,120,8,1348,1,2,547,0,300,538,0,0,67,41,51,2268,10,334,27,62,10,2,0,3,0,145,80,0,0,0,1,9,40,580,1,8,0,9,4,31,783,207,343,61,113,475,0,222,17,1
ERR560792,ob_goodrich,H,3,0,0,965,407,0,1,3,227,0,0,4207,25,0,2092,0,13,28,0,124,97,14,527,53,141,0,0,706,0,134,139,0,76,4,7,2,1011,11,196,0,5,11,3,0,0,1,1695,0,0,0,0,0,6,107,533,553,0,0,0,0,8,1226,470,659,25,3,53,0,11,9,1
ERR560794,ob_goodrich,H,3,0,0,110,4753,0,3,0,540,0,19,6784,3266,173,3786,0,37,13,9,353,8,12,382,60,0,0,0,349,208,0,259,0,0,6,0,0,1311,7,77,1,2,19,4,0,0,0,777,0,0,0,53,0,28,56,3832,0,3,267,0,498,2,1448,85,360,202,0,94,0,0,0,0
ERR560795,ob_goodrich,H,8,0,10,1,822,0,0,67,210,0,4,6635,374,1210,1790,0,21,0,0,598,2129,79,1317,2,1206,327,9,525,0,1204,685,0,0,44,5,6,2109,19,257,15,0,29,0,0,3,0,544,3,38,0,0,5,21,60,236,0,0,0,0,0,6,827,1025,325,29,17,158,0,170,2,0
ERR560796,ob_goodrich,OB,54,0,1,1370,1210,0,0,5,409,0,28,977,132,482,549,0,0,7,0,145,174,1,30,82,76,15,0,1297,0,184,126,0,951,84,0,1,1072,33,1256,0,0,0,5,0,0,0,131,0,0,0,0,0,37,1164,411,0,1,26,0,0,13,459,994,158,221,0,82,0,3,0,56
ERR560797,ob_goodrich,OW,49,2,0,502,18,0,1,2,0,0,0,110,3,7,25,0,4,4,1,365,1,0,52,0,11,2,0,30,10,94,5,0,0,8,13,1,266,31,65,0,0,1,0,0,0,0,37,0,0,0,11,33,0,389,1,46,0,1,0,12,33,15,3513,229,507,0,36,0,0,1,0
ERR560798,ob_goodrich,OB,0,1,9,29,43,0,0,0,452,0,0,759,89,689,13205,0,17,42,0,2,191,16,46,163,389,0,0,298,1,2,784,0,0,4,146,1,704,0,616,1,50,119,1,0,0,0,191,0,0,0,1,0,15,7,1,0,0,1,0,0,0,2041,813,313,1,27,11,0,551,3,0
ERR560799,ob_goodrich,H,10,0,0,567,2785,0,3,17,2202,0,1,1154,256,74,518,0,6,35,1,423,506,36,153,2,349,0,5,400,32,56,668,0,1,228,95,87,92,20,251,13,0,29,1,0,7,0,137,7,0,0,848,2,30,257,433,141,0,19,0,1,3,613,31,271,182,2,313,0,113,0,0
ERR560800,ob_goodrich,H,2,7,0,0,1019,0,0,27,634,0,1,1982,249,32,489,0,29,3,0,130,13,0,78,18,317,3,0,226,56,0,92,0,0,435,0,0,380,4,35,0,1,26,0,0,1,0,355,0,0,0,118,4,16,1095,927,127,0,0,0,459,19,40,222,78,253,0,47,0,0,0,7
ERR560801,ob_goodrich,H,1,0,0,164,2079,0,6,62,172,0,0,2589,260,5,609,1,15,3,0,3835,735,2,415,12,139,0,0,1885,0,224,356,0,0,44,15,2,881,5,867,1,10,9,0,0,9,0,1671,0,0,0,31,24,5,808,98,0,0,0,0,1,7,1063,213,327,173,1,96,0,11,24,0
ERR560802,ob_goodrich,OB,0,0,0,59,98,0,2,4,2,0,0,287,10,7,9242,0,2,0,0,307,0,328,656,56,2,0,12,633,1,1,243,0,0,260,1,44,3,12,1453,0,0,99,0,0,0,0,849,2,0,1,72,0,1,28,54,6,0,5,0,1,4,1586,300,141,0,0,53,0,0,3,0
ERR560803,ob_goodrich,H,0,0,0,0,130,0,0,0,187,0,0,2679,0,0,1361,0,0,0,0,77,85,4,220,0,98,0,0,93,0,59,183,0,0,19,0,14,2,11,86,0,0,7,0,0,0,0,145,0,0,0,0,0,9,16,0,0,0,0,0,4,2,2321,6,194,43,0,23,0,65,0,0
ERR560804,ob_goodrich,OW,0,0,0,1,169,0,0,0,734,0,0,2175,0,23,1608,0,3,23,0,19,83,3,133,16,7,0,0,250,0,353,278,1,0,13,3,5,1769,34,729,1,5,6,0,0,0,0,116,0,0,0,1,0,9,68,130,0,0,0,1,1,1,1020,299,153,39,0,30,0,2,5,0
ERR560806,ob_goodrich,H,29,0,0,12748,52,0,3,8,56,0,33,234,16,54,276,1,3,0,7,300,244,0,222,47,474,0,0,191,0,0,91,0,1,254,8,42,686,75,34,0,0,9,0,0,13,0,157,0,0,0,1916,30,0,498,14,12,0,213,0,2,12,102,42,46,43,0,48,0,58,1,0
ERR560807,ob_goodrich,OB,4,0,9,472,291,0,1,3,136,1,0,9977,299,2113,943,27,24,13,0,396,1610,2,329,9,1166,78,0,611,117,83,951,0,0,814,3491,31,557,13,59,10,1,21,3,0,1,0,115,184,0,0,2761,11,20,170,404,0,10,93,7,6,23,161,158,313,42,152,550,0,115,2,0
ERR560808,ob_goodrich,OW,4,2,0,148,1473,0,3,60,885,0,0,7841,87,16,1362,0,8,40,46,102,68,44,1022,7,31,0,1,435,1,0,237,0,1,319,3,6,520,59,693,0,0,22,2,41,5,0,529,0,0,0,2,3,23,421,22,0,0,0,0,3,9,1322,1631,773,62,4,38,0,14,0,0
ERR560809,ob_goodrich,OW,7,0,0,498,2257,0,3,12,148,0,15,13755,767,103,875,0,294,4,0,468,324,0,602,5,92,0,0,910,65,144,293,0,0,477,68,0,1492,4,129,0,111,9,1,0,5,0,208,0,0,0,22,4,108,216,5680,1471,45,0,0,11926,3,2583,872,204,215,89,28,0,3,40,1
ERR560810,ob_goodrich,OB,3,0,9,1,689,0,0,4,145,0,12,1752,187,748,3309,1,0,89,0,55,1175,88,114,5,278,126,0,165,0,34,1357,1,1,15,3815,2,2235,5,638,6,0,9,10,0,0,0,779,1,0,0,0,5,13,18,15,0,6,7,0,1,7,1031,1045,346,14,10,58,0,20,4,0
ERR560811,ob_goodrich,H,0,0,0,43,546,0,14,1,634,0,0,1116,38,106,2094,0,0,0,0,1603,62,111,333,41,28,1,0,47,0,0,457,0,0,1,1,199,8,135,1038,3,0,0,2,0,0,0,282,0,0,0,352,0,8,221,12,0,0,11,1,0,13,97,34,3930,175,0,480,0,2,0,0
ERR560812,ob_goodrich,OB,66,0,0,15681,639,0,0,4,170,0,11,1840,151,959,337,0,0,5,5,1150,107,6,610,2,107,6,0,200,0,29,43,0,0,62,497,0,197,27,53,0,0,7,0,24,1,0,399,0,0,0,1973,5,17,689,73,0,12,112,2,397,8,824,27,246,74,3,175,0,0,0,2
ERR560813,ob_goodrich,OB,10,63,0,0,400,0,2,12,226,0,0,7549,355,34,935,0,44,1,0,35,126,3,653,47,154,6,0,557,0,1,159,0,0,30,3,1,2730,5,213,0,18,16,5,7,0,0,1566,0,0,0,0,0,50,232,844,0,79,0,0,1,3,2070,654,191,35,48,889,0,0,18,2
ERR560814,ob_goodrich,H,4,122,0,260,62,13,3,6,11,0,14,379,18,59,214,0,4,825,0,79,119,1,186,7,221,0,0,777,167,895,319,0,0,304,58,29,748,32,239,0,0,5,0,0,12,0,113,7,0,114,0,0,1,343,104,58,0,2,0,1400,26,64,40,154,112,0,186,0,1,0,0
ERR560815,ob_goodrich,H,4,0,0,668,802,0,3,5,567,0,0,2602,28,85,424,0,6,1,12,655,259,0,214,9,312,0,0,552,0,128,173,0,0,0,62,0,274,21,115,0,1,8,0,0,1,0,258,0,0,0,141,31,7,481,714,1,0,34,0,19,7,69,32,484,739,0,69,0,2,1,41
ERR560816,ob_goodrich,OB,0,0,0,9,105,0,0,10,403,0,0,8441,1,3,2204,0,0,6,0,54,116,10,437,18,27,0,20,94,0,4,277,0,0,18,17,5,12,266,405,0,0,16,0,0,0,0,226,24,0,0,0,1,18,172,1463,0,3,37,0,2,2,487,238,423,2,0,119,0,2,0,0
ERR560817,ob_goodrich,OW,2,32,1,422,3245,0,0,43,70,0,1,2872,119,6,382,0,85,4,21,919,9,0,151,45,191,0,0,7559,156,0,89,0,0,327,6,1,2209,6,136,0,19,8,1,0,0,0,86,18,0,0,40,22,131,233,410,102,4,0,0,0,6,480,252,80,103,2,7,4,0,6,0
ERR560818,ob_goodrich,OB,14,0,0,1989,2141,0,4,21,95,0,4,3003,55,58,825,0,71,1,0,178,517,1,520,8,271,0,6,548,1,853,335,0,0,68,16,4,2435,21,304,0,18,8,2,7,32,0,662,2,0,0,67,7,106,715,206,1,2,35,0,131,19,1907,1549,365,569,85,78,2,27,24,3
ERR560819,ob_goodrich,H,0,40,0,70,1312,0,0,8,75,0,0,4652,101,12,211,0,22,1,0,42,70,2,48,3,17,0,0,169,10,52,83,0,0,1,0,4,78,5,109,0,0,0,0,0,0,0,125,0,2,0,14,1,25,271,569,74,0,0,0,546,0,150,1768,54,841,0,8,0,1,2,9
ERR560820,ob_goodrich,OW,3,0,0,2,967,0,1,2,219,0,0,1442,58,29,420,0,14,16,0,106,292,3,268,1,276,2,0,166,94,106,235,0,0,225,0,0,423,14,347,0,2,3,2,0,0,0,349,0,0,0,86,18,19,76,1170,20,0,22,0,2,12,14,158,81,220,0,117,0,7,1,9
ERR560823,ob_goodrich,H,7,44,0,3701,628,0,2,1,179,0,1,769,137,171,253,0,12,23,3,406,20,57,191,38,80,1,0,133,738,1,228,0,0,32,39,4,242,31,12,11,0,3,0,0,1,0,514,0,0,0,683,177,0,882,327,102,0,0,2,69,9,50,45,87,786,0,63,0,2,0,4
ERR560824,ob_goodrich,H,1,75,3,469,1301,0,4,1,106,0,1,12335,399,251,1019,0,6,7,0,308,697,156,362,27,1035,0,0,233,0,2,388,0,1,46,7,2,1828,125,710,1,49,22,21,1,0,0,1917,1,0,18,0,4,15,187,304,9,22,87,0,0,7,3114,257,477,223,18,33,0,88,13,0
ERR560825,ob_goodrich,H,0,0,0,1,126,0,1,0,1731,0,0,9796,12,30,4373,0,3,0,0,14,12,23,267,0,230,0,0,202,0,3291,558,0,1,23,1,0,249,31,0,0,362,24,0,0,0,0,392,2,0,0,0,1,5,17,1,0,0,0,0,0,1,2207,0,603,0,10,114,0,162,122,0
ERR560826,ob_goodrich,OB,1,0,11,2,211,0,0,72,1152,0,11,993,1,1786,2748,0,0,173,0,60,92,74,74,159,61,0,0,417,0,1,967,0,0,4,0,1,2374,8,1464,25,0,59,3,0,0,0,552,0,0,0,0,0,7,10,1,0,7,8,0,5,1,2348,1234,1096,0,41,155,0,27,2,0
ERR560827,ob_goodrich,OW,2,16,42,334,1343,0,1,4,393,0,19,1694,163,607,2024,0,6,0,7,212,2044,21,221,1,411,26,0,498,54,0,460,0,38,0,30,1,1789,10,113,1,9,11,2,33,0,0,156,2,0,0,1879,336,6,50,424,65,1,1,2,44,4,3317,81,243,394,6,114,0,91,19,0
ERR560828,ob_goodrich,OW,0,0,0,3492,142,0,1,52,124,0,0,438,16,0,2021,0,0,15,11,157,749,60,198,10,777,0,2,941,0,1,756,0,0,390,1,3,145,43,89,0,1,46,0,0,4,0,694,0,0,0,0,0,4,270,49,0,0,0,1,1,11,1905,201,854,106,0,423,0,70,15,0
ERR560829,ob_goodrich,OW,8,0,1,633,395,0,1,30,304,0,0,1322,31,4,1274,0,4,72,2,228,155,33,550,11,625,0,1,508,2,613,407,0,12,293,5,0,95,10,176,0,2,27,0,0,2,0,1114,0,0,0,22,8,5,138,349,163,0,4,16,4090,3,897,140,571,198,0,82,0,35,1,1
ERR560830,ob_goodrich,H,4,3,5,459,387,0,1,124,165,0,0,16045,270,44,149,0,7,17,0,846,164,3,50,5,3468,39,0,126,202,2,163,0,0,78,1662,0,83,19,20,0,1,12,2,1,0,0,1576,0,0,0,1795,13,4,233,2249,0,22,0,5,162,17,196,773,192,53,0,108,1,67,0,7
ERR560831,ob_goodrich,OW,18,0,5,1,2488,7,3,0,1499,0,3,6776,549,1462,1853,1,104,211,0,214,341,4,154,25,510,60,0,505,0,938,844,0,30,307,63,8,744,5,579,0,145,16,0,0,0,0,689,410,1,0,798,0,79,58,1077,0,3,0,2,80,1,740,1174,1097,1,514,84,3,0,17,0
ERR560832,ob_goodrich,OW,1,0,0,1835,512,0,1,4,565,0,6,3393,0,36,989,0,0,12,119,1568,969,90,133,1,1210,0,22,257,27,634,478,1,0,1,9,19,1802,17,417,2,1,21,2,27,10,0,138,0,0,0,0,0,8,53,506,0,0,1,0,0,5,201,106,220,31,1,209,0,269,1,0
ERR560834,ob_goodrich,OB,3,3,7,164,114,6,0,0,139,0,7,643,0,225,1569,2,0,650,5,359,145,34,53,1,19,133,1,596,0,0,334,0,0,98,16,3,1054,6,385,3,179,15,0,2,1,0,209,0,0,106,140,0,3,98,1,0,0,0,0,0,0,5672,393,280,21,252,42,0,174,6,0
ERR560835,ob_goodrich,H,0,0,1,335,481,0,2,3,2978,0,4,721,5,279,504,0,3,1,1,234,159,0,50,8,208,2,0,197,0,909,122,0,0,19,35,2,511,8,724,1,0,3,0,4,0,0,490,0,0,0,13,1,5,27,299,0,0,1,0,0,4,629,227,94,18,1,22,0,7,11,0
ERR560836,ob_goodrich,H,25,0,0,2,5634,0,5,3,438,0,4,7654,1060,5808,188,0,46,1706,3,519,301,108,69,0,102,288,0,253,57,0,353,0,0,89,44,134,582,64,32,1,1,40,2,0,0,0,378,0,0,0,0,5,63,369,683,1,2,82,0,4,10,468,58,37,65,14,344,3,6,0,0
ERR560837,ob_goodrich,OB,1,0,2,0,114,0,0,3,1227,0,1,5359,0,7,4382,0,0,25,0,99,15,71,889,70,640,1,1,468,1,2,550,0,0,1,1,0,1475,180,1434,0,0,14,0,0,0,0,509,13,0,0,1,0,13,101,88,3,0,177,2,1,2,3363,11,915,1,9,662,0,1,8,0
ERR560839,ob_goodrich,OW,32,0,0,506,457,0,19,2,610,0,2,3763,0,43,1859,0,0,3,0,122,95,19,188,22,167,0,6,149,0,0,189,0,0,1,38,117,189,111,48,0,0,4,2,0,0,0,96,0,0,0,0,7,11,117,701,0,0,157,0,0,46,219,213,72,5,3,417,0,0,2,0
ERR560840,ob_goodrich,H,0,0,0,1,762,0,3,0,764,0,5,4575,85,41,2371,0,20,4,0,61,58,9,224,27,12,7,0,763,0,82,451,0,79,1,1,0,1290,23,184,0,1,6,2,0,0,0,195,4,0,16,0,0,14,71,389,0,1,25,0,0,0,1406,842,219,70,0,124,0,0,2,0
ERR560841,ob_goodrich,H,7,13,0,20,2367,0,3,0,3431,0,5,3888,79,539,2739,3,0,1,7,524,999,4,199,3,742,1,2,494,0,205,533,0,0,35,1,12,426,3,3349,0,2,19,0,0,0,0,758,1305,0,0,50,9,29,407,35,0,0,0,1,0,2,3889,773,573,52,0,70,0,22,180,0
ERR560843,ob_goodrich,H,8,0,0,2066,315,1,0,8,114,0,5,818,23,53,249,0,7,3,0,162,42,1,166,1,183,2,2,483,0,162,366,0,0,98,84,1,1725,16,78,15,4,0,0,4,0,0,78,0,0,0,53,23,34,215,128,67,0,0,1,206,15,45,303,36,141,0,79,0,31,5,603
ERR560844,ob_goodrich,H,3,0,3,1079,1377,0,0,4,182,0,0,9395,927,33,334,1,46,0,0,51,492,4,977,3,237,0,0,137,0,0,139,0,5,1,988,0,1420,6,111,0,485,2,1,0,0,2,2020,0,0,0,0,6,44,177,323,1,9,180,0,2,3,2440,155,155,64,127,135,23,11,80,4
ERR560845,ob_goodrich,H,43,7,0,4171,3931,0,0,73,454,0,6,3155,625,789,101,0,2,3,0,79,42,1,53,2,20,0,0,138,0,23,182,0,1,34,425,7,191,79,143,7,0,7,0,0,3,0,327,1,0,9,88,1,186,303,342,0,18,34,0,0,20,204,85,53,81,4,46,0,3,1,0
ERR560846,ob_goodrich,OW,7,0,4,1908,102,0,0,0,564,0,6,990,22,803,6100,0,0,29,0,84,18,57,713,12,6,358,0,19,0,1,461,2,1,21,541,404,859,16,3,10,0,0,0,0,24,0,370,29,0,494,1,0,2,68,44,1,13,14,0,0,1,1170,1015,56,3,24,860,0,0,2,0
ERR560849,ob_goodrich,OW,3,3,1,2364,10620,0,1,2,32,0,3,14775,640,45,1038,0,63,1,0,1732,13,122,949,1,0,3,0,48,0,3,2,0,13,542,31,3,487,5,70,5,1,9,3,0,0,0,269,0,0,0,0,0,56,139,8539,0,1,97,484,7,4,57,362,374,169,0,109,0,0,0,0
ERR560850,ob_goodrich,OW,0,0,1,272,1354,1,0,0,1067,0,0,2016,172,0,2914,0,20,10,0,104,175,49,441,187,13,0,0,981,0,0,350,0,0,6,3,15,427,9,467,2,0,33,0,48,0,0,267,1,0,0,0,0,22,368,558,962,1,45,0,111,12,1170,813,385,75,3,86,0,1,0,1
ERR560851,ob_goodrich,OB,0,0,0,492,780,0,8,53,148,0,4,1571,274,58,592,0,41,19,1,31,1,44,461,135,45,3,0,949,0,0,120,0,0,2,0,1,1045,17,683,1,0,5,1,18,0,0,571,0,0,0,0,0,42,227,988,0,0,101,0,1,6,172,93,104,444,1,60,1,8,7,1
ERR560852,ob_goodrich,H,0,0,0,1,1059,0,4,8,1331,0,2,3156,10,7,4411,2,1,19,0,118,55,4,154,40,3,0,0,190,0,73,680,0,0,1270,0,0,703,7,413,2,3,15,0,0,0,0,369,6,0,0,0,0,20,21,253,0,0,0,0,251,0,1943,57,419,6,0,104,0,1,5,0
ERR560853,ob_goodrich,OB,5,0,0,1287,3081,0,0,18,9,0,0,6773,705,3,207,0,5,2,0,1047,69,14,133,0,170,0,0,34,24,2,72,0,0,2,81,1,24,2,175,0,0,1,0,0,0,0,214,33,0,0,17,0,16,104,666,46,0,102,2,7,0,124,845,529,24,0,99,0,0,1,0
ERR560854,ob_goodrich,H,8,89,0,866,928,5,1,14,271,0,0,1329,38,7,511,0,22,7,5,248,335,9,465,19,95,0,0,927,24,0,175,0,0,67,1,0,549,8,1213,0,1,6,0,0,1,0,137,0,0,0,4,5,17,173,846,0,0,66,0,7558,4,827,207,147,98,4,86,0,8,1,0
ERR560855,ob_goodrich,H,4,0,1,161,3177,0,3,13,576,0,0,23668,376,53,1020,0,12,12,0,520,20,4,1630,81,9,0,0,192,0,311,127,0,0,63,0,2,1279,10,290,1,10,4,4,0,1,0,962,0,0,0,0,0,70,82,854,0,2,381,0,7,10,3756,415,337,80,5,36,27,0,4,0
ERR560856,ob_goodrich,OW,3,5,0,4993,169,0,0,288,1105,0,19,632,130,1271,6734,1,0,48,0,128,227,395,212,63,94,112,0,1352,0,1236,1286,0,0,15,10,75,5887,11,533,10,0,32,13,0,0,0,1057,12,0,0,2,0,3,209,110,0,0,0,2,0,13,182,1678,49,13,210,48,0,0,0,0
ERR560858,ob_goodrich,OB,7,1,0,1739,1295,0,0,36,141,0,2,2385,227,43,277,0,27,5,19,92,157,0,879,17,154,0,0,649,1,10,140,0,0,98,1,0,1487,10,460,1,0,5,0,0,0,0,734,0,0,0,60,8,13,440,702,0,0,222,0,4,25,3374,150,157,442,41,65,1,0,10,1
ERR560859,ob_goodrich,H,0,0,0,588,531,0,1,10,113,0,0,5400,100,0,549,0,8,1,0,238,0,1,739,25,1,0,1,129,0,0,37,0,0,0,0,9,32,34,429,1,0,4,0,0,0,0,725,0,0,0,0,0,31,93,345,0,1,74,0,1,3,122,1060,80,79,0,19,0,0,3,0
ERR560860,ob_goodrich,H,1,0,0,0,813,10,0,1,428,0,2,968,70,10,5006,1,0,520,0,55,62,5,692,45,14,0,0,1869,0,65,1846,0,0,328,0,73,19,33,982,0,0,0,0,9,0,0,256,9,0,1,0,1,0,130,45,0,0,0,0,255,4,805,782,1285,2,15,116,0,0,2,0
ERR560861,ob_goodrich,OW,0,0,0,127,677,0,3,9,511,0,0,215,11,34,4617,0,7,24,0,152,4,57,762,24,28,0,0,747,127,0,719,0,0,1,0,1,96,15,1214,0,0,33,0,0,0,0,580,14,0,0,1,6,2,210,107,76,0,72,0,368,1,1351,95,666,253,0,60,0,2,4,0
ERR560862,ob_goodrich,OB,1,15,7,44,2304,30,5,0,1323,0,11,5742,563,1776,6297,0,206,43,0,173,114,17,567,9,28,505,0,1137,1,1,1739,0,0,1,3,15,2502,9,699,1,2,68,19,20,5,0,822,72,0,0,1,1,38,95,1360,1478,117,1,0,319,2,643,174,1761,3,9,198,0,12,0,0
ERR560863,ob_goodrich,H,1,0,1,26,389,0,3,18,100,0,3,4559,139,15,376,0,16,3,0,76,182,551,293,38,444,0,0,65,470,311,91,0,0,183,163,2,729,159,160,0,35,10,8,0,0,0,698,0,0,0,79,2,7,169,260,0,0,0,0,0,13,303,282,92,3,2,81,0,40,36,0
ERR560864,ob_goodrich,OW,1,0,0,0,936,0,1,4,358,0,0,2642,530,617,1503,0,0,0,0,40,175,0,72,58,30,0,0,586,0,0,299,0,0,270,2,0,3220,6,89,0,34,12,0,0,0,0,157,471,0,0,0,0,32,23,66,0,0,15,0,0,0,1085,1350,514,46,0,9,0,13,5,2
ERR560865,ob_goodrich,H,12,75,0,1841,254,6,0,9,218,0,8,1737,50,1,1061,3,33,21,1,287,380,2,162,22,283,18,0,1174,300,0,439,0,2,447,28,2,2840,14,373,0,0,37,4,0,1,0,1136,0,0,0,128,34,25,242,733,83,1,0,5,2675,11,165,867,717,279,0,224,35,7,8,0
ERR560866,ob_goodrich,H,3,0,0,367,1098,0,3,1,365,0,0,10430,217,222,324,1,74,8,0,91,186,32,1940,15,55,0,0,242,0,1,26,0,0,2,5,2,1485,6,599,0,339,3,1,0,1,0,2560,2,0,0,0,0,68,100,2793,1,128,41,0,3,5,647,237,193,265,4,259,0,3,14,41
ERR560867,ob_goodrich,H,6,0,0,114,337,0,3,18,233,0,0,6514,31,5,805,0,2,1,8,176,48,3,251,34,20,0,0,808,0,2,194,0,0,125,0,0,686,5,121,0,3,9,0,0,5,0,2415,2,3,0,0,0,9,472,400,0,0,129,0,0,2,899,62,174,306,3,59,0,0,66,0
ERR560868,ob_goodrich,OB,0,0,1,4,338,0,0,9,151,0,0,3608,281,100,1552,1,22,5,1,35,4,8,160,11,47,0,0,255,0,0,113,0,0,0,2,8,559,9,699,9,0,4,9,0,0,0,213,3,28,0,1,0,5,36,142,0,5,16,1,36,7,5,67,162,30,71,92,0,0,1,1
ERR560869,ob_goodrich,OW,0,2,0,221,740,0,4,39,3044,0,2,1954,160,20,4268,0,0,13,0,955,7,9,1116,121,12,0,0,281,0,0,563,0,0,53,97,8,454,53,1,0,0,33,1,0,1,0,720,9,0,0,49,10,33,278,53,0,0,0,0,0,5,1792,1034,412,340,1,47,0,0,0,0
ERR560870,ob_goodrich,OW,0,0,0,21,1182,0,1,0,145,0,1,7555,103,50,784,0,0,3,0,109,49,3,305,16,23,5,0,60,1,148,114,0,0,2,1,1,440,32,263,0,0,3,1,0,0,0,54,0,2,0,0,0,25,64,1501,0,5,0,0,1,0,187,24,229,1,0,20,0,11,2,0
ERR560871,ob_goodrich,OB,47,11,10,7,172,0,0,2,56,0,3,447,21,154,4265,1,0,68,0,204,3803,105,698,3,390,1520,0,12,43,872,2380,1,0,63,2351,4,1279,5,105,9,1,109,25,0,1,0,1264,0,2,1,6,0,1,9,4,0,0,0,0,6,0,2286,268,209,0,14,89,0,41,0,0
ERR560872,ob_goodrich,OW,151,0,3,3626,3191,0,0,13,1128,0,11,13973,1343,82,4689,0,59,14,1,585,11,70,1729,307,45,0,5,370,689,464,1315,0,0,15,512,104,675,220,3050,6,0,58,42,0,1,0,584,0,1,1,0,0,42,500,2395,169,8,0,0,544,65,1841,378,181,3,10,143,3,1,3,0
ERR560873,ob_goodrich,OW,5,0,7,45,135,0,3,0,945,0,0,153,30,2406,7546,0,0,0,0,85,1008,5,45,0,571,0,0,1403,0,1,2742,0,0,155,184,190,1211,91,3994,71,0,126,1,1,0,0,418,1,12,1,15,2,2,1876,11,0,0,17,0,4,3,82,42,45,1473,10,434,0,27,0,1
ERR560874,ob_goodrich,H,10,0,0,574,454,0,1,9,194,0,5,4136,464,2,645,0,0,0,0,589,2,22,1500,99,1,0,3,21,0,305,109,0,0,2,5,10,468,281,314,0,0,7,2,0,0,0,629,0,0,0,1,0,7,227,1009,0,0,0,5,2,31,360,112,567,5,0,104,0,0,1,0
ERR560875,ob_goodrich,OW,3,1,0,5,319,0,1,8,1828,0,1,2565,60,16,3354,0,6,17,0,70,380,2,213,27,5,9,11,617,0,0,958,0,0,8,1,36,832,10,907,0,0,4,0,0,1,0,209,0,0,0,5,1,16,61,1048,930,22,0,0,1012,1,3851,3279,491,15,1,217,0,0,0,0
ERR560876,ob_goodrich,OW,5,0,0,397,740,0,0,34,154,0,1,1368,733,91,2076,0,0,7,35,137,120,6,602,122,538,0,0,1185,0,250,18,0,0,40,0,20,1634,131,149,0,0,11,0,0,2,0,296,5,0,0,0,2,57,45,4174,0,1,0,0,0,34,813,790,460,1,2,136,0,0,0,0
ERR560877,ob_goodrich,OW,33,0,0,0,3885,0,2,70,19,0,18,7602,219,133,786,0,43,521,0,35,86,11,228,103,6,52,0,40,0,643,77,0,0,69,0,1,1254,69,51,0,0,98,3,0,2,0,196,0,0,1,195,4,73,119,2826,0,0,0,0,1,7,5264,1411,564,11,3,32,7,1,3,0
ERR560879,ob_goodrich,OB,15,0,0,0,627,29,0,3,37,0,0,1426,134,24,781,0,1,18,2,67,1035,0,871,9,819,0,2,662,0,472,206,0,0,3,1,0,987,1,1728,0,31,3,0,0,0,0,248,0,0,1,0,1,11,80,130,0,1,95,0,5,0,1423,128,144,26,2,132,0,19,70,0
ERR560880,ob_goodrich,H,32,0,3,1,1893,0,7,0,517,0,19,5439,694,71,561,3,9,0,0,267,530,77,91,2,499,54,0,916,20,2,437,0,0,176,36,15,700,16,900,0,3,26,5,26,4,0,855,0,0,0,0,0,33,235,809,0,8,883,0,74,9,934,561,714,132,20,664,0,1,0,0
ERR560881,ob_goodrich,H,1,5,0,0,2735,0,0,1,67,0,0,4925,133,0,411,0,0,1,0,63,230,0,545,2,151,0,0,169,0,0,196,0,0,5,8,1,847,23,214,0,16,9,0,0,0,0,550,0,0,0,16,25,278,209,242,0,0,0,0,0,11,735,29,140,337,1,53,0,11,111,0
ERR560882,ob_goodrich,H,0,0,6,52,1878,0,5,6,457,0,3,186,92,61,4517,1,0,10,13,117,1541,52,1448,19,1757,2,2,135,166,125,789,1,0,8,53,1,7532,11,4,6,12,12,10,0,0,0,424,0,0,0,0,0,10,25,39,0,11,6,0,4,2,1020,792,214,10,27,1215,0,0,17,0
ERR560883,ob_goodrich,OW,0,0,0,3,453,2,0,4,4253,0,0,1385,5,0,5793,0,0,115,1,29,11,50,2192,284,4,0,0,274,0,7,987,0,1,42,4,11,137,38,220,0,0,45,0,0,0,0,407,0,0,0,0,0,6,42,154,95,0,0,1,1,2,929,15,305,4,0,118,0,0,0,1
ERR560884,ob_goodrich,H,0,0,7,18,204,0,0,4,2390,0,21,851,4,402,4300,0,0,3,0,51,281,6,137,5,14,4,0,425,0,662,139,0,0,23,23,102,1345,42,1154,2,1,56,8,2,3,0,274,13,4,0,0,21,2,12,256,0,0,3,22,67,2,7754,319,153,3,294,66,0,9,4,0
ERR560885,ob_goodrich,OW,11,0,0,732,1530,0,1,14,51,0,1,3628,1093,81,414,0,254,1,2,158,44,1,130,12,26,1,4,450,12,163,110,0,0,34,21,12,338,35,62,0,2,4,1,9,2,0,252,0,0,0,0,0,24,238,399,0,0,5,1,4,15,398,100,124,349,1,301,1,17,4,6
ERR560886,ob_goodrich,OW,2,0,0,2243,435,0,1,2,140,0,1,2169,32,11,1319,0,3,3,0,462,306,2,239,54,244,1,5,352,161,474,463,0,63,4,33,0,118,7,196,0,0,11,0,0,0,0,434,0,1,0,253,49,4,337,160,211,0,8,2,170,10,318,132,274,180,0,177,0,12,2,20
ERR560888,ob_goodrich,OW,1,0,0,2,55,0,0,1,805,0,3,2028,32,274,2754,0,1,0,0,6,0,46,406,58,5,4,8,149,16,1,611,0,0,884,0,2,2,41,94,0,0,53,5,0,0,0,235,0,3,0,0,0,0,149,128,59,0,83,0,1,0,5365,4,83,0,2,23,0,0,1,0
ERR560889,ob_goodrich,H,0,0,0,3,3463,0,2,3,394,0,2,15610,756,10,2415,1,0,7,0,377,9,31,1684,327,2,0,1,121,0,183,436,0,0,53,0,43,652,73,2093,2,1,33,12,0,0,0,2910,0,0,0,2,0,298,235,476,0,88,0,0,2,22,1012,529,162,2,1,21,0,0,3,0
ERR560890,ob_goodrich,OB,6,0,0,7399,433,0,0,9,488,0,7,7053,190,4,413,0,11,6,0,47,109,5,994,73,1,0,0,331,0,2,189,0,22,22,18,20,2848,48,328,0,7,8,10,0,1,0,206,1,0,0,0,0,5,103,794,1,0,477,0,0,13,1161,526,211,208,6,74,0,0,4,0
ERR560891,ob_goodrich,OW,1,0,0,1525,246,0,15,2,49,0,0,10209,53,0,3020,0,5,246,1,742,8,25,3566,34,103,0,0,3303,220,3,903,0,0,11,0,0,54,30,486,0,0,36,1,0,2,0,703,0,0,3,0,0,3,349,245,0,1,7,0,29,19,4274,124,862,728,1,76,0,0,10,0
ERR560892,ob_goodrich,H,76,0,0,0,945,60,5,4,172,0,0,12628,0,0,2697,0,0,0,0,645,18,11,338,0,0,10,0,265,136,0,803,0,0,32,0,1,229,12,2,4,0,18,2,0,1,0,65,1,0,0,0,0,0,101,59,0,2,72,0,0,5,678,99,216,310,36,318,0,0,2,0
ERR560893,ob_goodrich,OW,6,1,0,2676,1403,6,2,0,647,0,5,16501,984,47,728,0,13,7,0,67,5,3,787,226,2,0,0,386,0,1,99,0,0,1,0,10,733,10,555,1,3,21,1,0,0,0,478,1,0,1,0,0,61,64,3013,0,0,1212,0,16483,3,1036,479,203,2,38,77,22,0,1,1
ERR560894,ob_goodrich,H,2,0,0,22,3109,0,0,50,746,0,0,5427,262,11,2557,0,0,6,0,791,1994,15,1531,1,983,0,0,1802,0,0,434,0,0,7,0,2,716,14,266,2,2,37,5,0,0,0,2224,0,0,0,0,0,33,58,1303,0,0,130,0,0,4,1159,318,477,122,0,740,0,68,0,0
ERR560896,ob_goodrich,OW,1,0,0,124,518,0,1,3,132,0,0,1018,69,7,451,0,0,2,6,70,3,2,102,1,4,0,0,185,24,139,95,0,0,0,0,0,79,0,351,0,0,3,0,0,0,0,360,0,0,0,42,3,7,229,308,0,0,0,0,0,9,148,1572,225,61,0,41,0,0,0,0
ERR560897,ob_goodrich,H,1,0,14,482,2875,0,0,0,386,0,0,5469,98,1087,1742,3,1,8,0,116,4066,183,270,4,1359,51,0,280,0,1,967,0,144,16,11800,5,1487,10,159,0,1,23,1,0,0,0,1872,16,275,0,0,0,8,52,291,44,0,2,0,0,3,328,955,399,62,145,62,0,77,2,0
ERR560898,ob_goodrich,OB,7,0,1,8505,4134,0,1,12,86,0,8,4050,43,361,87,0,12,0,2,291,814,3,242,2,723,33,0,79,22,119,56,0,3,2,3172,23,339,71,51,2,3,2,4,0,1,0,214,0,0,0,3617,14,42,784,294,0,9,0,0,0,46,98,125,81,241,3,122,0,9,0,11
ERR560899,ob_goodrich,OB,0,1347,1,2,597,0,0,0,682,0,0,16791,244,589,1798,0,1,22,0,12,599,11,2344,67,45,67,0,53,0,968,1827,0,0,4,46,5,155,21,1,0,0,49,0,0,0,0,1418,0,0,0,0,2,4,16,2434,2,0,2,2,12,1,3728,8,150,1,27,11,0,0,2,0
ERR560900,ob_goodrich,OW,11,0,4,40,126,0,1,4,120,0,0,1555,5,1432,2596,0,0,14,0,8,3783,4,80,20,1202,76,0,287,1,2497,271,0,1,0,202,0,7743,3,772,9,1097,7,1,0,0,0,276,13,6,0,1,1,8,48,3,0,118,0,0,5,1,1308,825,322,1,274,24,0,476,31,0
ERR560901,ob_goodrich,H,8,26,0,64,409,28,1,1,78,0,0,1195,17,21,516,0,42,87,16,375,191,2,212,8,146,0,0,1006,16,0,324,0,4,227,1,2,1520,35,177,0,6,4,0,27,7,0,385,15,0,1,92,6,40,1660,205,488,0,3,0,5089,11,1506,105,402,629,12,29,0,15,19,2
ERR560903,ob_goodrich,H,10,0,0,606,558,1,5,64,628,0,0,1117,14,3,1166,0,3,3,0,266,187,0,267,35,340,0,0,311,157,0,543,0,0,93,33,5,71,1,30,0,1,19,0,0,0,0,325,0,0,0,51,1,1,92,185,142,0,62,0,40,1,784,48,314,52,0,17,0,0,2,1
ERR560904,ob_goodrich,H,11,1,4,2,626,0,0,9,528,0,5,12107,1,104,345,0,0,2,0,90,7,1,254,0,51,0,0,153,0,149,278,0,1,209,175,36,247,121,62,3,0,4,0,0,0,0,29,0,0,0,65,3,64,187,267,0,0,1,0,1,16,46,16,390,9,2,344,1,5,0,0
ERR560905,ob_goodrich,OB,0,0,9,10,511,0,0,0,2782,0,0,18923,369,181,5921,2,26,79,0,1530,24,184,645,1581,8,94,0,440,0,1,1063,0,0,58,10,66,3440,350,2,0,0,0,35,0,0,0,1392,0,1,0,0,1,12,379,1384,2,0,185,10,0,9,393,5,2937,0,2,809,1,0,0,0
ERR560906,ob_goodrich,H,11,0,0,4974,604,0,4,9,23,0,10,6188,122,67,585,1,18,2,5,204,489,0,382,5,758,0,0,2773,119,677,248,0,3,82,2,2,683,3,97,4,846,7,2,0,1,0,129,0,0,0,584,6,43,297,555,0,1,72,0,1,17,691,194,307,83,3,95,0,27,741,0
ERR560907,ob_goodrich,H,0,1,10,0,63,0,2,3,3377,0,1,102,5,1,6542,0,0,149,0,49,97,366,992,2,14,0,0,44,140,5,259,0,1,1791,126,22,710,14,373,10,2,237,43,0,0,0,426,0,25,0,0,3,0,0,12,4,0,0,0,0,0,34,3,383,1,3,64,0,16,1,0
ERR560908,ob_goodrich,OB,3,0,1,1375,1173,0,0,16,137,0,0,1707,107,242,3496,0,7,1,0,218,163,20,176,32,10,0,0,216,0,1077,1116,0,0,7,3,41,538,33,430,3,0,15,0,0,0,0,265,0,0,0,0,533,28,159,534,0,0,0,0,0,0,306,133,1678,0,26,240,0,0,6,0
ERR560909,ob_goodrich,H,0,0,0,25,704,0,0,20,242,0,0,3621,64,0,1257,0,6,3,0,24,119,4,182,2,39,0,0,1398,12,296,186,0,0,2,5,0,102,11,105,0,1,7,0,0,0,0,418,0,0,0,0,1,23,493,25,0,0,0,0,31,3,925,1542,360,139,3,26,0,2,26,8
ERR560911,ob_goodrich,OB,1,0,2,130,253,0,6,5,224,0,13,4410,113,205,1376,0,24,36,5,165,111,11,401,21,69,23,61,936,197,101,1036,0,0,404,6845,22,350,38,243,0,1,20,2,0,2,0,584,2,1,0,434,15,23,375,350,0,0,140,4,4,3,2744,27,681,13,46,406,0,40,0,0
ERR560912,ob_goodrich,H,2,0,2,328,1677,0,12,6,832,0,0,8667,213,37,1053,12,25,14,0,88,20,29,596,48,1,30,0,229,0,0,235,0,0,0,2095,6,1542,58,435,0,10,123,1,0,1,0,655,1,24,0,0,0,49,90,834,0,20,188,1,1,10,3091,900,304,35,11,61,0,0,40,0
ERR560913,ob_goodrich,OB,2,0,18,14,4188,0,0,0,495,0,0,28345,3,20,1821,0,0,0,0,24,2,17,1818,49,2,227,10,346,0,1,995,0,0,10,2325,6,2451,105,2519,0,0,112,3,0,1,0,681,91,0,0,0,0,0,289,7,0,0,0,0,20,22,2763,14,2441,63,511,407,0,0,1,0
ERR560914,ob_goodrich,OB,7,1,0,319,2489,0,2,60,521,0,0,2475,181,25,290,0,0,1,0,382,689,8,292,2,112,0,0,540,0,0,190,0,0,72,4,2,217,42,170,0,0,9,0,0,0,0,362,0,0,0,142,10,0,62,80,0,2,0,0,0,3,175,111,410,277,56,114,0,16,26,3
ERR560915,ob_goodrich,H,57,1,1,3,1138,0,2,45,779,0,42,3968,289,1051,2515,0,49,25,0,96,136,5,125,53,284,50,0,315,0,0,524,0,0,294,0,50,3639,51,1980,24,1,46,2,10,5,0,258,1,11,0,1,0,18,67,324,0,67,31,1,0,1,1657,24,82,0,5,307,0,0,0,0
ERR560916,ob_goodrich,OW,2,0,0,2000,460,19,2,17,13,0,0,3766,107,9,573,0,22,11,42,34,635,2,531,7,127,0,2,1240,1,322,426,0,1,21,1,5,1623,17,334,1,9,10,1,0,3,0,372,0,0,0,91,11,15,268,558,0,0,9,0,2916,31,1582,592,365,257,2,72,0,2,21,0
ERR560917,ob_goodrich,OW,0,0,14,1,32,0,0,1,511,0,87,222,3,721,6955,0,3,0,0,343,9996,66,111,1,3121,693,2,1312,0,21,2663,0,1,1,2,8,4422,1,1976,0,74,74,0,0,2,0,807,1,1,0,4,2,5,48,26,13,0,7,0,0,0,3417,953,121,3,251,607,0,615,10,0
ERR560918,ob_goodrich,OB,2,0,3,350,1569,0,1,52,49,0,39,3361,307,32,2766,0,1,6,0,193,160,0,260,19,134,0,0,433,0,466,931,0,4,877,3568,13,1580,12,261,0,1,25,8,13,0,0,252,5,0,0,195,0,71,43,419,0,10,0,0,0,5,1594,262,456,6,3,175,0,107,8,0
ERR560919,ob_goodrich,OW,0,0,0,2,572,0,0,0,456,0,0,5418,139,13,2333,0,0,5,0,7,191,5,675,13,163,0,0,280,1,479,1152,0,0,6,0,1,60,76,746,0,0,35,0,0,0,0,323,12,1,0,0,0,11,362,333,0,0,0,0,0,5,2294,2155,284,1,0,35,0,16,8,0
ERR560920,ob_goodrich,H,1,0,0,409,402,1,0,6,30,0,2,235,53,0,234,0,1,58,0,184,145,0,105,8,545,0,0,142,72,2,140,0,0,77,2,0,55,10,383,0,1,7,0,0,1,0,133,0,0,0,21,61,2,1090,246,0,0,0,0,41,6,100,72,222,186,1,62,0,66,0,5
ERR560921,ob_goodrich,OW,1,0,0,20,48,0,0,29,95,0,0,997,64,1,2732,0,6,4,0,107,5,2,705,41,9,0,0,2791,0,0,201,0,0,54,82,6,164,5,529,0,1,8,0,0,0,0,289,41,0,0,0,5,73,149,114,42,0,19,0,7065,2,2590,27,294,409,3,23,1,0,2,0
ERR560922,ob_goodrich,H,11,0,4,58,3620,0,0,6,72,0,10,3639,523,56,830,0,0,3,0,108,293,2,137,5,10,1,0,624,22,21,148,0,1,17,29,5,1502,14,200,3,3,10,2,0,1,0,183,0,0,0,0,0,140,105,143,0,12,50,0,1,2,861,244,156,193,52,60,0,24,5,0
ERR560923,ob_goodrich,OW,0,0,0,2,1055,0,0,18,96,0,0,21975,3,41,285,0,6,159,0,11,21,5,214,26,3,0,0,15,0,46,78,0,8,11,47,0,393,19,137,0,20,2,0,0,0,0,44,0,0,0,0,0,11,16,1389,0,0,1,2,2,0,1049,8,39,0,3,15,0,1,15,0
ERR560924,ob_goodrich,OW,3,0,1,6142,616,0,0,3,201,0,3,11314,2868,223,59,0,93,5,0,138,282,1,69,16,877,41,280,62,98,46,75,0,0,56,543,2,87,30,42,2,0,3,2,17,14,0,345,4,0,0,155,41,139,105,1476,23,1,181,5,68,28,349,31,69,65,18,34,0,13,1,0
ERR560925,ob_goodrich,H,0,0,0,1797,164,0,1,2,392,0,0,630,77,17,1741,0,0,2,0,151,132,1,226,1,380,0,47,428,54,95,256,0,0,14,1,21,148,9,309,1,0,2,0,1,0,0,140,2,1,0,8,3,16,4338,213,0,1,49,78,160,4,3043,75,175,211,0,164,0,59,2,0
ERR560926,ob_goodrich,OW,34,0,2,243,867,0,4,1,317,0,1,4779,2143,173,1257,0,21,15,2,272,24,8,704,83,3,13,0,217,0,0,264,0,0,2,0,0,1184,13,374,0,3,10,5,0,0,0,221,0,0,0,0,0,12,30,754,0,3,331,0,522,2,1999,270,179,127,2,34,1,0,0,0
ERR560927,ob_goodrich,H,14,1,0,1456,989,0,3,7,300,0,7,659,9,387,873,0,0,10,3,151,225,3,63,0,131,72,11,936,0,91,550,0,0,95,1164,5,778,6,1432,2,0,7,0,0,0,0,165,53,0,0,1,0,27,33,50,0,3,0,0,1,5,457,568,169,19,12,50,0,25,0,0
ERR560928,ob_goodrich,H,0,0,5,1,697,0,0,0,1254,0,0,5169,246,581,3161,0,0,316,0,13,70,29,160,2,17,99,1,256,0,2,510,0,0,264,4,0,2461,5,754,0,1,18,0,0,0,0,214,3,0,0,1,0,14,9,306,1149,0,8,10,4,1,1411,0,1229,2,35,125,4,0,2,0
ERR560929,ob_goodrich,OB,7,0,0,2,705,0,8,19,777,0,0,1863,19,482,3674,0,6,7,0,32,28,0,104,8,418,0,0,942,123,0,1383,0,0,0,0,4,190,28,2013,0,0,44,4,0,8,0,630,0,0,0,56,0,0,207,121,0,0,20,0,0,0,1104,1616,365,160,5,70,0,0,0,0
ERR560930,ob_goodrich,OW,0,3,0,36,38,0,0,0,674,0,0,1245,5,1,5316,0,2,26,0,8,3573,328,350,1,949,0,3,294,113,0,1607,0,0,1362,732,0,29,7,83,1,0,49,0,0,0,0,2564,0,2,0,0,0,1,5,474,0,0,187,0,1,0,502,3,213,1,5,25,0,42,0,0
ERR560932,ob_goodrich,H,4,0,0,12,2309,0,0,16,162,0,17,7776,199,151,1590,3,101,891,0,288,52,6,2077,49,211,7,0,2095,32,182,255,0,0,85,6,1,1655,15,312,0,4,7,6,0,0,0,675,8,1,0,51,1,108,339,753,602,2,0,0,0,6,1023,257,159,147,3,83,3,0,2,5
ERR560933,ob_goodrich,OB,1,0,0,325,331,0,1,0,130,0,2,2750,132,6,516,0,3,2,4,206,2,0,235,4,6,0,0,1221,0,0,292,0,0,29,15,1,1981,18,48,0,4,13,0,0,0,0,1791,0,0,0,450,15,3,386,229,0,0,9,0,389,13,357,44,162,718,0,72,0,28,3,0
ERR560934,ob_goodrich,H,17,0,0,1,917,44,2,0,133,0,22,39712,382,6,1018,0,0,9,0,388,19,4,531,51,4,0,3,82,0,177,172,0,0,21,2,1,3479,28,845,1,1052,5,9,0,0,0,1049,3,0,0,0,0,243,321,1164,0,0,0,0,4,15,1296,1,137,0,2,145,0,0,28,0
ERR560935,ob_goodrich,H,0,0,1,729,1017,0,1,45,297,0,2,1194,254,23,968,2,23,5,0,123,11,5,96,2,2,2,0,164,0,830,127,0,0,0,0,9,417,30,265,0,1,4,0,21,0,0,132,0,0,0,1,2,86,70,85,402,0,88,0,103,3,116,101,485,287,0,31,0,0,3,0
ERR560936,ob_goodrich,OB,0,0,10,16,32,0,0,1,2693,0,0,2282,1,218,5068,0,0,250,0,0,3,109,847,336,34,3,0,470,0,2062,868,0,0,31,0,1,677,36,8,1,33,58,4,0,1,0,473,0,0,0,2,1,0,15,183,3,5,0,0,1,0,5935,100,150,1,30,12,0,0,19,0
ERR560937,ob_goodrich,OW,20,0,0,116,790,0,0,4,763,0,5,1908,95,35,815,0,0,24,18,191,465,1,35,1,83,0,0,124,39,6,258,0,0,13,0,7,441,9,1228,2,0,11,0,0,2,0,546,2,0,0,0,4,6,158,84,0,0,51,0,1,9,137,482,241,194,5,138,0,4,1,0
ERR560939,ob_goodrich,OB,0,0,3,5924,1628,0,0,18,1023,0,26,1505,252,1119,2943,0,5,5,23,360,40,0,569,47,184,60,0,1334,0,10,573,0,0,15,2,14,1507,9,534,48,0,41,5,0,8,0,941,0,1,0,0,1,9,66,408,0,2,0,0,1,48,2840,1014,497,389,13,265,0,0,1,0
ERR560940,ob_goodrich,OW,6,0,1,2329,717,0,1,4,142,0,0,2791,126,29,907,0,4,6,0,177,439,31,431,1,622,14,0,540,129,146,433,0,0,89,6,2,1129,16,512,2,13,111,0,0,1,0,281,0,0,0,589,11,16,806,397,77,0,30,0,365,15,1260,308,360,164,0,103,0,26,56,0
ERR560941,ob_goodrich,H,2,0,0,7,806,0,2,64,153,0,0,1151,62,93,1325,0,14,1,2,113,486,0,256,116,1088,0,0,730,0,0,362,0,0,324,1,1,1225,4,156,0,12,5,0,20,4,0,287,0,0,0,671,7,9,199,179,377,0,170,0,2,5,1926,28,235,205,0,34,0,4,193,0
ERR560942,ob_goodrich,H,1,0,0,0,1088,0,0,0,1158,0,0,520,1,204,2665,0,0,6,3,444,43,16,65,1,29,0,6,669,0,86,1206,0,7,9,12,19,185,6,453,12,0,27,1,0,3,0,57,0,0,12,0,2,16,62,54,0,0,2,0,1,0,175,249,447,65,8,125,0,8,0,0
ERR560943,ob_goodrich,H,2,0,1,452,980,0,0,2,990,0,9,1986,261,1183,2463,1,18,6,0,361,1201,5,39,51,32,42,0,570,0,226,265,0,0,1,29,6,1638,8,171,2,0,8,2,0,0,0,392,0,102,0,415,0,9,125,392,0,1,4,3,1,22,777,774,298,83,8,24,0,58,2,0
ERR560944,ob_goodrich,OB,1,0,0,4,190,0,0,0,476,0,3,347,19,14,3130,0,0,1737,0,68,2726,5,80,1,819,1,0,2214,0,0,1803,0,0,560,3,3,519,0,1914,0,0,38,0,0,2,0,460,0,1,0,0,3,2,180,429,72,0,0,1,363,0,392,661,334,219,7,349,0,107,0,0
ERR560946,ob_goodrich,OW,14,0,1,6338,10292,0,7,0,264,0,38,4302,488,479,880,1,5,13,1,103,3150,33,1196,2,388,73,0,534,0,2046,378,0,0,6,480,0,2714,5,2,0,85,11,1,0,0,0,185,7,0,0,0,0,11,197,467,0,23,252,73,66,8,4050,74,58,216,39,131,0,8,149,1
ERR560947,ob_goodrich,OW,0,0,0,865,592,0,0,5,51,0,0,3182,8,0,471,0,21,0,0,17,0,3,70,5,1,0,2,2,0,113,56,0,0,249,240,1,1,39,454,0,0,3,0,0,0,0,1993,0,0,0,0,0,7,2604,255,0,0,0,1,42,2,4,18,47,1,0,153,0,10,0,1
ERR560948,ob_goodrich,OW,0,1,0,164,27,23,0,6,43,0,0,49,2,2,1393,0,0,11,1,45,1171,0,405,0,395,0,0,4072,75,1835,791,0,12,539,0,0,119,0,230,0,0,26,0,48,20,0,760,3,1,0,79,1,2,42,28,5,0,4,0,360,0,2409,2096,1105,86,0,197,0,4,3,0
ERR560949,ob_goodrich,H,0,0,0,4,974,0,2,7,56,0,0,940,72,21,690,0,14,1,1,226,242,3,78,3,341,0,0,319,61,135,341,0,0,653,31,2,194,6,166,0,0,8,0,0,1,0,487,0,0,0,0,0,40,104,395,6,0,0,1,27,8,35,89,132,96,0,37,2,5,1,12
ERR560950,ob_goodrich,OW,5,0,2,6950,1703,0,3,8,1397,0,0,2830,575,44,1369,0,0,0,4,243,1410,32,454,74,18,0,52,667,1,468,775,1,0,12,0,798,47,67,133,4,0,42,0,0,2,0,89,3,14,0,25,1,16,159,1,0,0,0,0,1,46,91,164,486,0,8,411,0,87,0,0
ERR560952,ob_goodrich,OW,1,0,0,412,33,0,1,12,139,0,0,438,2,56,979,0,3,0,11,57,33,3,86,33,64,1,0,354,28,49,1479,0,7,2147,274,1,404,4,128,0,0,12,0,0,0,0,110,97,0,0,1717,49,1,55,96,0,0,108,0,185,2,71,10,384,98,0,57,0,0,4,0
ERR560955,ob_goodrich,H,15,68,0,590,919,0,2,12,85,0,0,15323,133,3,754,0,95,39,18,401,5,17,1449,94,23,6,0,2526,205,0,60,0,0,11,4,1,1543,44,21,0,1,6,5,0,0,0,622,0,0,0,315,27,20,246,1047,492,71,1,0,2318,25,1426,334,398,71,11,24,4,0,0,39
ERR560956,ob_goodrich,OB,0,0,0,1456,289,0,0,3,1434,0,0,2392,24,6,7972,0,0,12,0,169,21,51,462,326,4,0,2,408,77,108,1050,0,0,24,15,350,9,81,0,0,0,0,0,0,0,0,141,1,0,0,0,0,2,284,146,0,0,0,4,5,22,680,176,271,0,0,107,0,3,0,0
ERR560957,ob_goodrich,H,0,9,0,7,200,2,0,22,142,0,5,1441,65,11,2479,0,0,7,0,166,28,5,450,57,7,1,0,136,0,0,650,0,0,53,0,0,1123,11,24,2,0,6,0,0,0,0,765,0,0,472,0,0,4,19,390,967,0,17,0,8,1,1399,1003,154,7,1,7,0,0,4,0
ERR560958,ob_goodrich,OW,1,0,0,0,4,0,0,11,964,0,0,4313,18,109,544,0,0,0,0,461,1262,189,1192,0,876,0,25,0,0,454,3,0,242,94,0,247,7,15,0,0,0,0,0,0,0,0,35,2,7,0,0,3,0,25,1,0,0,0,0,0,2,25,145,498,1,0,398,0,4,0,0
ERR560959,ob_goodrich,OW,3,0,4,321,12203,0,0,0,356,0,6,14345,1510,301,2783,0,105,10,0,1477,3,49,882,35,7,0,5,313,379,0,247,0,0,11,0,1,4186,43,0,3,3,12,11,0,0,0,245,0,0,0,0,0,575,242,933,253,4,87,0,5,7,814,181,44,567,130,25,3,0,5,0
ERR560960,ob_goodrich,H,9,0,0,7866,2736,0,9,12,530,0,1,14404,0,68,759,0,81,6,0,569,1789,14,1698,43,2243,0,0,460,0,63,326,0,0,217,85,58,130,76,94,1,1,20,3,0,0,0,1651,0,0,0,297,1,32,312,10400,0,0,1,0,0,50,154,14,463,6,10,729,0,35,2,2
ERR560961,ob_goodrich,OB,33,1,2,915,3460,0,0,1,171,0,0,1495,715,129,259,0,0,1,13,56,201,12,95,36,29,0,13,165,4,82,185,4,0,8,0,349,155,41,73,3,1,13,1,0,3,0,66,0,4,0,1,0,60,50,9,0,2,0,0,1,33,97,157,88,8,8,89,0,21,1,9
ERR560962,ob_goodrich,H,2,0,4,2279,1354,0,11,16,528,0,98,1986,24,139,1725,0,2,71,0,108,15,16,384,50,54,83,0,2923,283,2,1195,0,0,653,0,25,3090,144,4467,0,1,24,8,22,0,0,327,0,0,0,24,5,13,345,1201,106,0,23,0,1930,12,2059,119,725,315,20,747,0,1,2,0
ERR560963,ob_goodrich,H,2,0,0,702,1624,9,1,24,79,0,1,1576,288,31,545,0,13,54,0,402,300,0,752,12,155,0,0,546,71,195,138,0,0,120,9,1,695,8,155,0,4,4,0,19,14,0,2687,29,0,0,125,6,60,1187,851,0,0,54,0,2276,26,780,550,93,603,5,58,0,36,17,0
ERR560964,ob_goodrich,H,6,0,0,146,629,0,2,3,62,0,0,2848,1,5,962,0,0,0,0,742,73,0,867,12,271,0,0,166,0,84,304,0,0,78,42,0,1134,5,155,0,14,2,0,5,7,0,352,0,0,0,15,3,49,229,219,0,0,0,0,1,3,1317,78,145,105,0,29,0,25,8,8
ERR560965,ob_goodrich,H,0,0,0,216,488,0,2,7,2995,0,0,632,16,29,1673,0,6,15,5,167,592,4,250,3,1586,0,0,1009,54,0,516,0,1,6,1,0,579,10,1440,0,0,21,0,0,19,0,239,0,0,0,334,8,4,107,194,35,0,0,0,32,6,2318,229,406,164,1,193,0,21,12,0
ERR560966,ob_goodrich,OW,52,0,0,1127,1806,0,2,22,83,0,2,1833,141,28,265,0,53,9,0,895,63,7,376,3,48,4,0,408,68,0,124,0,0,481,303,0,766,45,54,0,0,5,0,1,1,0,425,0,1,0,32,17,99,47,336,0,0,35,0,56,7,192,46,619,53,1,68,1,0,2,94
ERR560967,ob_goodrich,OW,3,0,0,77,814,0,1,11,96,0,9,876,164,18,373,0,16,1,0,38,6,15,208,56,48,1,0,121,305,0,56,0,0,1,1669,1,647,39,92,0,0,5,0,14,0,0,160,0,0,0,36,2,5,213,200,0,0,49,0,0,21,349,124,155,179,0,86,0,2,2,0
ERR560968,ob_goodrich,OW,2,0,0,342,1033,0,3,2,659,0,5,2431,125,112,1683,0,20,4,0,60,45,7,686,21,88,0,0,1427,2,0,218,0,34,4,0,1,2565,8,427,0,2,14,2,0,1,0,363,0,1,0,130,17,39,733,217,1,0,60,0,1,5,1801,945,83,486,2,52,1,10,2,0
ERR560969,ob_goodrich,OB,1,0,1,118,332,0,0,0,1079,0,0,12012,0,3,1348,0,0,60,0,11,86,36,235,60,9,0,2,196,0,478,346,0,0,12,0,5,605,66,28,0,80,7,0,0,0,0,657,4,0,0,0,0,18,38,670,0,0,0,0,1,14,1201,0,718,0,6,27,0,1,103,0
ERR560970,ob_goodrich,OW,0,0,7,1,683,0,0,0,731,0,0,6574,4,135,5157,0,1,0,0,54,18,243,298,361,26,0,1,2,0,3,117,0,8,324,2,0,245,343,2,0,0,29,29,0,0,0,779,0,0,0,0,0,24,134,899,0,0,313,0,2,0,1636,2,877,0,4,492,0,0,9,0
ERR560971,ob_goodrich,H,6,0,0,379,548,0,1,6,61,0,1,9930,0,49,413,0,0,4,1,19,59,4,121,4,8,0,0,46,0,3714,213,0,0,3,1139,2,682,37,204,0,0,2,1,0,1,0,263,0,0,0,34,1,14,134,1209,0,1,0,0,104,22,633,158,81,292,0,71,0,0,1,0
ERR560972,ob_goodrich,H,0,7,0,369,320,0,3,2,91,0,7,1747,570,23,943,0,167,325,0,172,0,27,335,23,859,0,0,1152,7,0,348,0,21,221,203,1,841,3,181,0,0,10,1,16,0,0,459,0,0,0,169,8,327,182,403,0,1,1,1,2955,4,1695,222,370,167,1,60,0,0,30,3
ERR560973,ob_goodrich,H,1,0,0,1033,1,0,0,23,108,0,0,5941,613,0,1282,0,0,0,3,26,71,48,1457,7,64,0,0,99,0,389,167,0,0,6,0,10,37,5,0,0,4,12,1,0,2,0,1423,0,0,0,0,0,42,151,0,0,0,0,0,0,20,248,3046,214,0,1,18,0,1,12,0
ERR560974,ob_goodrich,H,13,0,0,232,1995,0,2,0,285,0,6,2352,568,53,1560,0,47,1,0,198,319,61,365,6,209,1,0,552,109,0,508,0,0,101,0,0,1011,10,410,0,38,26,1,0,0,0,183,32,0,0,20,1,40,151,693,1129,2,29,0,1,6,1758,586,91,24,2,111,0,0,3,2
ERR560975,ob_goodrich,OB,1,0,0,0,193,0,1,0,352,0,0,1399,68,83,1654,0,0,10,0,21,371,8,143,49,149,1,0,636,0,1608,254,0,0,0,0,0,1385,3,115,0,0,2,3,0,0,0,178,1,0,0,0,0,6,20,513,0,0,0,0,1890,0,1664,174,223,13,1,40,0,3,2,0
ERR560976,ob_goodrich,H,1,0,2,4,1420,0,4,12,350,0,2,653,44,317,2836,0,3,5,0,247,2047,5,36,2,1227,0,0,840,24,244,1216,0,0,646,471,14,270,7,334,0,0,22,0,0,4,0,192,1,0,0,0,3,6,42,323,17,0,6,5,39,2,106,86,423,12,0,128,0,28,0,0
ERR560977,ob_goodrich,OW,3,0,0,638,3269,0,2,25,2051,0,16,5554,0,2,928,0,0,4,1,95,727,103,537,94,273,0,4,10,155,0,67,0,0,87,36,1548,211,199,337,63,0,11,3,0,9,0,423,0,0,0,87,1,24,142,2499,0,2,424,0,0,16,488,753,379,107,8,249,0,0,0,0
ERR560978,ob_goodrich,H,7,0,0,4271,4207,0,2,4,228,0,15,3410,1246,499,1159,5,54,18,15,392,111,11,186,131,0,8,0,336,0,1470,222,0,0,581,2,0,1785,36,867,10,0,10,4,0,1,0,1027,3,0,0,0,4,26,227,679,0,4,0,20,48,17,594,342,139,97,10,256,1,0,2,0
ERR560979,ob_goodrich,OW,1,0,15,115,332,0,6,0,1395,0,4,2410,748,0,4631,0,16,2,0,117,43,86,1369,55,45,1,0,607,0,1,1173,0,0,13,18,7,1862,16,1839,6,0,40,9,17,2,0,662,0,37,0,1,0,39,80,227,0,0,288,0,2,12,1362,659,353,83,3,135,0,0,3,0
ERR560980,ob_goodrich,OB,15,0,0,87,1463,0,2,5,336,0,0,4883,675,62,423,1,22,4,3,135,371,6,222,14,44,2,0,577,12,538,351,0,0,13,0,0,992,64,305,0,0,7,1,0,0,0,544,12,0,0,98,12,35,450,643,0,0,0,2,0,26,747,263,131,409,2,120,0,1,4,0
ERR560981,ob_goodrich,OW,0,1,0,0,1078,0,5,47,312,0,4,1180,73,19,4506,0,2,10,0,616,358,8,1246,43,80,0,0,3025,0,0,780,0,0,230,1,2,519,11,709,2,2,26,0,0,2,0,828,0,0,0,0,0,5,150,228,113,0,0,0,4,1,3738,423,558,110,5,147,0,32,6,0
ERR560982,ob_goodrich,OW,0,0,0,468,14,0,0,10,1351,0,0,618,10,4,4976,0,0,13,0,88,270,62,205,158,213,0,0,67,2,3,491,0,54,16,16,16,263,80,3,0,8,1,0,0,0,0,462,0,10,0,1,1,0,17,10,0,0,55,0,9,5,4157,21,832,0,4,46,0,8,9,0
ERR560983,ob_goodrich,OW,0,0,7,0,154,0,0,5,587,0,1,343,93,449,2105,2,0,38,0,123,4268,16,98,0,13169,0,0,1452,0,4472,1257,0,13,4,4,0,1826,0,660,1,12,18,0,0,0,0,245,7,2,0,0,1,2,9,128,82,0,0,0,536,1,860,251,944,13,440,29,0,73,113,0
ERR560984,ob_goodrich,H,1,0,0,372,1014,0,2,11,686,0,4,1801,44,1,2985,0,17,6,7,171,337,7,1120,40,282,1,0,646,116,0,899,0,0,5,8,2,173,8,460,0,0,38,0,0,3,0,360,1,0,0,531,64,23,332,101,74,0,41,1,86,5,493,122,612,570,1,138,0,7,2,25
ERR560985,ob_goodrich,OW,0,5,2,870,133,0,0,0,54,0,0,59,4,2399,141,0,0,7,97,237,949,0,6,21,1177,196,0,92,44,21,20,0,0,210,266,4,209,2,185,0,0,10,0,0,0,0,35,1,0,0,1054,54,0,76,13,1,0,2,0,3,3,95,486,55,15,0,25,0,146,2,1
ERR560986,ob_goodrich,OB,4,57,0,27,512,5,1,2,45,0,0,7681,171,17,356,0,0,9,4,75,28,2,884,10,5,1,0,273,0,106,133,0,0,9,0,0,1246,6,1023,0,8,0,2,0,0,0,385,2,0,103,18,1,64,151,208,0,132,0,0,441,6,996,260,99,56,1,67,0,5,1,70
ERR560987,ob_goodrich,H,0,58,68,1,13,3,0,1,136,0,0,127,3,174,3162,1,0,97,0,37,175,23,59,80,208,385,0,396,22,2,1437,0,2379,1744,0,1,1679,1,1686,0,2080,17,4,0,2,0,136,194,0,2,19,3,0,18,17,2,0,2,0,532,0,592,34,803,22,479,217,0,11,603,0
ERR560988,ob_goodrich,H,2,4,0,88,86,0,1,8,839,0,0,1035,2,16,2711,0,0,13,2,54,969,24,367,1,610,0,0,387,32,0,1161,0,9,685,2,1,485,14,240,1,0,22,0,41,8,0,984,0,0,0,209,2,4,293,258,133,0,0,0,1863,1,889,711,1063,8,4,39,0,10,12,0
ERR560989,ob_goodrich,H,2,0,0,0,2706,0,0,14,2406,0,0,21833,1582,37,3142,0,36,11,0,45,22,58,288,78,209,0,0,407,0,0,508,0,0,70,11,92,1588,110,728,7,6,57,14,0,7,0,708,6,0,0,0,1,144,119,1515,1,1,337,0,7,28,1070,593,213,0,165,392,4,0,13,0
ERR560990,ob_goodrich,H,0,0,1,349,154,0,0,131,541,0,1,3222,120,1103,2495,0,0,0,0,30,3,212,419,82,592,0,0,100,0,1840,420,0,316,11,229,5,721,66,1366,0,48,19,31,0,0,0,889,15,0,3,1,0,15,49,98,0,11,0,11,21,19,5779,1,200,0,512,192,0,0,4356,0
ERR560991,ob_goodrich,H,2,0,0,408,282,0,0,7,1115,0,0,621,4,30,3080,0,0,17,3,338,1347,7,119,4,655,0,2,403,9,27,720,0,0,4,1,3,32,0,179,1,0,19,0,0,0,0,140,4,0,0,100,8,2,48,40,0,0,30,0,6,4,2424,2692,1281,30,0,56,0,60,6,0
ERR560992,ob_goodrich,OB,6,0,2,1786,3617,0,1,3,257,0,1,7255,420,822,549,0,44,7,9,93,92,3,735,4,66,97,0,171,201,654,262,2,1,391,506,11,751,109,57,6,1,9,1,0,0,0,190,0,0,0,2530,8,59,459,1879,126,15,6,19,3,6,68,1047,95,160,4,289,0,4,1,1
ERR560993,ob_goodrich,OW,1,0,0,2,3534,2,1,0,180,0,0,5289,129,2,1079,0,9,2,0,701,1218,49,74,4,409,0,0,170,86,2,203,0,0,191,27,8,177,16,431,0,5,16,0,0,0,0,503,4,0,0,16,1,100,43,81,0,0,0,0,1,1,684,996,879,14,2,81,0,20,8,0
ERR560994,ob_goodrich,H,0,0,1,554,4726,0,3,54,242,0,11,4899,1,670,1787,0,0,0,3,607,302,106,40,4,95,62,0,607,0,716,435,0,1,1079,148,0,969,21,1051,0,6,18,2,0,6,0,517,0,0,0,226,5,45,228,772,0,3,0,0,2393,17,480,195,571,269,160,28,3,12,1,0
ERR560995,ob_goodrich,OB,10,0,1,45,38,0,0,1,2706,0,1,1068,2,3,4490,0,1,14,0,158,388,150,379,34,1248,0,32,1167,0,6,1124,0,0,150,44,8,409,83,3023,0,0,163,3,0,0,0,2610,0,0,0,0,0,0,48,161,0,0,587,2,2,2,787,7,2656,1,5,322,0,0,1,0
ERR560996,ob_goodrich,H,50,46,2,272,1044,26,3,15,54,0,0,1845,562,110,357,0,142,94,6,1600,387,2,569,25,317,26,0,1714,304,474,516,0,0,117,122,0,1608,18,306,0,9,5,1,17,1,0,1188,17,0,1,95,6,72,398,448,134,3,8,0,2172,13,1215,907,134,421,5,29,1,26,3,36
ERR560997,ob_goodrich,H,3,0,7,39,1080,3,0,16,1672,0,3,2045,227,1450,4375,2,4,10,0,318,1829,85,510,0,163,144,0,1144,0,255,1855,0,0,2248,48,11,3210,4,2141,2,27,10,1,0,1,0,1457,0,1,0,3323,1,4,16,164,0,0,11,2,8,2,537,1084,861,5,35,35,0,16,7,0
ERR560998,ob_goodrich,H,1,0,0,291,3228,0,0,0,152,0,2,2699,34,45,925,0,66,0,0,12,42,8,250,6,8,0,0,71,287,2,238,0,0,7,11,3,224,1,170,0,0,4,0,0,13,0,80,0,1,0,1,4,826,133,905,0,0,33,0,0,4,264,82,264,177,2,62,0,2,10,0
ERR560999,ob_goodrich,H,59,0,2,459,3938,0,1,2,315,0,22,13380,16,262,1238,2,25,3,0,248,389,58,467,25,271,19,0,581,0,0,537,0,3,48,197,2,3195,48,292,1,18,18,12,0,1,0,697,2,0,0,0,0,86,134,3724,698,28,143,0,3,26,944,179,261,389,67,127,5,31,60,6
ERR561000,ob_goodrich,OB,5,0,0,299,2338,0,1,16,184,0,0,3569,878,1,482,24,14,2,0,174,75,3,818,56,5,33,0,871,0,0,210,0,0,67,22,3,1662,10,318,0,1,27,3,0,2,0,304,0,0,0,1,40,36,247,641,0,45,113,0,1,13,3274,845,355,574,1,165,0,4,0,0
ERR561001,ob_goodrich,OW,10,0,3,0,449,0,2,4,642,0,0,20426,1522,3,2723,1,0,0,0,24,5,45,1908,222,0,0,0,55,0,5280,70,2,0,5,94,17,875,104,396,0,2,27,41,0,0,0,287,7,0,0,0,0,122,41,508,0,60,0,0,2894,16,560,7,95,0,56,106,0,0,21,0
ERR561002,ob_goodrich,H,27,0,16,1,294,0,0,3,224,0,25,10659,84,11,1338,0,91,0,0,48,81,157,783,127,16,4,6,3,0,0,48,0,1,41,119,22,52,156,2,0,55,1,0,0,0,0,989,0,3,4,1,4,64,80,1727,0,10,301,0,1,0,818,84,182,1,107,88,0,10,237,0
ERR561003,ob_goodrich,H,1,0,0,26,1650,0,3,23,152,0,0,3284,0,3,1124,0,0,1,0,310,192,7,375,2,110,0,0,263,1,527,227,0,0,56,31,2,319,31,532,0,0,4,0,0,0,1,2249,15,0,0,8,1,45,1256,0,0,0,69,0,1,5,1775,292,237,53,1,51,1,2,34,2
ERR561004,ob_goodrich,H,44,77,0,0,1409,12,2,0,121,0,2,6015,373,358,1246,13,62,19,0,5507,490,5,188,0,764,46,0,993,19,168,927,0,0,1373,9,2,1620,11,75,0,3458,17,4,6,2,0,1681,0,0,0,26,18,69,264,741,230,126,0,0,3452,8,2380,1772,88,53,169,14,0,62,58,45
ERR561005,ob_goodrich,H,5,0,3,3253,1512,0,5,59,94,1,1,5437,438,94,1181,5,25,6,27,1189,199,23,2182,23,222,50,0,845,130,1,418,0,0,6,122,13,1668,17,486,2,92,11,6,0,4,0,1227,0,0,0,1,1,46,110,690,0,1,122,1,4719,41,1150,380,1006,65,10,329,7,11,2,0
ERR561006,ob_goodrich,OW,2,0,3,4153,219,0,1,4,1257,0,37,1877,186,1948,6071,0,95,49,0,181,130,20,485,3,8,452,1,259,8,10,1242,7,0,48,363,1,123,48,57,0,0,40,3,0,1,0,354,6,1,0,0,0,10,124,323,0,0,0,0,9,12,26,1551,840,88,191,212,7,12,0,0
ERR561008,ob_goodrich,OW,7,0,1,30,142,0,2,9,341,0,1,2346,59,415,650,0,9,6,0,46,517,73,16,2,80,88,0,310,1,4,110,0,0,1,160,6,569,1,720,2,1,3,5,0,0,0,189,0,0,0,0,4,2,21,176,0,2,17,0,3,0,21513,345,120,17,5,89,0,6,1,0
ERR561009,ob_goodrich,H,28,58,2,16,8872,0,2,24,48,0,3,12335,966,14,389,0,63,0,0,737,654,0,1115,4,256,24,0,661,0,2,195,0,0,205,0,1,2256,51,1343,0,193,8,2,0,0,0,112,0,0,0,7,18,36,479,562,0,152,2,0,1,12,2793,600,141,80,13,81,0,75,27,449
ERR561010,ob_goodrich,OW,28,2,0,35,753,0,1,3,24,0,3,499,829,12,351,0,5,0,3,971,577,1,129,1,310,0,0,619,4,0,225,0,0,232,41,6,109,5,172,0,0,7,1,0,2,0,361,0,0,0,158,8,5,1437,72,0,0,0,0,2,1,402,465,68,70,1,24,0,22,0,12
ERR561011,ob_goodrich,H,9,0,0,295,3662,0,1,43,249,0,2,3461,237,9,1730,0,23,0,2,2506,70,2,1126,8,100,0,0,169,247,2,86,0,0,583,0,74,859,110,100,1,0,20,2,0,1,0,309,0,0,0,1562,0,15,388,1954,33,0,57,0,0,9,404,146,286,291,0,103,0,14,0,0
ERR561012,ob_goodrich,OW,0,2,0,227,1890,0,1,12,594,0,0,1679,157,8,2727,0,2,13,0,138,640,0,274,73,1487,0,4,789,0,252,288,0,1,24,28,3,219,9,31,0,17,7,0,0,0,0,288,1,0,0,0,1,4,1487,12,0,0,102,3,11,6,1326,61,276,262,0,92,0,1,57,0
ERR561013,ob_goodrich,H,2,4,0,2,77,0,0,13,239,0,0,1030,29,5,495,0,11,1,0,8,12,0,131,5,0,0,0,417,0,38,134,0,0,83,0,0,474,6,54,0,0,8,0,3,0,0,218,15,0,0,3,2,33,166,76,0,0,0,0,740,11,170,128,199,219,0,15,0,0,4,2
ERR561014,ob_goodrich,OB,1,0,0,133,433,0,0,52,120,0,0,3355,120,10,553,0,6,46,0,122,153,5,279,5,241,0,0,198,0,13,38,0,27,1,28,8,102,20,175,0,0,4,0,0,0,0,203,0,0,0,13,16,33,59,571,0,0,42,0,7,2,38,476,214,227,5,43,0,17,8,5
ERR561016,ob_goodrich,H,10,0,0,482,286,0,0,33,36,0,2,1062,49,16,726,0,0,4,6,396,224,11,842,1,29,0,0,290,447,408,368,0,35,41,0,14,906,48,1052,0,5,7,2,0,3,0,368,1,0,0,0,2,6,92,8,0,0,0,0,0,30,1274,251,201,20,78,28,1,3,88,0
ERR561017,ob_goodrich,H,0,0,0,128,3101,0,5,5,568,0,12,4557,60,12,1277,0,5,0,1,990,363,3,208,8,176,0,0,1184,28,0,97,0,0,20,0,0,1159,52,0,0,0,17,0,0,7,0,739,0,0,0,193,2,22,210,180,0,0,59,0,1,7,1129,290,279,639,0,75,0,4,2,1
ERR561018,ob_goodrich,OB,3,0,0,175,818,0,1,1,292,0,0,4150,360,89,687,1,11,8,72,290,176,0,185,34,154,0,0,869,0,404,119,0,0,357,0,2,839,8,146,0,0,0,0,0,0,0,219,0,0,0,0,0,12,321,321,0,1,0,0,1,4,1875,262,165,120,1,19,0,1,0,4
ERR561019,ob_goodrich,H,11,0,8,632,1253,110,2,9,77,0,25,6805,0,1629,1203,0,0,3,0,263,718,18,121,6,522,360,0,420,18,575,449,1,5,228,8347,56,857,5,139,2,120,9,3,0,1,0,370,5,0,0,0,1,6,66,358,0,3,97,0,1,1,1979,252,89,23,136,347,0,177,24,0
ERR561020,ob_goodrich,OW,24,59,0,3340,3364,0,0,4,41,0,1,12606,142,251,254,6,26,15,4,280,372,14,95,4,293,24,107,809,232,3,136,0,3,1076,242,7,1231,165,543,0,6,6,2,0,4,0,343,0,1,0,104,12,32,335,1217,0,14,3,24,35,28,746,659,247,28,13,76,2,33,2,2
ERR561021,ob_goodrich,H,0,0,0,1,1545,0,2,20,227,0,3,2769,146,56,3173,0,0,4,0,320,20,10,303,15,56,1,0,791,2,1,466,0,0,63,1,6,103,18,647,0,2,5,0,0,0,0,741,0,2,0,59,1,19,463,921,0,0,60,2,1,7,1544,670,269,29,3,99,0,12,12,0
ERR561022,ob_goodrich,H,2,0,0,2,383,3,2,0,670,0,3,1635,1,0,4617,0,1,235,0,12,31,12,408,80,4,0,0,176,0,27,637,0,0,564,0,8,97,11,1176,0,0,4,0,0,3,0,566,1,1,0,2,0,17,116,401,390,0,0,1,2656,2,377,92,261,632,1,38,0,0,0,0
ERR561023,ob_goodrich,OW,2,0,0,339,841,0,7,0,472,0,1,2009,107,0,815,0,10,12,1,403,65,13,910,97,10,0,0,40,0,0,74,0,32,9,6,47,341,135,175,1,0,10,0,0,0,0,914,0,1,0,710,27,16,259,114,0,0,69,1,140,32,183,91,126,25,2,164,0,0,1,1
ERR561024,ob_goodrich,OW,1,216,2,274,5642,0,3,7,97,0,10,19227,2748,656,265,1,0,0,0,165,504,4,81,1,504,20,0,179,28,0,302,0,63,9,438,0,1849,26,313,0,499,2,3,0,0,0,290,0,0,0,91,1,11,191,1185,0,0,0,8,12,1,349,88,124,12,7,30,0,49,27,0
ERR561025,ob_goodrich,H,0,0,5,9,223,0,0,10,37,0,0,581,1,1,955,0,2,1,0,112,238,63,158,1,101,1,0,853,4,302,157,0,0,49,774,1,193,1,151,1,0,5,0,0,1,0,1563,16,0,0,0,0,15,91,18,0,0,0,0,1130,1,195,86,115,15,3,33,0,5,8,0
ERR561027,ob_goodrich,H,1,0,0,381,1037,0,0,79,557,0,14,2830,198,26,1243,0,5,13,0,72,28,65,109,169,75,0,0,505,0,0,250,0,0,2,0,17,513,2,84,3,0,29,0,0,0,0,486,0,0,0,0,5,10,94,99,270,0,223,0,0,2,388,106,165,180,0,32,0,0,3,0
ERR561028,ob_goodrich,H,5,1,1,216,55,0,0,5,764,0,0,2873,746,271,1121,0,0,8,0,218,288,31,42,40,139,0,0,628,36,563,110,0,21,18,33,58,989,4,197,0,24,4,0,0,0,0,601,0,0,0,0,0,28,57,0,0,0,1,0,30,23,136,107,413,107,41,457,0,0,2,8
ERR561029,ob_goodrich,OW,0,0,12,5113,82,0,1,1,1787,0,19,652,32,1056,923,0,6,7,1,83,297,3,37,3,27,0,0,275,1,0,429,0,0,4,2888,71,25,14,267,43,1,14,0,0,0,0,288,0,0,0,10310,66,5,6,34,0,5,1,0,0,1,49,72,84,3,405,86,0,0,2,0
ERR561030,ob_goodrich,H,13,0,0,659,7537,0,3,3,41,0,2,2939,960,61,311,0,1,10,50,250,1516,2,1242,27,730,0,0,351,0,8670,175,0,0,32,9,37,1162,9,218,1,136,5,11,0,1,0,1213,6,1,0,366,7,42,355,724,754,8,0,11,3810,7,473,74,105,506,3,28,2,29,107,1
ERR561031,ob_goodrich,H,25,0,0,1804,3330,0,0,4,14,0,27,3794,285,42,469,20,0,2,0,334,201,0,155,7,66,10,0,663,8,81,103,0,7,25,446,5,979,27,402,0,1,3,2,0,0,0,358,0,0,0,48,2,31,80,339,0,13,19,0,0,13,233,693,91,123,0,32,8,16,0,3
ERR561032,ob_goodrich,OB,19,1,1,2444,1259,0,5,0,113,0,1,4877,137,132,1177,0,19,1,0,466,31,7,181,31,2,0,6,246,193,0,133,0,0,27,44,1,717,10,348,1,0,22,3,0,0,0,351,2,0,0,1,5,34,340,101,0,2,0,0,0,2,231,11,344,323,4,143,0,6,0,0
ERR561033,ob_goodrich,H,10,0,0,241,3832,0,1,33,62,0,15,14517,2380,11,790,0,12,10,0,111,2,2,721,80,1,0,0,529,7,0,182,0,0,31,13778,6,1378,8,209,0,3,7,5,0,2,0,1440,1,1,0,24,2,139,349,682,0,49,95,0,4,13,1399,1226,220,28,4,86,0,0,4,0
ERR561034,ob_goodrich,OB,0,944,1,0,165,0,0,0,9,0,0,1342,0,3,804,0,0,0,0,0,56,18,250,7,95,0,0,280,176,83,231,0,0,12,429,1,266,12,538,0,8,0,0,0,0,0,68,60,0,42,0,1,0,5,903,0,0,41,0,0,0,443,1,180,1,178,9,0,0,598,0
ERR561035,ob_goodrich,H,0,1,0,45,422,0,2,244,18,0,0,8085,74,0,330,0,5,3,0,77,78,8,1601,18,815,0,0,1412,0,0,213,0,0,278,0,5,84,33,1351,0,2,6,0,0,0,0,300,0,0,0,0,0,17,130,564,0,0,1,0,1512,6,1031,337,224,96,1,153,0,49,1,0
ERR561037,ob_goodrich,OB,3,0,0,793,656,0,5,1,251,0,2,695,179,198,1012,0,4,2,0,87,98,6,368,33,93,3,4,1311,6,3310,213,0,0,1,3,2,1028,31,504,1,0,16,2,0,2,0,207,0,0,0,3,0,17,80,25,287,0,18,0,3743,3,1304,94,146,130,2,168,0,0,2,1
ERR561038,ob_goodrich,OB,0,0,2,0,22,0,0,0,143,0,0,12733,105,1252,885,0,0,8,0,1,589,5,3750,82,28,99,0,302,0,999,474,0,0,404,45,0,504,0,64,0,0,2,0,0,0,0,398,3,0,11223,1,0,2,2,1,0,124,0,0,4,0,8508,5,650,2,28,1,12,0,15,0
ERR561039,ob_goodrich,H,1,0,0,428,727,6,1,12,40,0,1,1662,107,14,305,0,4,2,0,600,65,0,124,1,151,0,0,939,0,0,213,0,31,92,25,6,252,25,183,0,0,2,0,0,0,0,478,22,0,0,17,20,9,806,154,58,0,133,3,3,2,103,223,201,656,0,77,0,8,0,25
ERR561040,ob_goodrich,H,1,0,0,3,1667,0,0,0,154,0,4,17942,44,0,228,0,426,4,0,12,22,14,406,20,23,37,33,11,207,9,158,0,0,27,1823,10,18,9,24,0,0,8,0,0,0,0,502,0,0,3,0,0,64,89,207,0,0,4,51,33,5,52,8,375,157,0,331,0,0,0,4
ERR561041,ob_goodrich,OW,3,0,0,49,1702,0,2,29,571,0,2,5427,22,0,2318,0,0,882,0,735,16,1,2250,78,2,0,0,272,13,0,741,0,0,206,12,5,393,19,946,0,0,18,2,0,1,0,609,0,1,0,0,2,21,187,800,0,0,150,0,1,16,3016,1201,1080,48,0,111,0,0,7,0
ERR561042,ob_goodrich,OB,8,396,0,0,247,0,1,5,961,0,0,1927,49,157,5188,0,0,13,0,252,782,2,93,1,111,0,0,368,0,763,658,0,25,0,1,4,700,7,111,0,13,30,0,0,0,0,182,234,0,0,0,16,8,26,30,0,0,16,9,13,0,2545,13,743,8,49,143,0,5,15,0
ERR561043,ob_goodrich,H,0,0,0,1,867,0,0,5,1248,0,0,7098,0,13,1086,0,33,5,0,40,54,6,108,10,5,0,0,111,0,131,144,0,0,1,0,0,430,89,0,0,0,15,0,0,0,0,23,0,0,0,0,0,37,51,0,0,0,0,1,0,8,259,1,243,0,1,61,0,0,8,0
ERR561044,ob_goodrich,H,0,280,2,3,259,0,1,4,146,0,15,2578,258,488,954,14,38,1296,3,306,64,1,200,50,408,29,0,564,299,10,327,0,0,795,3,2,2830,77,254,0,100,11,0,16,10,0,693,4,0,0,334,150,2,792,1358,62,1,1,58,1021,42,1602,1351,121,525,4,30,0,1,21,9
ERR561045,ob_goodrich,H,1,1,0,62,1660,0,0,20,31,0,5,1246,18,40,211,0,60,2,3,52,29,18,873,7,128,0,0,411,473,7,64,0,0,2,3,4,111,48,77,0,2,10,0,2,1,0,72,2,0,0,280,52,5,720,468,67,0,49,0,17,45,37,158,43,752,0,38,0,0,0,26
ERR561046,ob_goodrich,H,1,0,0,2,53,0,0,0,46,0,0,4135,83,2,364,0,0,2,0,44,737,21,1598,12,320,0,0,207,0,0,713,0,0,7,52,0,57,87,154,0,0,15,0,0,0,0,1013,0,1,0,0,0,17,443,1271,142,2,0,0,1,2,924,0,265,1,0,10,0,7,0,0
ERR561049,ob_goodrich,OB,10,26,20,583,226,0,4,0,1746,0,30,522,6,1450,7854,0,24,732,0,896,953,2,417,8,1006,253,0,1366,451,1,2892,0,4,840,17,4,4026,4,697,1,27,124,3,0,4,0,454,16,1,0,3,1,2,31,171,196,1,2,0,2409,2,2421,1284,1694,35,732,282,0,241,2,0
ERR561050,ob_goodrich,H,1,0,0,15,211,0,0,22,391,0,1,2960,72,71,1417,0,0,2,0,126,593,0,260,1,296,0,0,1319,0,233,333,1,0,21,0,8,2140,7,600,0,0,5,0,0,1,0,781,215,0,0,0,0,3,321,679,0,0,0,0,0,1,2346,1207,220,39,1,13,0,41,10,0
ERR561051,ob_goodrich,OW,19,0,0,763,2628,0,3,1,96,0,0,2869,378,56,206,0,12,52,2,577,371,1,92,0,310,0,0,225,284,203,415,0,0,118,13,0,612,4,818,0,0,9,0,55,3,0,69,0,0,0,259,1,40,571,194,133,0,0,0,0,2,1249,225,227,64,2,233,0,36,5,3
ERR561052,ob_goodrich,OB,0,0,0,629,3379,0,5,7,3,0,2,1260,0,0,276,0,0,1,0,271,23,0,114,6,37,0,0,165,1,0,11,0,0,56,63,4,51,35,335,0,0,1,0,0,0,0,334,0,0,8,16,13,35,692,195,0,1,88,1,34,9,94,547,47,156,0,23,0,6,0,127
ERR561053,ob_goodrich,H,0,0,1,227,348,0,1,41,178,0,0,1033,62,3,3135,0,4,621,0,478,554,55,220,2,920,0,0,1534,6,139,645,0,0,308,1,3,90,22,888,0,0,25,0,0,6,0,460,0,0,0,43,5,6,161,153,23,0,6,0,429,4,5239,638,757,78,0,103,0,5,1,0
ERR561054,ob_goodrich,H,20,0,3,717,2148,0,9,18,154,0,25,7954,40,1,972,0,0,0,4,2406,25,27,1536,66,29,11,0,291,0,1,295,0,0,121,0,3,4455,33,6,0,1,5,14,0,0,0,307,0,0,1,20,0,189,423,1305,0,215,223,0,4137,27,266,92,140,387,8,8,0,0,11,207
ERR561055,ob_goodrich,H,0,1,0,946,510,3,0,1,197,0,0,3034,54,29,432,0,18,1,0,252,556,7,274,0,731,0,0,949,286,1,107,0,0,9,20,2,287,6,77,0,0,13,3,15,0,0,304,0,0,0,121,2,23,659,771,0,0,0,57,42,5,396,288,137,230,1,19,1,53,1,16
ERR561056,ob_goodrich,H,1,0,6,14,1390,0,0,7,317,0,0,7290,856,1745,464,1,11,9,8,69,1472,4,227,0,582,81,0,390,0,67,244,2,0,1,8,2,1665,11,174,3,2,4,0,0,1,0,336,330,0,0,1229,1,8,42,141,0,3,1,1,1,6,650,804,80,103,70,51,1,33,12,0
ERR561057,ob_goodrich,OW,0,0,11,1,104,0,0,5,425,0,3,337,47,1652,2531,0,0,14,0,469,1630,5,53,1,590,259,0,256,0,1264,564,0,0,1,11,1,5795,0,1967,5,88,32,4,0,2,0,110,22,0,0,0,2,1,3,23,0,6,0,0,1,0,820,219,142,8,332,104,0,37,87,0
ERR561058,ob_goodrich,OW,4,0,0,642,337,8,3,30,11,0,4,2765,133,1,375,0,6,0,3,752,685,134,2377,17,648,1,0,400,0,638,161,0,5,17,0,3,280,44,107,0,21,5,8,12,1,0,559,0,2,0,9,0,17,850,79,0,0,0,0,0,16,1863,344,36,427,1,25,0,45,17,0
ERR561059,ob_goodrich,H,26,6,1,3460,662,0,0,4,447,0,50,5296,872,285,295,0,80,1,18,650,269,687,516,61,745,0,0,122,593,465,48,0,93,64,1642,51,368,224,3,2,2,17,0,0,2,0,206,1,0,0,765,4,47,271,1096,150,0,2,1,12,35,228,162,1135,31,7,935,0,115,0,0
ERR561060,ob_goodrich,OW,0,31,0,1,346,6,1,1,60,0,0,13130,126,0,719,0,0,4,2,97,40,0,1411,9,12,0,0,459,0,99,186,0,0,12,0,0,298,6,1434,0,2,4,0,0,0,0,497,5,0,77,6,0,46,155,370,0,156,0,0,206,0,973,392,147,30,0,101,0,5,1,78
ERR561061,ob_goodrich,H,2,0,7,2517,498,0,3,1,631,0,36,1496,1,348,2415,0,0,14,26,182,849,4,355,8,48,28,0,452,0,1,726,0,0,2,73,4,4815,6,82,6,16,47,2,0,1,0,659,0,0,0,45,0,0,38,213,0,45,29,0,3,10,3198,377,661,504,4,94,0,37,13,0
ERR561062,ob_goodrich,OW,1,0,0,0,178,0,0,4,539,0,0,5863,0,3,1212,0,0,6,0,46,14,13,932,201,22,0,2,213,0,0,204,0,0,2,0,1,215,197,487,0,0,8,0,0,0,0,543,1,0,0,0,0,59,323,40,0,0,64,0,0,0,1799,2,350,0,0,158,3,0,2,0
ERR561063,ob_goodrich,H,10,0,0,3041,5293,0,2,62,350,0,0,4738,717,627,342,0,41,2,11,335,294,0,337,11,143,0,0,468,1,331,193,0,0,71,151,1,1324,47,135,0,7,13,5,0,2,0,240,0,0,0,69,23,46,503,810,0,11,45,1,4,17,4408,227,127,191,0,87,0,24,0,0
ERR561064,ob_goodrich,H,0,0,0,0,48,0,9,0,22,0,1,422,4,2,385,0,1,431,0,71,6,1,26,1,2,0,0,82,20,1,130,0,0,39,2,5,53,5,39,0,0,1,0,0,0,0,147,0,0,0,0,0,5,171,3,0,0,4,0,0,10,1029,42,467,11,0,88,0,1,0,0
ERR561065,ob_goodrich,H,4,0,0,6,723,0,0,25,2218,0,3,3264,0,102,4154,0,0,11,0,123,293,31,707,141,2,0,1,117,1,301,525,9,0,66,2,31,170,95,2,7,0,91,1,0,6,0,332,8,0,0,0,0,26,300,46,0,0,0,0,1,7,1464,403,691,48,9,80,0,8,2,0
ERR561066,ob_goodrich,OW,25,0,0,222,11734,0,0,0,441,0,0,12676,2801,2,1611,0,493,0,0,25,203,32,1814,142,29,0,1,12,0,1082,67,0,0,33,935,0,117,447,0,0,0,0,45,0,0,0,871,0,0,0,0,0,56,276,1,0,0,0,20,63,42,2384,13,396,0,2,87,8,0,0,0
ERR561067,ob_goodrich,H,235,2485,4,641,4640,6,1,0,835,0,0,10782,49,195,3722,0,225,4,0,80,581,240,950,15,18,0,2,13,0,0,823,0,0,36,7,0,2981,60,3,0,1,65,16,0,0,0,1001,55,1,1,0,0,35,64,3669,6912,0,0,1,1525,16,1564,0,1039,5,96,71,2,1,0,0
ERR561068,ob_goodrich,OW,0,0,0,0,1352,0,0,54,638,0,0,371,34,8,3979,0,1,3,0,226,31,2,241,54,8,0,0,993,0,44,594,0,0,38,6,13,161,8,1426,0,0,29,0,0,2,0,231,0,0,0,0,2,1,337,0,0,0,18,0,3,3,2994,193,729,6,0,55,0,0,0,0
ERR561069,ob_goodrich,H,0,0,0,2659,245,0,0,3,988,0,0,845,44,7,11242,1,0,4,0,42,1474,0,67,5,3682,0,0,1020,0,240,869,0,0,36,2,0,152,2,408,0,40,17,0,0,0,0,168,0,0,0,1,0,2,337,1,0,0,12,0,366,2,1702,578,282,243,0,44,0,2,41,0
ERR561070,ob_goodrich,OB,3,67,0,3,1137,0,0,10,1024,0,1,8579,822,55,482,0,0,4,0,33,402,6,1212,25,3,0,0,79,0,6,355,0,0,117,67,344,62,56,337,1,0,2,0,0,0,0,635,260,0,0,0,1,133,190,2208,0,0,34,63,31,0,51,9,483,0,21,272,0,0,1,0
ERR561071,ob_goodrich,H,3,0,7,9596,94,0,0,2,305,0,6,5229,51,498,156,0,17,23,0,36,265,24,200,1,47,0,149,60,1,4,342,0,0,76,15375,135,62,156,10,0,0,3,4,20,0,0,60,0,0,0,5,32,1,464,52,0,0,128,4,16,3,415,63,420,17,1,866,0,17,0,0
ERR561072,ob_goodrich,OW,1,0,0,3,676,0,0,9,133,0,7,2286,2,130,776,0,0,1,0,57,30,1,223,32,76,0,15,110,1,836,102,0,0,68,123,49,1364,90,2,5,0,4,1,0,0,0,76,38,0,0,2,2,0,59,0,1,0,0,0,8,0,1117,20,151,5,106,151,0,5,7,1
ERR561073,ob_goodrich,H,0,0,0,0,261,0,0,7,377,0,11,2782,300,175,942,0,2,6,0,38,60,9,80,65,204,0,0,209,180,420,206,0,0,124,732,9,1414,23,1048,7,0,17,0,0,0,0,211,0,0,0,1,0,6,66,160,0,0,0,0,0,5,351,73,31,57,0,87,0,44,1,0
ERR561074,ob_goodrich,OW,9,0,0,987,2165,0,3,3,102,0,0,2384,350,583,328,0,7,0,2,303,142,2,36,3,299,33,0,225,305,42,177,0,0,54,591,6,1198,9,206,16,38,4,2,20,0,0,393,6,0,0,76,50,63,157,283,0,42,3,0,0,33,168,533,74,43,0,69,2,26,2,60
ERR561076,ob_goodrich,H,1,0,0,5,547,0,0,15,1699,0,2,245,26,144,7597,0,0,1255,0,72,337,12,83,33,82,1,0,494,1,368,907,0,0,14,2,6,1206,4,601,0,0,73,0,0,4,0,285,11,0,0,0,1,2,72,72,0,0,0,1,5,2,1795,175,650,29,0,128,0,6,1,0
ERR561077,ob_goodrich,OB,0,0,0,0,1097,0,0,5,185,0,0,2686,121,14,908,0,0,1,0,264,227,3,177,3,1050,0,0,257,0,0,384,0,0,166,0,0,444,4,1,0,0,12,0,6,0,0,830,4,0,0,7,22,14,187,81,0,1,37,0,0,0,1117,653,170,135,0,75,0,3,1,0
ERR561078,ob_goodrich,H,21,0,1,862,4222,0,2,0,86,0,0,9224,2738,110,423,0,29,1,32,193,423,1,1544,5,505,20,0,1222,0,165,92,0,0,1,1,3,1360,8,365,0,244,8,0,0,0,0,656,0,0,0,10,0,135,83,1396,0,104,133,2,10,5,2090,1148,152,131,1,5,0,11,9,10
ERR561080,ob_goodrich,OW,210,0,39,4486,63,0,0,3,415,0,29,664,20,29,13661,0,0,31,0,35,406,98,917,205,91,1406,0,346,2,2,1794,0,1,346,3,31,1491,4,9184,90,1,278,15,0,0,0,1294,1,0,0,25,2,0,22,118,0,3,2,5,100,1,1996,601,254,4,24,30,0,2,1,0
ERR561081,ob_goodrich,H,0,0,1,1,108,0,0,0,612,0,0,668,8,106,5493,0,0,0,0,5,275,27,74,83,6,2,0,229,0,82,919,0,0,8,1,0,622,22,1218,0,0,0,0,0,0,0,157,0,0,0,0,0,0,4,53,0,0,1,0,0,0,3799,20,579,1,24,103,0,0,4,0
ERR561083,ob_goodrich,H,2,20,0,328,429,0,0,1,127,0,2,758,52,20,1367,0,3,751,0,129,2191,4,788,0,733,1,1,1625,0,0,1137,0,0,263,0,2,152,12,55,2,0,23,2,70,0,0,449,128,2,0,0,2,7,110,376,8,0,0,0,144,0,176,135,1213,66,7,294,0,32,3,0
ERR561084,ob_goodrich,OW,24,10,1,1255,873,0,3,2,478,0,23,1372,204,3,6326,0,4,11,0,113,6,7,391,35,9,0,0,236,1,0,616,0,0,29,1668,2,1580,34,2031,4,0,28,7,0,1,0,466,0,0,0,1,3,5,36,181,34,1,2,0,10,4,612,1144,233,24,11,113,1,0,0,1
ERR561085,ob_goodrich,H,6,0,0,378,1543,3,4,11,648,0,3,3140,99,41,4917,0,3,43,0,92,2667,7,1235,14,904,0,0,1937,515,3819,1810,0,0,513,0,1,868,12,822,0,23,23,0,36,8,0,689,6,4,1,231,2,17,130,549,64,0,64,4,1774,2,3901,640,1194,150,2,171,0,61,55,0
ERR561086,ob_goodrich,OW,0,0,0,18,623,0,0,4,764,0,0,1598,186,3,6728,0,5,23,0,364,58,11,316,6,13,0,0,874,5,2,2406,0,0,261,10,2,160,26,567,0,0,101,0,0,0,0,589,0,2,0,27,1,34,198,348,78,0,98,0,1287,0,832,407,3575,157,1,54,0,0,1,11
ERR561087,ob_goodrich,OB,0,0,26,0,515,7,0,16,330,0,2,3758,118,3301,8310,0,0,38,0,120,2538,558,86,0,1599,287,0,1,0,8,770,0,0,49,1,3,1571,61,1156,11,0,153,7,0,0,0,708,0,0,0,1,1,10,63,488,0,0,0,22,2,0,512,377,19,0,53,90,0,16,0,0
ERR561088,ob_goodrich,H,36,0,0,470,732,0,1,24,125,0,23,11946,8,117,1830,0,0,13,0,29,21,52,1055,147,1,0,24,59,1,1,348,0,1207,49,200,37,1562,86,167,7,0,53,13,1,0,0,177,0,0,0,1,1,47,116,509,0,10,0,0,0,13,384,338,882,17,1,243,0,0,26,0
ERR561089,ob_goodrich,OW,16,0,0,4047,626,76,2,5,26,0,6,4889,349,152,427,7,3,3,0,389,198,3,401,21,271,0,8,726,0,674,207,0,36,126,26,15,1710,70,209,0,13,5,0,0,0,0,201,1,0,95,0,6,2,562,56,0,0,0,0,2225,27,907,69,350,68,152,218,0,1,1425,0
ERR561090,ob_goodrich,OB,4,0,0,216,491,0,2,2,52,0,2,2198,291,16,526,0,20,13,12,173,486,2,431,9,191,0,0,978,92,386,44,0,0,10,2,3,503,10,160,0,8,3,0,4,0,0,669,0,0,0,151,37,19,502,1008,211,0,44,0,0,8,1045,709,23,492,15,20,0,8,111,0
ERR561091,ob_goodrich,H,6,0,1,0,2881,0,5,28,588,0,0,12644,3333,3,339,0,136,3,2,73,2,6,102,108,1,18,0,380,15,0,139,0,0,204,81,1,1384,43,584,0,1,7,7,0,0,0,867,0,26,0,46,31,194,355,2982,0,37,190,0,2,16,1005,123,288,156,8,84,0,1,1,42
ERR561092,ob_goodrich,OW,3,0,0,165,409,0,0,5,145,0,2,4176,150,516,552,0,10,1,17,34,4,0,259,37,40,0,0,213,0,243,101,0,0,1,0,1,1025,4,405,0,46,1,0,0,3,0,491,0,0,1,1,1,30,127,522,0,0,3,0,14,0,701,457,55,140,7,73,0,0,59,0
ERR561093,ob_goodrich,H,0,12,0,401,136,11,0,2,74,0,0,551,48,24,389,0,7,81,0,145,56,4,522,28,64,4,0,3020,84,477,198,0,1,8,2,1,365,29,130,0,1,4,0,0,2,0,249,11,0,13,47,30,1,200,334,197,0,6,0,1648,14,373,98,157,144,0,19,0,0,5,1
ERR561094,ob_goodrich,OB,0,0,0,213,805,0,0,111,100,0,0,6194,664,15,473,0,0,0,0,12,6,11,303,10,0,0,0,30,0,0,65,0,0,6,4,8,738,39,92,0,0,0,0,0,1,0,266,0,1,0,0,0,28,510,892,0,0,0,0,0,9,419,537,37,2,0,4,2,0,0,0
ERR561095,ob_goodrich,H,16,0,0,1227,3035,0,1,19,35,1,8,9472,987,0,437,0,63,1,0,526,5,4,528,8,0,4,0,10,0,0,5,0,0,44,1197,24,586,22,75,0,0,7,3,0,0,0,59,4,1,0,779,0,27,53,3254,0,14,61,0,1,19,74,931,86,129,23,352,2,0,0,0
ERR561150,ob_goodrich,H,1,0,0,67,1258,0,4,57,2148,0,2,4775,309,137,3092,0,39,57,4,449,142,31,445,33,159,0,0,1075,0,561,625,0,1,19,3,5,1077,18,108,1,0,25,2,0,0,0,294,0,1,0,57,0,84,70,1127,0,0,0,1,5,3,2317,239,558,164,2,17,0,1,2,0
ERR561151,ob_goodrich,OW,0,0,0,305,2044,0,0,5,1068,0,12,4830,1,0,2183,0,1,86,1,44,35,31,340,26,9,22,0,295,0,170,459,0,0,15,65,0,955,4,247,0,0,18,1,0,0,0,348,0,0,0,0,0,2,132,7,0,0,0,1,161,0,2005,13,956,7,2,64,0,0,1,1
ERR561152,ob_goodrich,OW,0,1,0,0,951,0,1,0,265,0,3,3832,527,25,1088,0,25,12,0,324,478,17,355,12,982,7,0,1509,1,75,204,0,2,8,0,1,1825,1,462,0,117,6,0,0,0,0,371,0,0,1,7,0,87,247,298,2,0,15,0,0,4,5015,707,140,82,0,28,1,135,22,6
ERR561153,ob_goodrich,H,1,3,1,1848,375,0,4,1,103,0,14,112,11,491,476,0,5,11,0,37,12,32,72,25,19,18,0,287,22,0,405,0,0,460,0,17,153,16,190,2,0,55,0,17,0,0,35,0,1,0,2,1,0,184,10,22,0,1,0,2,3,37,216,311,153,1,124,0,1,0,0
ERR561154,ob_goodrich,OW,85,9,0,297,2255,0,0,58,929,0,6,3430,474,1,2289,0,89,12,0,1467,31,27,1117,268,10,10,0,238,0,0,461,1,0,80,19,501,302,164,1348,2,0,27,4,0,0,0,281,0,0,0,0,4,104,609,352,329,0,0,0,512,26,1244,571,460,1,0,221,3,0,0,0
ERR561155,ob_goodrich,OW,1,0,0,303,278,2,3,2,148,0,0,210,14,12,515,0,2,1,0,183,476,2,458,4,484,0,0,1020,279,327,356,0,0,123,0,2,14,0,24,0,2,0,1,0,3,0,95,7,0,0,175,1,9,389,176,267,0,14,0,933,1,406,266,117,46,0,43,0,107,2,21
ERR561157,ob_goodrich,OB,5,0,3,3,2193,5,7,0,40,0,3,8900,1069,1,2683,0,0,18,0,38,352,6,1148,455,92,5,0,387,0,2,566,0,0,0,2,4,1813,29,1264,0,106,54,1,0,0,0,22,54,2,0,0,1,284,134,1950,1,3,75,0,1,1,785,1,279,1,9,45,0,55,9,0
ERR561158,ob_goodrich,H,24,0,0,13,1952,0,0,17,466,0,5,7632,0,3,2471,0,11,33,0,41,50,24,779,29,4,0,17,672,0,1,873,1,0,46,6,15,1201,319,403,5,0,10,0,0,0,0,354,1,5,672,1,0,49,151,1431,0,0,146,3,7,0,1571,15,746,1,0,204,0,1,0,0
ERR561159,ob_goodrich,OW,63,5,0,42,3963,9,0,1,300,0,6,2859,801,21,614,1,46,1,1,84,255,0,175,5,327,7,1,760,350,762,368,0,0,98,33,24,863,8,491,0,166,12,1,0,0,0,480,0,0,0,0,2,144,222,806,0,0,0,0,976,6,216,332,133,545,3,106,3,35,109,30
ERR561160,ob_goodrich,H,7,0,0,2652,2270,0,3,25,338,0,1,1713,252,61,1313,0,33,28,0,862,284,25,950,15,135,0,0,535,0,2,578,0,0,3,1,11,784,5,675,0,2,9,1,0,1,0,911,0,2,1,48,45,28,263,335,0,0,169,0,1,3,3102,574,608,223,2,66,0,30,29,0
ERR561161,ob_goodrich,H,2,0,0,285,1508,0,7,5,192,0,14,4008,202,27,1339,0,132,24,0,785,102,7,1262,13,116,0,0,246,373,0,340,0,0,95,104,31,1605,14,69,0,2,75,0,0,8,0,1011,0,3,0,152,126,44,318,3763,1031,0,59,0,1,7,785,680,114,712,1,35,0,6,3,14
ERR561162,ob_goodrich,OW,8,0,0,35,7529,0,2,33,176,0,6,2182,458,66,759,0,94,46,1,241,282,0,105,2,73,5,0,768,284,25,303,0,0,95,12,1,1274,19,359,0,8,8,0,0,0,0,688,0,0,0,100,0,79,129,230,0,0,73,0,4,27,959,264,109,113,0,29,1,13,9,532
ERR561163,ob_goodrich,H,2,0,3,4,10,0,0,0,234,0,0,25377,1,131,5231,0,0,0,0,4,3361,1260,2468,16,361,0,16,19,0,306,16,0,0,684,3,1,1,106,2,0,25,4,6,0,0,0,2767,0,0,0,1,0,6,2,5368,0,0,0,0,3,6,1885,0,45,1,0,123,0,1,1,0
ERR561164,ob_goodrich,OW,55,0,1,2089,2229,0,3,17,286,1,17,6144,748,138,587,1,145,10,4,913,78,25,277,27,6,5,0,125,0,2,31,0,0,12,1,6,861,27,376,0,52,2,1,0,5,0,321,0,0,0,0,0,3,204,187,0,0,83,1,0,43,424,363,18,303,196,16,0,1,24,0
ERR561166,ob_goodrich,OB,5,0,0,77,3218,0,5,6,99,0,11,13792,115,274,874,5,294,32,0,328,90,7,1016,298,4,38,0,623,0,0,338,0,0,341,1,0,6493,38,757,1,14,38,4,0,0,1,4291,4,0,0,0,0,262,226,1567,0,1,1102,0,13221,23,2609,1276,1373,233,20,27,169,0,4,163
ERR561167,ob_goodrich,OW,4,0,0,153,174,0,1,8,74,0,0,2074,5,5,2036,0,0,9,0,198,425,72,1049,1,1024,0,0,1451,97,229,833,0,0,192,3,1,48,7,647,0,7,327,0,0,0,0,527,0,0,62,502,2,12,490,406,92,0,10,0,1754,1,1674,1333,585,120,0,101,0,26,52,2
ERR561168,ob_goodrich,OW,1,0,0,826,21,9,0,10,37,0,2,57,3,430,740,1,0,5,0,165,401,3,181,2,411,0,0,1074,0,892,324,0,1,53,2,14,646,16,329,0,29,7,0,0,1,0,308,12,1,56,0,3,1,137,5,0,0,0,0,484,2,434,670,72,51,61,104,0,4,672,0
ERR561169,ob_goodrich,H,1,0,1,668,2396,0,0,0,188,0,30,18898,534,331,954,3,0,15,2,203,71,6,520,75,81,0,0,451,19,0,141,0,0,28,0,22,413,15,86,0,39,12,5,0,2,0,179,2,0,0,0,1,32,45,582,1,362,737,1,6,3,2892,386,257,11,22,10,0,0,8,0
ERR561170,ob_goodrich,H,82,0,0,0,7774,0,0,0,16,0,0,12564,908,11,363,2,0,0,0,16,8,7,329,251,3,11,0,50,0,0,14,0,0,0,4,2,945,77,207,0,7,9,5,9,0,0,64,2,1,0,0,0,177,215,3127,0,365,98,0,2,73,3164,1145,105,70,21,77,0,0,0,0
ERR561171,ob_goodrich,H,61,0,0,2633,3695,0,0,4,374,1,4,15213,1249,38,1289,5,0,8,0,14,62,4,472,281,2,62,0,321,399,1044,170,0,0,7,542,13,146,138,2589,1,0,39,14,0,0,0,493,0,0,0,0,0,172,551,1665,1,3,0,0,2,2,670,4,2025,57,5,78,22,0,0,0
ERR561172,ob_goodrich,OW,39,90,2,0,1952,1,0,2,2210,0,56,23705,3,0,2834,5,0,63,0,4,2,37,1899,106,0,0,0,330,0,1,213,3,0,12,0,14,3634,48,188,4,0,35,27,0,0,0,475,0,0,0,0,0,35,6,3632,3040,0,121,1,8362,8,996,3,126,1,3,143,208,0,4,0
ERR561173,ob_goodrich,H,0,0,3,2391,6433,58,2,105,300,0,1,142,2,17,2682,0,0,2,0,211,789,177,641,11,106,0,0,1075,8,40,282,0,0,1090,4,0,187,10,363,2,0,9,4,7,0,0,495,4,0,0,7,4,0,61,9,0,0,0,8,3,1,3357,3077,746,150,2,206,0,136,27,0
ERR561174,ob_goodrich,OB,52,0,8,0,1833,0,3,2,91,0,3,18136,556,280,1457,2,0,10,1,125,3322,4,368,3,417,57,0,367,788,11,788,0,0,173,0,56,3794,15,399,1,11,13,10,6,4,0,844,0,8,0,125,1,53,25,834,2358,0,396,0,2,3,4873,1661,321,26,41,207,1,136,20,1
ERR561175,ob_goodrich,OW,18,107,0,515,952,0,0,2,394,0,3,6268,840,135,791,0,59,37,6,485,33,5,685,77,459,0,0,1289,66,83,188,0,0,92,74,0,3236,2,153,0,50,5,2,10,0,0,3240,33,0,0,8,4,137,159,3684,1271,3,2,1,34929,21,1762,1118,160,137,2,32,28,0,1,6
ERR561177,ob_goodrich,OB,0,0,8,7478,2093,0,3,10,338,0,0,10114,786,0,922,0,391,22,0,216,406,20,1021,18,22,0,34,245,0,106,343,1,0,81,1465,302,151,149,433,10,0,7,6,0,0,0,379,0,0,0,0,28,201,528,1291,0,0,55,165,312,3,157,5,1216,0,1,582,0,8,2,0
ERR561178,ob_goodrich,H,1,0,0,0,0,0,0,0,6,0,0,318,1,3,27,0,0,60,0,9,14,2,146,1,383,0,0,103,8,78,8,0,0,36,0,0,9,0,21,0,0,0,0,5,1,0,27,0,0,0,14,18,4,132,92,1,0,0,8,991,0,38,16,24,95,0,2,0,1,0,2
ERR561180,ob_goodrich,OW,0,0,0,1,105,0,0,0,1747,0,0,2562,3,33,3167,0,0,17,0,18,67,89,697,52,1,0,0,377,1,163,1195,0,0,19,1,0,63,31,120,0,0,32,0,3,0,0,177,0,0,0,0,0,60,121,183,274,0,0,1,6,0,412,1,342,1,0,37,0,0,0,1
ERR561181,ob_goodrich,H,9,0,0,0,454,11,0,4,74,0,7,4572,276,41,663,3,11,793,0,41,91,0,1128,28,1,7,0,471,50,598,237,0,0,35,7,0,2227,8,214,0,1060,5,0,1,0,0,250,1,0,0,0,0,34,30,429,245,1,5,0,48063,2,1186,208,162,11,23,64,145,1,11,0
ERR561182,ob_goodrich,OW,0,0,1,10193,1615,0,5,0,242,0,16,8364,177,81,4806,0,42,215,9,335,63,41,2522,184,152,5,4,3976,473,154,963,0,0,14,0,5,4338,27,925,0,0,44,10,0,1,0,709,2,0,0,0,0,98,269,432,262,0,0,1,2,10,3755,602,356,561,2,45,0,3,4,0
ERR561183,ob_goodrich,H,2,0,4,91,3079,0,2,35,904,0,9,5640,2161,765,2709,0,26,12,11,232,555,52,264,21,807,22,0,947,35,0,480,0,2,2102,11,3,1730,5,549,45,1,19,0,0,1,0,704,0,1,0,177,0,103,325,1252,1,0,61,0,5,11,4178,255,611,359,11,91,0,47,4,0
ERR561184,ob_goodrich,H,8,0,0,349,1047,0,1,63,308,0,1,1594,425,0,1249,0,63,12,1,1150,3,9,802,77,118,1,0,7712,17,1,183,0,0,1,53,24,450,18,162,0,0,14,7,0,0,0,756,0,0,0,0,6,353,96,979,0,0,170,0,182,7,463,378,1000,6,0,47,1,0,0,101
ERR561185,ob_goodrich,OB,3,0,2,28,1810,0,0,20,207,0,0,5986,25,2237,487,0,1,21,0,231,1782,69,809,43,91,94,5,94,13,96,714,0,0,132,53,67,158,72,290,0,0,1,4,4,0,0,232,155,1,0,1,0,210,326,829,0,0,1,1,10,21,319,68,215,27,73,355,0,46,0,1
ERR561186,ob_goodrich,OW,1,0,0,0,94,0,0,2,414,0,0,3428,7,0,739,0,0,1,0,5,40,50,238,5,122,0,0,26,153,76,213,0,29,42,8,12,11,6,0,0,0,0,1,0,0,0,548,0,0,0,1,0,52,75,782,0,0,0,0,0,0,1131,74,167,1,0,3,14,6,17,0
ERR561187,ob_goodrich,H,1,0,0,555,2892,0,0,55,184,0,55,1238,297,45,514,0,0,2,15,833,65,6,335,19,244,2,0,1694,0,329,340,0,0,66,3,5,718,20,42,1,8,2,0,0,2,0,327,9,0,0,69,18,111,437,883,0,3,0,0,0,6,296,134,210,151,1,64,0,28,37,102
ERR561188,ob_goodrich,OW,12,0,0,198,1948,10,0,84,15,1,0,16566,1095,20,567,8,91,12,0,92,41,39,244,40,16,42,7,406,0,2,88,0,0,4,52,4,1644,11,78,1,4,15,5,0,5,0,936,2,0,0,0,0,48,211,670,1098,0,37,3,79,31,2570,599,99,83,14,26,0,3,0,32
ERR561189,ob_goodrich,OB,2,0,0,382,1594,0,0,10,73,0,1,15275,697,165,869,0,218,1,0,541,0,1,305,35,3,39,55,1452,5,3,252,0,17,30,45,1,972,20,626,1,1,7,2,0,0,0,295,0,0,0,0,0,130,577,743,0,149,89,2,2,3,2371,1404,268,0,0,12,3,0,0,84
ERR561190,ob_goodrich,OW,0,0,0,0,34,0,0,0,1,0,0,2838,1,0,101,0,2,2,0,7,2,0,88,0,0,0,0,13,0,0,14,0,0,20,0,2,4,0,2,0,0,1,0,3,0,0,64,0,0,0,1,0,0,22,154,0,0,44,0,2580,0,43,0,23,1,0,8,0,0,8,0
ERR561191,ob_goodrich,H,0,0,0,9,278,0,0,51,299,0,0,1818,32,42,2210,0,0,17,1,149,150,29,479,10,92,0,0,415,0,135,277,0,0,41,1,5,41,34,41,1,0,4,0,0,5,0,340,0,0,0,0,0,17,244,19,0,0,0,0,1,0,2229,76,735,27,0,37,0,0,2,3
ERR561193,ob_goodrich,H,23,0,0,0,1585,0,1,6,84,1,0,2707,80,273,180,0,4,3,6,359,10,28,68,23,32,0,1,835,0,298,102,0,0,148,5,2,443,20,50,0,0,3,0,0,4,0,1073,0,0,0,23,29,10,807,125,0,74,0,0,9,14,117,441,114,237,19,17,0,5,0,0
ERR561194,ob_goodrich,OW,27,0,0,755,5242,0,9,9,322,0,0,2317,442,40,2235,0,38,1,0,462,1957,8,162,8,185,26,3,1513,2,314,586,0,0,194,400,18,4384,45,384,1,3,16,0,0,3,1,1382,10,6,1,58,5,103,1000,515,0,0,0,0,26,3,2179,447,512,73,1,141,0,94,22,6
ERR561195,ob_goodrich,OW,57,0,5,30,5304,0,0,2,46,0,7,18347,1953,10,359,8,0,5,0,25,1137,11,909,3,146,16,0,477,0,675,125,0,0,0,4367,1,2436,4,479,0,24,3,6,0,0,0,610,0,0,0,0,0,0,90,0,1,352,0,0,0,7,2922,1545,80,142,19,42,0,31,27,0
ERR561196,ob_goodrich,H,0,0,0,5,200,0,1,27,422,0,0,487,9,32,859,0,0,3,0,183,50,0,29,7,35,0,0,92,19,0,122,0,0,4,0,0,38,2,78,0,0,4,0,13,2,0,54,1,0,0,42,0,1,70,27,32,0,4,0,2,0,109,35,74,18,0,34,0,1,0,0
ERR561197,ob_goodrich,H,1,0,0,1123,760,3,0,3,10,0,0,808,56,3,142,0,73,0,1,65,123,0,162,0,526,0,0,328,2,1,22,0,0,109,2,11,6,1,8,0,0,0,0,0,7,0,132,0,0,0,70,115,40,263,6,0,1,0,0,4,2,112,23,19,13,0,15,0,124,2,72
ERR561198,ob_goodrich,H,11,0,0,137,1583,0,3,22,45,0,4,3594,168,35,575,0,26,1,2,80,71,0,246,71,161,12,0,688,33,138,203,0,1,90,1392,0,1126,17,140,0,1,5,2,0,0,1,822,13,2,0,0,0,76,559,379,0,1,31,2,0,8,1312,1817,139,81,0,74,1,16,13,0
ERR561199,ob_goodrich,OW,10,0,1,8,954,0,0,0,2,0,0,5412,202,0,7110,0,3,0,0,60,11,63,347,115,29,0,0,322,2,748,1076,0,278,88,0,21,613,31,725,0,0,8,0,0,3,0,202,1,0,0,0,0,88,110,1391,248,0,0,1,506,4,2689,118,465,556,3,37,0,0,0,0
ERR561201,ob_goodrich,OB,0,19,0,3,40,0,0,1,389,0,0,2002,9,109,977,0,106,11,0,2,31,3,224,19,0,0,0,253,0,201,250,0,0,6,0,1,15,1,875,0,0,10,0,0,0,0,39,0,0,0,0,0,26,45,1,0,1,0,0,3,0,1073,10,193,0,1,75,0,0,0,0
ERR561202,ob_goodrich,OW,1,0,0,5,253,0,0,18,134,0,0,1113,34,15,704,0,0,0,0,31,258,1,302,2,308,0,0,360,0,64,23,0,0,56,0,1,46,5,510,0,0,11,0,0,0,0,174,0,0,0,11,41,22,183,10,0,0,4,0,6,0,414,126,19,32,0,14,0,1,0,2
ERR561203,ob_goodrich,H,4,0,0,275,2885,0,1,96,180,0,1,21329,532,6,736,0,0,10,0,43,627,37,2584,38,1913,0,0,227,0,115,218,0,1,38,1,10,1039,66,115,0,2,15,5,0,0,0,490,0,0,0,0,0,103,165,1550,0,4,0,0,123,0,1019,430,459,104,0,3,0,4,1,19
ERR561205,ob_goodrich,OW,10,20,0,1163,2427,0,1,0,53,0,1,3380,251,747,756,0,58,5,1,112,85,8,187,29,13,68,4,41,415,80,134,0,1,593,0,9,408,19,668,3,1,4,0,2,0,0,144,0,0,4,1,3,64,2000,909,116,1,72,4,132,9,692,189,189,98,0,62,1,0,0,449
ERR561206,ob_goodrich,OB,2,79,1,0,188,0,0,0,2107,0,0,1379,50,143,3723,0,0,1387,0,98,356,8,850,54,1746,0,1,256,0,98,602,0,1,533,0,14,691,3,1547,1,84,19,0,0,2,0,787,0,3,0,0,1,18,70,1037,0,0,5,0,2298,0,3669,981,760,0,11,30,0,9,49,0
ERR561207,ob_goodrich,OB,34,0,0,398,2437,8,3,0,887,1,12,5677,2403,710,2518,5,137,25,0,722,8,5,1701,63,2,16,0,148,146,0,359,0,0,15,2,0,1707,5,317,0,1,7,6,0,3,0,1683,1,0,0,164,1,82,80,1457,1058,5,2,2,3468,3,3453,342,551,94,106,62,100,0,1,0
ERR561208,ob_goodrich,OW,4,0,0,3,830,6,3,4,666,0,2,325,9,0,1572,0,1,0,0,719,266,10,208,14,28,0,1,187,0,5,273,0,0,28,0,349,6,4,722,0,0,2,0,0,4,0,317,0,0,0,0,0,0,376,0,0,0,0,0,1,0,820,378,385,0,0,58,0,394,3,0
ERR561209,ob_goodrich,H,0,0,0,0,187,0,0,0,462,0,0,976,29,2,1809,0,0,82,0,23,134,16,182,11,0,0,0,179,0,0,318,0,2,160,1,1,27,1,225,0,0,8,0,0,0,0,72,0,0,0,0,0,8,80,1056,53,0,97,0,1262,1,59,2,351,0,0,45,0,0,1,0
ERR561210,ob_goodrich,OW,0,0,1,182,2654,0,0,5,1327,0,1,5267,0,1082,933,0,99,14,0,8,890,5,395,6,337,0,0,423,0,0,392,0,3,138,0,0,702,16,1836,3,83,20,0,0,1,0,919,0,0,225,0,0,47,178,2316,0,1,25,1,1,3,3346,84,206,132,29,39,0,9,306,2
ERR561211,ob_goodrich,H,0,0,0,88,582,3,1,0,87,0,0,481,8,34,406,0,4,469,0,24,520,2,197,6,418,0,0,1192,0,130,89,0,0,108,0,5,40,5,151,0,3,1,0,0,0,0,276,19,1,0,0,22,31,233,918,1,0,3,0,9099,1,637,166,104,13,1,16,1,0,1,0
ERR561212,ob_goodrich,OW,0,0,0,126,272,0,0,13,83,0,0,273,3,4,198,0,0,6,0,50,278,0,526,2,74,0,0,1335,32,2,68,0,0,16,0,6,64,1,150,0,0,2,0,2,1,0,141,1,0,0,0,2,2,97,231,44,0,0,0,0,1,422,245,86,196,0,13,0,11,2,0
ERR561213,ob_goodrich,H,0,0,0,1239,97,0,0,0,1571,0,1,2497,300,809,5064,0,1,32,0,70,118,106,402,1,1,33,0,249,14,637,790,0,3,30,254,0,1390,11,779,1,0,26,1,0,0,0,356,0,0,0,1,0,55,183,1171,307,0,0,0,18,1,852,576,257,4,0,184,0,3,0,0
ERR561214,ob_goodrich,H,64,0,3,91,5219,0,0,32,392,1,15,4200,1241,444,1473,1,7,1,32,484,45,30,62,28,20,0,0,387,77,144,322,0,0,10,89,9,1229,2,134,0,0,2,2,0,3,0,327,0,0,0,0,5,58,163,365,0,0,4,0,1,13,810,805,306,88,42,49,0,0,0,0
ERR561215,ob_goodrich,H,0,0,0,3866,1805,0,7,8,386,0,16,1121,42,332,1005,0,27,42,12,933,15,34,506,63,8,4,0,1979,61,1982,207,0,4,2,1,38,602,52,201,0,0,9,5,0,35,0,3690,12,0,0,360,301,572,1312,342,0,0,10,0,1,80,619,831,194,713,0,227,0,0,1,0
ERR561216,ob_goodrich,H,1,20,3,81500,253,0,0,0,370,0,9,465,0,12,5627,0,0,0,0,24,36,93,482,189,6,0,5,28,0,5,883,0,0,6,115,143,192,20,0,1,0,66,17,0,0,0,131,0,0,0,0,1,3,85,335,225,0,101,0,1,4,632,4,192,0,0,197,0,3,4,0
ERR561217,ob_goodrich,OW,3,0,0,3,1183,0,4,2,23,0,3,2081,193,2,1408,0,0,12,0,84,307,15,399,27,22,0,1,98,0,497,295,0,96,62,454,12,301,23,2,3,1,28,0,0,0,0,371,1,3,0,0,2,30,189,424,0,1,0,0,2,0,1612,698,907,98,3,97,0,11,34,0
ERR561218,ob_goodrich,OB,0,0,0,15,610,0,3,30,400,0,0,261,16,66,3350,0,0,16,0,72,124,5,574,31,20,0,0,394,0,78,582,0,0,36,3,32,10,5,278,1,0,15,0,0,0,0,152,436,3,0,4,0,35,170,16,0,0,7,0,75,2,1856,616,407,54,0,48,0,1,5,1
ERR561219,ob_goodrich,OB,3,0,0,1,154,1,0,1,25,0,0,188,6,3,403,0,8,43,1,25,77,0,784,8,193,0,0,2990,0,108,136,0,220,159,1,0,115,0,126,0,40,0,0,3,3,0,1006,1,0,0,8,9,48,127,147,0,0,0,0,6354,0,830,850,130,23,0,64,2,1,59,22
ERR561220,ob_goodrich,H,51,0,0,3,29,0,0,0,79,0,0,18464,188,14,1588,0,0,6,0,17,0,1,1026,67,0,0,0,76,0,171,2,0,593,417,673,1,789,58,449,0,0,0,0,2,0,0,88,0,0,0,0,47,20,39,169,0,0,0,0,0,1,840,30,170,0,12,37,1,0,20,0
ERR561221,ob_goodrich,OW,1,0,0,8,910,0,2,4,92,0,0,894,19,0,413,0,0,1,0,9,18,5,85,130,0,0,0,79,10,0,70,0,0,26,0,20,5,2,0,0,0,2,0,0,0,0,39,0,0,0,0,2,16,75,10,0,2,37,0,0,1,177,87,26,0,0,3,0,0,0,0
ERR561222,ob_goodrich,OW,8,0,0,28,1925,0,1,6,876,0,4,1260,521,191,2719,0,91,6,15,51,30,51,1042,229,2027,0,0,793,0,448,449,0,0,9,5,7,1056,17,332,1,2,13,5,0,0,0,514,0,0,0,55,325,90,318,200,0,0,27,1,1097,26,381,164,494,330,1,18,2,0,1,35
ERR561223,ob_goodrich,H,146,0,2,17,5321,0,3,51,117,2,20,11474,1062,344,3384,7,66,1139,0,704,96,9,311,48,20,7,0,1061,36,0,45,0,0,361,13,3,2261,11,1751,1,3,10,14,0,0,0,1534,0,0,0,949,133,152,86,4174,3,174,168,0,3,8,2689,884,106,121,10,94,0,0,1,0
ERR561224,ob_goodrich,OW,0,1,0,8,2584,0,0,1,307,0,2,3965,625,204,1237,0,0,19,0,21,730,4,240,11,31,12,0,308,0,218,577,0,0,2,0,1,1107,51,245,2,0,36,3,0,0,0,1486,1,0,549,0,1,59,121,1028,0,0,0,0,24,5,850,4,365,2,4,8,4,0,6,0
ERR561225,ob_goodrich,H,0,0,0,296,2255,0,0,1,332,0,3,2836,142,1633,3966,0,32,0,0,20,113,101,293,33,29,0,0,257,0,1385,154,0,1,85,43,9,1524,91,713,20,0,45,13,0,0,0,283,0,0,1,0,0,37,48,967,0,0,0,14,6,2,174,341,261,4,0,585,0,0,0,0
ERR561226,ob_goodrich,H,10,29,1,1432,5822,0,2,27,155,2,27,9667,4801,17,575,15,4,454,2,148,1145,5,1966,1,150,0,21,189,0,383,445,0,0,52,1309,2,2004,18,1166,1,78,11,11,0,4,0,1562,0,0,1,0,21,62,278,1883,0,52,11,8,922,15,1333,507,247,195,27,126,13,46,21,0
ERR561228,ob_goodrich,H,2,4,1,5,417,0,1,1,463,0,4,837,12,321,1491,0,1,10,0,256,2281,6,170,4,847,75,0,925,2,0,1841,0,0,13,593,1,698,5,810,0,3,37,0,0,0,0,60,51,0,0,42,0,1,14,139,101,0,0,0,97,1,279,61,498,7,8,64,0,85,7,0
ERR561229,ob_goodrich,OW,4,0,0,470,541,0,2,0,372,0,0,2343,129,62,1865,0,43,0,0,55,280,31,353,102,39,0,8,185,0,1,230,0,2,2061,2,101,482,27,1,0,0,9,3,0,0,0,112,3,0,0,0,3,11,68,141,0,2,434,0,2,1,2975,2724,442,306,1,30,0,2,1,0
ERR561230,ob_goodrich,OW,7,0,1,1187,1333,0,0,14,1109,0,6,1443,15,335,2491,0,4,8,2,171,211,2,39,29,92,0,0,144,57,411,448,0,0,75,0,11,382,6,273,0,0,4,0,0,0,0,178,175,2,0,538,5,19,124,187,0,0,3,2,6,15,192,296,422,59,0,66,0,1,1,0
ERR561231,ob_goodrich,H,0,0,0,397,488,0,1,2,150,0,7,36926,721,30,1093,17,120,5,0,59,17,11,405,8,2,0,1,122,0,5,119,0,0,3,26,0,1854,150,143,6,122,8,21,0,0,0,2121,0,0,0,0,0,153,237,524,0,327,725,0,2,7,1079,125,217,110,26,22,0,0,7,0
ERR561234,ob_goodrich,OB,3,0,2,43,921,0,0,9,349,0,1,3918,1052,101,562,0,13,4,0,81,75,12,515,6,17,0,0,535,4,544,180,0,0,4,3,3,1037,32,97,0,9,7,1,0,4,0,1007,0,0,0,0,9,118,707,204,0,2,0,0,2092,1,541,73,218,272,3,39,2,1,16,33
ERR561236,ob_goodrich,OW,0,0,0,568,43,0,1,6,1052,0,1,88,1,3,736,0,1,31,0,64,170,13,206,2,61,1,0,440,24,0,108,0,0,19,0,2,15,0,680,0,0,13,0,0,3,0,161,0,3,0,81,4,4,239,232,10,0,0,0,1985,0,78,103,179,139,0,59,0,10,0,0
ERR561237,ob_goodrich,OB,0,1,0,1,655,0,0,5,632,0,0,5702,149,112,1539,0,35,11,0,40,47,10,346,23,184,0,0,186,0,0,363,0,0,497,0,0,370,4,207,0,3,6,1,7,0,0,580,0,0,0,0,0,53,62,1275,1,0,89,0,1999,2,2693,1815,248,3,0,35,0,0,4,0
ERR561238,ob_goodrich,H,2,0,0,2,625,0,0,60,546,0,0,934,101,26,2175,0,0,28,0,202,8,3,331,125,31,0,21,151,0,157,285,0,0,13,0,13,13,17,638,0,2,1,0,0,0,0,424,0,0,0,0,0,62,166,515,0,0,0,0,2,1,1118,16,479,167,0,39,1,1,12,0
ERR561239,ob_goodrich,H,1,0,0,8,336,0,0,0,0,0,0,27486,0,6,318,0,0,0,0,6,78,21,399,132,87,11,0,58,0,195,189,0,0,0,0,0,2244,13,41,0,332,1,0,0,0,0,279,0,0,0,0,0,0,225,1,0,0,0,0,0,4,2352,26,162,1,2,0,0,14,2,0
ERR561240,ob_goodrich,OB,22,253,1,1,1155,20,2,1,189,1,12,7163,1007,260,766,8,58,286,3,159,516,4,432,5,73,35,0,539,218,2,321,0,1,187,1,1,2464,13,315,0,38,2,0,12,0,0,410,0,0,0,13,0,63,281,973,0,4,1,2,14565,12,1591,794,216,145,37,23,133,33,25,6
ERR561241,ob_goodrich,OB,2,0,0,7,2,0,0,0,7,0,0,2200,0,272,1312,0,0,0,0,2,52,317,874,0,1,0,191,10,0,0,12,0,3,300,1510,0,1,25,3,0,0,0,0,0,0,0,3733,6,1,2,0,0,0,1,1,0,0,0,0,7,0,7,2,2,0,10,10,0,0,1199,0
ERR561242,ob_goodrich,H,0,0,0,2,1,0,0,0,71,0,0,28540,0,10,47,0,0,0,0,2,10,19,122,16,0,0,0,5,0,1,0,0,0,1,128,0,1,25,0,0,1,0,0,0,0,0,14,0,0,0,0,0,0,0,2520,0,0,0,0,1,0,5,0,0,0,0,0,0,0,14,0
ERR561244,ob_goodrich,H,2,0,0,520,2005,0,0,9,534,0,1,2705,390,34,1881,0,0,34,0,352,208,8,498,6,52,0,5,310,2,180,508,0,2,300,147,17,845,61,2390,0,1,18,0,0,2,0,633,1,0,0,0,2,72,136,144,0,1,1,0,1,6,1369,76,395,2,1,30,0,75,2,0
ERR561245,ob_goodrich,H,1,0,0,270,943,0,1,17,493,0,6,5183,104,11,1246,0,0,21,4,77,17,24,683,17,93,2,0,100,39,242,218,0,0,260,4,0,651,8,389,0,0,2,1,0,1,0,1048,0,0,0,0,0,54,352,141,0,0,0,0,0,8,643,218,460,273,1,99,0,0,3,0
ERR561246,ob_goodrich,OW,3,4,0,1215,558,0,1,3,296,0,0,852,29,12,336,0,4,0,2,1032,63,6,294,14,65,0,48,239,132,268,30,0,0,18,6,29,13,7,165,1,0,3,0,0,5,0,111,0,0,0,11,1,10,211,390,0,0,5,2,6,0,15,41,121,38,1,65,0,0,0,4
ERR561248,ob_goodrich,OB,46,68,3,53,2904,12,2,10,696,0,19,2310,306,213,1245,4,93,6,0,58,124,6,163,36,15,0,1,583,79,0,428,0,0,438,16,1,2674,6,890,1,14,3,1,7,0,0,888,11,0,1,68,1,79,404,169,0,2,1,0,5370,0,1051,1147,289,142,213,31,27,4,22,0
ERR561249,ob_goodrich,OW,5,0,2,202,1143,0,0,2,447,0,11,2167,658,1932,291,4,72,7,0,73,21,4,744,82,762,0,0,1054,0,0,167,0,0,0,1,5,4748,12,787,1,323,10,0,0,0,0,1826,0,0,0,0,0,43,266,498,0,0,67,0,14863,6,636,1360,824,70,80,77,87,1,31,59
ERR561250,ob_goodrich,H,0,0,3,1,899,0,0,129,258,0,4,14334,3,55,1085,5,1,7,0,78,106,18,1417,84,45,0,1,224,0,642,181,1,0,129,437,8,3051,77,93,0,97,0,45,0,0,0,505,0,5,0,0,1,0,264,3,0,0,0,0,10,28,1082,436,108,30,152,48,0,23,20,0
ERR561251,ob_goodrich,OB,41,0,6,62,2243,0,0,1,30,1,1,11041,4,103,60,0,0,1,0,182,228,133,464,19,14,0,55,26,0,293,41,5,0,123,2435,46,61,30,28,9,2,1,10,0,0,0,92,10,1,0,0,0,0,54,3,0,0,0,71,141,15,20,742,41,903,108,349,0,36,0,0
ERR561252,ob_goodrich,OW,3,0,0,163,3275,0,1,37,1112,0,7,3714,1187,0,2416,0,38,6,0,180,48,3,1853,28,20,0,0,332,30,1286,769,0,1,21,0,8,174,4,11,2,1,7,0,0,3,0,984,0,3,0,4,6,21,208,404,1,0,18,0,1326,2,1033,334,37,112,1,10,0,0,1,1
ERR561253,ob_goodrich,H,87,60,0,1,72,6,2,22,32,0,5,65,9,22,465,0,19,1124,22,485,687,0,112,8,725,1,0,4539,1,713,359,2,0,479,1,12,550,3,247,0,29,0,0,40,0,0,600,1,0,14,204,169,10,298,176,19,16,0,2,788,14,277,614,246,575,0,66,0,23,1,321
ERR561254,ob_goodrich,H,0,7,0,6,414,0,2,3,1136,0,30,982,27,31,4830,0,3,10,1,222,132,9,411,23,269,0,0,1097,187,0,840,0,0,5,95,12,1926,3,616,5,3,51,2,0,2,0,308,0,0,0,32,0,6,207,890,186,0,1,0,2392,0,2031,607,789,28,2,152,0,5,3,0
ERR561255,ob_goodrich,OW,2,0,0,7,1014,0,0,17,1486,0,0,825,29,1,413,0,5,8,0,187,62,17,253,7,32,0,0,154,0,61,137,0,0,19,3,12,11,1,317,0,0,8,0,0,1,0,127,0,0,0,0,2,35,581,819,0,0,17,0,1,2,140,1872,188,256,3,31,0,3,0,30
ERR561256,ob_goodrich,OB,0,0,0,720,2556,0,0,1,1083,0,0,19696,2593,263,877,14,94,11,0,135,182,10,832,19,287,28,0,342,0,227,133,0,2,3,0,6,3919,26,434,3,344,4,7,0,0,0,1387,4,1,0,0,0,79,153,3302,1,277,1,0,7,4,798,2546,280,46,137,109,0,65,53,0
ERR561257,ob_goodrich,OB,0,0,1,122,369,0,1,5,39,0,0,991,74,5,641,0,23,11,0,194,87,4,620,33,213,0,0,301,44,147,208,0,0,5,0,0,44,2,338,0,1,14,0,0,0,0,437,1,0,0,6,1,61,80,445,0,0,18,0,375,1,450,44,627,93,2,16,0,8,6,5
ERR561258,ob_goodrich,H,5,0,0,1,733,0,0,2,302,0,0,432,2,100,1210,0,0,4,0,247,7,9,176,2,40,0,8,600,0,189,465,0,9,3,8,5,35,4,187,1,0,10,1,0,4,0,105,0,0,26,0,2,75,67,222,0,0,3,0,1,2,87,295,244,91,0,42,0,3,0,7
ERR561260,ob_goodrich,H,1,0,0,962,2326,0,0,56,1517,0,6,1732,562,36,4371,0,0,32,0,183,7,30,795,38,24,0,0,1027,63,50,278,0,0,6,0,2,2677,61,349,4,0,25,0,0,0,0,705,0,0,0,0,2,21,58,602,0,0,0,0,5,1,2319,816,948,1,3,22,0,0,0,0
ERR561261,ob_goodrich,H,2,0,0,2381,4029,0,1,28,195,0,0,3921,9,20,1157,0,0,3,7,179,164,315,240,22,188,4,3,412,5,1626,693,0,0,81,2,3,937,32,62,1,0,3,0,65,1,0,415,0,0,0,109,7,70,3185,1335,0,1,33,0,5,23,4139,509,231,1063,2,87,3,10,14,7
ERR561262,ob_goodrich,OW,5,0,4,254,682,1,7,2,43,0,0,1920,28,149,1083,0,110,803,0,707,537,0,242,1,297,21,0,226,152,1,336,0,5,842,6,2,370,10,1496,0,6,13,1,18,1,0,1167,132,0,0,888,3,75,250,340,0,1,40,0,576,1,311,170,237,427,38,172,0,54,0,0
ERR561263,ob_goodrich,OW,4,63,2,37,1715,0,6,2,72,2,3,15947,664,45,409,9,6,0,0,142,79,0,201,6,51,7,0,930,262,0,88,0,1,2,0,2,1650,12,141,0,576,2,1,0,0,0,1423,1,0,0,0,0,40,26,1753,837,19,2,0,4,6,925,202,147,48,27,55,29,8,10,0
ERR561264,ob_goodrich,H,60,0,1,3,4989,0,2,47,325,0,23,2046,374,1551,1660,1,0,3,4,242,55,0,121,27,11,9,0,675,0,124,813,1,542,132,269,34,522,3,782,7,0,13,1,0,0,0,233,0,1,1,691,0,110,36,1,0,0,15,0,1,4,862,162,385,189,5,155,0,0,2,0
ERR561265,ob_goodrich,H,2,1,0,299,801,0,1,12,188,0,0,2181,35,347,976,0,0,9,1,216,885,19,427,28,201,3,5,922,5,47,374,0,0,55,15,47,303,26,292,1,0,4,3,1,0,0,198,75,0,0,5,3,103,132,359,0,3,1,0,7,5,922,165,165,42,15,191,0,60,3,0
ERR561266,ob_goodrich,OW,9,8,2,1096,892,0,3,1,422,0,3,1123,315,2,2739,0,49,9,1,101,61,2,89,103,153,2,0,791,84,2,226,0,0,151,151,2,498,10,220,2,2,22,0,27,0,0,1394,0,3,0,67,17,29,75,386,60,0,1,0,2,7,2532,63,590,65,2,103,0,10,1,3
ERR561267,ob_goodrich,OW,0,0,0,428,93,0,0,3,162,0,1,309,11,2,295,0,0,1,1,245,26,0,101,20,277,0,0,442,145,0,133,0,0,1,0,0,45,0,108,0,0,4,0,0,1,0,177,0,1,0,49,14,3,183,56,0,0,0,0,130,0,35,113,78,51,0,18,0,1,3,0
ERR561268,ob_goodrich,OW,1,0,0,0,345,0,0,7,543,0,0,709,11,47,826,0,17,641,2,913,91,0,590,69,23,0,2,474,0,0,460,0,0,15,0,3,14,9,238,1,0,11,0,40,0,0,122,4,0,0,0,0,47,3696,896,70,0,6,0,64,0,290,1627,462,300,0,62,2,13,0,0
ERR561269,ob_goodrich,OW,1,0,1,583,1048,0,14,26,94,0,0,11349,225,197,2295,0,0,24,0,319,75,41,261,46,3,0,2,45,0,467,250,0,3,246,506,113,64,63,13,5,0,12,0,0,0,0,273,2,46,0,0,3,18,158,726,0,3,0,0,1,2,11,29,173,1,27,92,0,1,2,0
ERR561270,ob_goodrich,H,1,0,0,15,81,0,1,4,163,0,0,456,0,3,1331,0,0,25,0,18,201,7,111,9,146,0,0,1590,1,26,178,0,0,1,0,0,43,0,146,1,0,2,0,0,0,0,63,5,3,0,0,1,3,13,245,0,0,0,2,20,0,666,324,137,3,2,16,0,1,7,0
ERR561272,ob_goodrich,OW,3,1,0,248,274,0,1,14,614,0,0,1029,56,0,806,0,25,4,0,138,5,0,542,6,1,0,0,136,1,169,69,0,0,3,0,1,53,2,275,0,0,2,0,6,0,0,428,0,0,1,0,5,86,156,85,750,0,78,0,171,1,122,148,329,589,0,43,0,0,5,23
ERR561273,ob_goodrich,H,0,0,0,3,800,7,0,0,7,0,0,1347,1,2,579,0,0,1,0,8,8,4,606,1,4,0,0,27,2,201,8,0,0,11,1,0,3,0,6,0,2,1,0,0,0,0,12,0,0,429,3,1,0,8,770,0,0,0,0,5,0,1452,12,483,4,0,59,0,2,1,0
ERR561274,ob_goodrich,H,4,0,7,447,1743,0,1,22,21,1,24,5097,732,106,256,0,24,1,12,174,14,0,205,1,1645,23,0,339,0,582,71,0,0,81,549,3,2814,16,451,0,16,1,7,0,0,0,473,0,0,0,123,3,34,522,4217,27,2,70,32,84,11,402,145,470,198,5,1446,50,1,2,44
ERR561275,ob_goodrich,H,0,0,0,1341,253,0,0,2,91,0,1,296,2,14,76,0,0,4,0,27,171,0,21,1,3457,0,0,8,69,42,11,0,0,34,0,1,0,0,24,0,0,2,0,0,0,0,18,0,0,0,120,2,2,482,199,0,0,0,1,3,0,7,3,25,95,0,145,0,3,0,0
ERR561276,ob_goodrich,H,15,0,0,0,4501,0,2,70,145,2,0,2106,478,172,295,77,16,4,1,293,7,5,82,107,0,0,0,149,0,0,241,0,0,394,13,2,1471,12,95,3,0,0,1,0,0,0,900,0,0,0,29,0,18,352,300,1,52,95,0,0,12,2012,225,184,326,1,35,29,0,0,44
ERR561277,ob_goodrich,OW,22,0,0,155,1336,6,1,50,626,0,0,1953,67,147,2114,0,87,23,0,139,192,6,474,63,7,11,0,783,0,5,420,0,1,1,0,3,1554,10,570,1,2,14,0,0,0,0,1226,0,0,0,0,1,30,413,235,237,0,129,0,0,4,2017,141,180,138,1,38,66,3,2,22
ERR561279,ob_goodrich,OB,2,91,3,14,100,0,0,0,26,0,0,447,6,123,172,0,6,3,0,15,82,10,16,3,54,3,0,111,0,25,195,0,14,6,43,0,193,1,203,0,0,0,0,0,0,0,65,110,0,0,0,34,5,31,19,0,1,0,0,1,1,248,14,104,11,103,6,0,0,64,0
ERR561280,ob_goodrich,H,32,0,0,1,1891,0,3,97,625,0,8,2909,529,199,850,0,8,18,2,697,37,140,174,40,239,0,0,672,0,232,433,0,0,20,160,37,183,19,261,2,0,18,3,93,3,0,1321,2,0,0,240,0,48,108,565,0,0,2,1,19,4,137,417,736,57,0,562,0,0,4,1
ERR561281,ob_goodrich,OW,16,0,0,2,8256,0,1,103,1180,0,3,18205,708,90,2146,0,275,35,1,243,5221,28,559,2,2430,18,0,2603,0,259,581,0,3,288,510,16,4611,56,810,2,3,20,0,25,0,0,1290,1,0,0,39,1,127,608,4324,0,2,0,1,12,35,11993,1312,1111,56,4,249,5,114,4,32
ERR561282,ob_goodrich,H,7,13,0,13,1555,1,1,87,84,0,0,2695,31,56,163,16,14,3,1,71,7,0,71,5,3,3,0,497,101,0,70,0,0,36,0,0,924,4,16,0,1,0,0,0,3,0,250,0,0,0,16,8,6,310,561,8,25,0,0,4,17,41,165,89,195,10,11,0,0,0,5
ERR561283,ob_goodrich,H,2,0,2,6,526,0,1,77,173,0,3,7354,187,80,880,7,66,24,0,213,27,3,1052,48,12,31,0,1806,0,287,74,0,0,0,1,0,4750,8,154,0,35,10,6,0,3,3,2833,0,0,0,0,2,27,793,352,0,3,43,0,1,7,1752,871,92,51,33,37,19,0,31,0
ERR561285,ob_goodrich,H,2,0,0,96,1728,0,11,52,302,0,5,6644,36,29,1506,0,21,7,8,105,91,7,473,56,141,0,2,3361,2,1,159,0,0,5,0,2,573,3,1313,1,3,16,3,0,1,0,510,0,0,0,28,0,67,255,424,0,0,349,0,3,16,1536,1899,379,403,0,98,1,0,4,0
ERR561286,ob_goodrich,OB,295,426,1,3675,4697,0,4,0,43,0,0,11347,814,190,918,3,296,823,0,271,42,1,197,349,54,0,0,308,270,324,678,0,0,160,5,1,1159,36,289,0,1,16,17,0,6,0,915,3,0,0,1,0,37,269,1626,177,0,22,67,103,27,353,1006,512,84,9,86,72,2,0,0
ERR561287,ob_goodrich,H,0,0,0,16,74,0,0,5,745,0,0,80,1,47,861,0,0,129,0,71,267,0,57,1,37,0,0,110,0,177,85,0,0,3,0,8,75,0,389,0,0,1,0,0,1,0,29,698,0,0,171,3,1,24,2,1,0,0,0,331,0,94,148,64,12,0,19,0,77,2,0
ERR561288,ob_goodrich,OW,2,0,0,11,611,0,2,1,508,0,6,2814,258,424,4214,0,17,35,0,1232,53,38,762,69,94,0,0,1087,0,481,601,0,0,3,2,0,1669,28,662,1,19,17,0,0,0,0,3003,0,6,0,1,0,61,101,973,0,0,0,0,0,2,6374,1511,406,25,17,15,0,34,7,0
ERR561289,ob_goodrich,H,11,0,2,817,8211,0,3,0,154,0,8,26582,211,284,1085,0,51,5,0,1961,1058,26,208,0,75,1,2,186,85,299,142,0,1,1,1,0,432,4,131,0,14,0,7,0,1,0,399,0,0,0,0,0,178,124,384,0,13,0,0,2,3,739,535,52,347,24,47,14,37,24,0
ERR561290,ob_goodrich,H,11,12,0,190,4819,0,0,5,88,0,4,1287,149,30,921,1,22,952,1,141,1244,0,223,30,398,4,0,1166,527,4,347,0,0,661,249,6,1285,4,950,0,3,7,1,0,2,0,403,2,0,0,84,92,63,551,737,0,0,0,0,2998,8,788,1347,178,72,0,30,0,1,1,2
ERR561291,ob_goodrich,H,3,0,1,1214,1438,0,0,20,1986,0,0,1555,78,42,2973,0,20,68,0,395,176,83,267,9,203,5,147,671,0,97,655,0,0,494,2,78,132,4,353,0,0,19,0,52,0,0,510,4,1,0,261,185,129,90,874,0,0,57,0,158,2,331,145,676,26,0,205,0,1,0,0
ERR561292,ob_goodrich,OW,0,0,0,251,70,0,3,1,265,0,0,1667,12,6,459,0,0,8,0,66,131,3,87,1,23,0,0,877,91,0,87,0,0,28,0,0,32,1,576,0,0,3,0,6,1,0,632,0,0,0,30,1,6,112,384,238,0,30,0,5,0,196,203,297,237,0,22,0,6,1,0
ERR561293,ob_goodrich,OW,1,1,2,608,2288,0,4,1,113,0,4,14647,599,844,295,1,0,3,0,100,284,7,146,1,33,22,0,294,0,292,133,0,126,186,20,1,1392,2,302,0,221,3,1,8,0,0,762,0,1,0,0,0,36,58,966,0,197,9,0,1,1,697,2086,5,113,76,15,0,23,94,0
ERR561294,ob_goodrich,OB,1,0,0,0,102,0,2,5,83,0,0,467,34,0,401,0,2,2,1,70,23,3,534,4,46,0,0,262,0,0,79,0,0,0,0,0,20,0,114,0,0,4,0,0,0,0,173,0,0,0,310,1,1,102,0,0,0,122,0,2,1,1075,675,264,261,0,16,0,1,0,0
ERR561295,ob_goodrich,OW,68,0,0,2279,5,0,0,36,153,4,8,7393,10081,620,804,1,0,25,4,243,416,163,239,21,102,0,71,147,0,411,258,1,0,59,741,9,2596,35,278,4,6,0,4,0,0,0,1277,0,0,0,0,0,167,20,4566,0,215,0,0,5,58,449,511,651,62,6,166,0,1,1,0
ERR561296,ob_goodrich,OW,46,0,0,757,2730,0,1,0,104,4,38,9022,614,69,829,2,0,8,15,221,34,34,214,56,0,0,0,394,0,1018,176,0,0,9,0,8,1978,16,353,2,0,2,14,0,15,0,605,4,0,0,0,1,138,163,1324,0,0,0,2,24,21,935,1268,693,171,2,53,50,0,3,0
ERR561297,ob_goodrich,OW,3,0,0,243,1132,0,5,2,810,0,24,5526,336,13,4091,0,1,17,0,980,133,4,3488,47,579,0,1,1045,1,0,1664,0,0,15,6,0,920,5,885,4,1,42,0,0,0,0,685,0,0,0,109,0,10,79,123,1,0,183,1,582,8,5150,137,1265,504,0,106,0,0,0,0
ERR561299,ob_goodrich,H,3,0,0,9,11,14,0,1,140,0,1,495,3,12,384,0,26,359,1,256,159,1,270,8,213,0,0,1112,134,0,300,0,3,184,0,0,125,3,146,0,0,65,0,15,1,0,645,0,0,0,43,38,19,96,264,116,0,0,0,8,3,274,138,122,237,0,31,0,7,3,83
ERR561300,ob_goodrich,OB,1,0,0,2,306,0,1,6,379,0,0,680,6,51,3992,0,0,1617,0,1889,86,17,98,14,12,0,0,646,9,240,1568,0,0,23,0,2,20,3,290,2,0,23,2,0,2,0,375,1,2,0,0,1,62,203,13,10,0,0,0,27,0,421,271,608,60,1,232,0,4,1,2
ERR561301,ob_goodrich,H,10,0,0,76,2033,0,1,3,304,0,0,2080,627,47,565,0,1,9,0,85,441,19,199,3,582,26,0,1799,4,131,272,0,34,14,17,1,1003,11,893,2,39,3,2,4,0,0,1255,2,1,0,0,1,36,159,32,0,0,3,0,0,3,3297,588,79,61,2,291,0,20,169,2
ERR561302,ob_goodrich,OB,30,0,1,656,902,0,0,21,364,0,0,2902,114,25,268,0,5,4,0,537,758,35,259,2,413,0,0,1978,22,303,181,0,0,186,1,17,520,5,2377,1,13,7,1,0,2,0,786,0,0,0,1,5,51,164,298,2,0,0,0,1,13,408,887,89,185,0,38,0,122,90,1
ERR561303,ob_goodrich,OW,6,0,0,3,888,19,3,1,24,0,12,5498,479,376,347,0,10,44,0,31,440,18,848,8,1001,1,0,945,42,159,140,0,0,241,88,2,930,6,477,0,297,10,1,0,0,0,1765,8,1,2,1,26,42,183,153,0,0,1,0,1,1,5961,2070,199,15,6,110,97,12,337,0
ERR561304,ob_goodrich,OW,5,101,1,326,3377,0,1,8,188,0,1,7423,666,547,493,0,102,3,0,216,54,0,63,3,48,17,0,82,0,578,92,0,0,11,1999,4,1999,13,58,0,2,2,0,0,1,0,301,1,2,0,14,1,38,101,229,0,0,1,0,23,18,70,2956,75,39,28,39,27,10,0,1
ERR561305,ob_goodrich,OW,0,0,0,138,195,0,0,34,72,0,0,1196,86,1,352,0,6,0,0,289,103,1,461,12,87,0,0,193,3,0,33,0,0,2,1,0,54,0,77,0,2,1,0,0,1,0,971,1,0,0,0,10,29,432,23,0,0,60,0,1,2,580,36,39,181,0,7,0,2,3,12
ERR561306,ob_goodrich,OB,25,0,0,221,1842,0,7,9,85,0,1,13202,592,395,1504,0,0,17,0,125,203,429,1076,79,72,22,33,366,260,250,524,0,0,12,37,44,952,30,1309,1,0,15,6,0,0,0,343,0,2,0,0,0,56,226,918,0,0,1,0,13,4,4238,2180,781,48,1,45,0,2,6,0
ERR561307,ob_goodrich,H,0,0,0,231,242,0,0,18,941,0,0,1258,3,10,904,0,19,3,1,64,331,26,828,5,120,0,0,2535,0,2,125,0,0,2,0,0,39,2,324,0,21,3,0,1,0,0,1448,0,1,0,0,0,22,103,62,0,0,45,0,1,2,255,204,301,30,0,188,0,6,10,10
ERR561308,ob_goodrich,OW,31,1,5,306,1033,0,1,4,3609,0,1,1321,127,457,2323,0,20,51,0,515,447,82,157,1,73,55,0,504,26,2,1256,2,6,48,0,67,104,13,238,4,1,44,0,0,2,0,962,0,0,0,1,1,7,722,1019,0,0,0,2,328,1,60,87,464,156,17,193,0,6,0,2
ERR561309,ob_goodrich,OB,2,7,1,2514,4880,0,2,4,131,0,8,1065,530,322,1287,0,54,1,10,90,147,12,96,33,59,0,53,334,93,0,306,0,0,79,595,5,370,6,258,1,3,4,0,0,1,0,80,0,0,0,179,1,610,191,1362,0,0,0,0,0,5,855,100,251,123,8,81,0,37,0,24
ERR561310,ob_goodrich,H,0,0,0,23,159,0,1,22,193,0,0,1534,27,27,957,0,0,8,2,70,30,12,236,25,73,0,0,3725,1,0,187,0,0,7,0,2,68,6,378,0,0,2,0,0,1,0,589,0,0,0,43,0,28,169,60,0,0,42,1,6,0,465,496,248,34,1,32,0,1,2,5
ERR561311,ob_goodrich,H,0,0,0,15,639,0,0,15,1443,0,0,2200,81,3548,5015,0,3,0,0,139,600,39,250,50,146,178,4,1535,1,2,2123,11,0,25,5,117,584,69,1266,0,0,153,2,1,0,0,190,5,0,0,0,0,4,188,423,1,0,80,1,2,2,663,152,901,1,11,173,0,0,1,0
ERR561312,ob_goodrich,H,1,5,0,447,18,3,2,2,76,0,2,676,2,33,533,0,0,8,0,458,153,1,364,0,95,0,0,194,32,0,31,0,0,100,0,10,79,1,209,0,0,3,0,5,12,0,161,0,0,0,226,97,0,92,177,37,0,0,0,68,0,319,251,68,568,1,79,0,1,23,0
ERR561313,ob_goodrich,OW,0,0,0,450,210,0,0,5,55,0,0,1434,0,0,1130,0,0,0,0,65,52,80,364,15,17,0,0,231,1,2,46,0,0,14,0,26,286,5,404,0,1,13,0,0,0,0,529,0,1,0,33,0,0,311,2,0,0,121,0,1,2,462,224,206,126,0,58,0,0,1,0
ERR561314,ob_goodrich,H,2,0,0,12,189,0,4,4,879,0,0,6632,0,6,2242,0,0,1,0,40,73,51,496,6,19,0,3,1219,0,0,155,0,0,0,0,13,19,12,549,0,0,0,0,0,0,0,131,0,0,0,1,0,11,141,9,0,0,54,0,0,0,397,326,366,11,0,32,0,0,0,0
ERR561316,ob_goodrich,H,2,0,0,3,360,0,1,31,93,0,7,362,27,4,1147,0,8,3,0,61,396,11,433,12,34,0,1,720,100,313,283,0,0,257,0,1,54,2,289,1,0,16,0,0,0,0,455,0,0,69,1,2,58,167,208,57,0,0,0,482,0,1141,723,324,10,0,16,0,20,1,9
ERR561317,ob_goodrich,H,14,0,1,499,5206,0,0,0,89,0,7,22253,1294,214,314,2,51,0,1,174,779,73,183,6,143,7,0,240,47,68,102,0,1,21,165,0,1339,11,34,0,39,4,2,0,0,0,767,10,0,0,26,12,169,138,1006,0,0,6,0,24,6,205,918,38,53,458,97,49,10,716,0
ERR561318,ob_goodrich,H,8,0,1,600,1046,0,4,26,128,0,0,829,65,216,2116,0,14,45,0,1302,32,2,260,32,346,67,0,299,0,1131,986,0,0,609,0,2,635,15,297,3,0,16,1,6,1,0,1851,4,0,0,859,2,8,197,268,66,0,167,0,77,14,1202,304,157,95,0,51,0,0,2,0
ERR561319,ob_goodrich,OB,34,15,1,1,1234,0,0,1,207,2,0,13307,2654,58,755,15,0,19,0,237,135,56,462,0,80,0,4,2366,0,355,204,0,0,72,2,0,7073,31,273,2,2,12,12,0,2,0,934,1,0,0,0,0,410,141,719,0,631,0,0,2,8,2670,783,356,517,36,28,0,12,6,0
ERR561320,ob_goodrich,H,33,0,1,424,1030,0,0,6,335,1,23,17992,11,629,208,0,0,10,0,323,268,52,226,19,1828,311,0,138,0,1,52,4,0,102,799,297,443,234,411,2,1,5,13,0,0,0,148,6,0,0,0,0,49,215,1840,1,5,134,0,3,18,37,486,492,39,5,1031,10,49,0,0
ERR561321,ob_goodrich,OW,0,0,1,914,123,0,2,3,674,1,18,7142,75,254,2464,0,7,57,0,230,18,30,142,171,6,30,15,140,0,372,570,0,0,8,20186,28,267,95,437,1,0,16,6,0,3,0,917,1,1,0,0,2,0,38,135,154,32,0,0,8,3,3881,760,490,16,11,22,0,1,0,0
ERR561322,ob_goodrich,OW,5,1,1,1,14717,0,0,19,191,0,2,28863,2368,782,765,0,0,1,0,295,565,0,2739,7,398,8,0,394,0,224,132,0,0,26,29,4,2503,9,633,0,2146,2,0,0,0,0,1835,0,0,3,0,1,134,339,317,1,577,3,0,3,13,2007,740,133,119,429,26,0,29,1881,0
ERR561323,ob_goodrich,OW,22,0,3,14,1084,0,1,0,21,0,2,14031,97,4,381,1,30,3,0,22,17,0,471,47,114,0,1,28,162,1,25,0,151,5,9914,2,785,10,1,0,27,1,6,1,0,0,254,766,0,0,48,1,51,22,1278,1085,38,399,0,511,5,816,784,203,44,114,21,0,0,250,2
ERR561324,ob_goodrich,H,1,0,2,752,3472,0,0,5,498,0,0,13537,0,612,744,0,287,0,0,317,3,1223,880,58,2,9,40,1819,0,1,3,0,0,181,491,939,0,92,4,5,0,55,0,0,0,0,248,3,0,0,0,1,85,348,1690,1,0,16,5,9,14,31,16,811,0,6,623,0,0,1,0
ERR561325,ob_goodrich,H,0,0,0,142,2811,0,1,0,60,0,6,9526,1426,0,260,3,36,8,0,4210,5,4,498,88,63,0,0,24,16,0,29,0,0,0,0,2,1561,27,4,0,32,3,1,0,0,0,1210,0,0,0,0,3,82,122,1798,0,84,38,0,0,3,1290,248,58,78,14,2,0,0,1,6
ERR561326,ob_goodrich,H,1,0,1,167,343,0,0,4,39,0,0,535,18,3,396,0,3,14,0,343,124,2,380,10,68,0,7,289,173,0,263,0,0,388,1,1,72,3,368,0,0,2,0,0,1,0,554,7,1,0,12,0,20,203,30,94,0,38,0,259,0,629,1656,132,397,1,62,0,28,6,59
ERR561327,ob_goodrich,OB,11,0,0,1669,1608,2,2,8,124,0,2,3739,535,75,777,0,194,14,12,166,233,5,276,150,360,1,1,995,2,2,315,0,0,9,0,0,479,34,130,0,1,12,3,0,0,0,161,13,1,0,52,0,83,128,518,0,0,87,0,7,39,896,124,551,154,4,227,0,50,0,94
ERR561328,ob_goodrich,H,7,0,0,416,1157,0,3,3,83,2,14,17205,11,33,599,5,0,3,4,768,252,38,631,23,876,0,0,439,1,300,109,0,0,7,0,2,2844,217,849,0,13,0,25,0,4,0,1057,0,0,0,0,0,0,167,1590,1,0,0,0,3,28,2559,878,81,10,18,23,14,11,6,0
ERR561329,ob_goodrich,OW,0,69,0,25,4092,0,1,8,48,0,24,13464,737,133,369,2,28,31,0,23,125,2,724,24,203,10,0,316,0,1,41,0,0,1608,2,0,902,9,1508,0,12,1,3,0,0,0,433,0,0,0,1,1,61,523,3633,2088,34,2,0,0,3,1330,1010,42,165,7,317,453,6,5,0
ERR561330,ob_goodrich,OW,2,0,0,727,843,0,0,0,339,0,1,2183,8,124,1931,0,12,13,0,770,2,20,1071,200,0,0,1,393,0,0,402,0,0,16,0,4,2,21,0,1,0,13,0,0,0,0,200,0,0,0,1,0,29,221,894,64,0,250,0,1,4,623,56,19,849,0,11,0,0,0,1
ERR561332,ob_goodrich,OW,9,2,0,2267,800,0,8,65,143,0,5,21970,0,887,480,0,0,0,0,746,500,178,660,35,13,0,15,130,10,45,154,0,1,129,59,437,162,137,2,100,0,0,1,0,0,0,194,0,1,0,0,9,0,133,638,0,1,0,8,27,7,28,17,42,0,7,324,0,0,0,0
ERR561333,ob_goodrich,OW,149,0,4,0,4337,0,0,0,198,0,0,27521,245,0,595,0,32,10,0,5,101,5,943,728,1,19,0,244,0,144,196,0,0,8,3,0,8,229,0,1,0,19,0,0,0,0,612,0,0,0,0,0,10,221,1208,0,10,0,1,2,5,892,2,317,0,0,195,1,2,0,0
ERR561334,ob_goodrich,H,2,0,0,1064,1963,0,0,13,4371,0,3,1128,198,315,8803,0,11,37,0,100,863,174,252,8,21,0,0,1311,0,3,363,0,0,26,6,47,1095,18,271,4,0,56,1,1,5,0,138,0,0,0,0,0,19,47,66,0,1,115,0,0,5,1229,698,268,38,0,101,0,8,3,0
ERR561335,ob_goodrich,H,2,0,0,113,527,0,1,1,771,0,0,655,9,15,609,0,1,1,0,9,164,2,92,6,67,0,0,105,0,3,67,0,0,2,1,28,43,1,68,0,0,6,1,0,0,0,51,0,0,0,0,0,6,23,740,0,0,11,6,0,0,172,583,354,4,0,14,0,4,0,0
ERR561336,ob_goodrich,H,2,0,1,450,747,0,2,3,647,0,0,1531,85,1,326,0,22,25,0,64,86,44,130,24,115,0,0,146,0,0,45,0,0,3,9,5,10,11,272,4,1,16,0,0,0,0,162,1,10,0,0,18,28,197,1118,0,1,90,0,1,6,60,52,239,128,0,68,0,9,0,105
ERR561337,ob_goodrich,H,0,8,0,133,260,0,0,0,124,0,0,1505,15,20,145,0,4,2,0,35,86,1,80,0,80,0,0,136,0,26,43,0,0,0,0,1,17,0,64,0,0,1,0,0,0,0,19,3,0,0,64,0,23,71,196,38,0,0,0,588,0,67,24,44,159,0,17,0,1,0,1
ERR561338,ob_goodrich,H,0,0,0,4447,59,0,4,13,36,0,1,261,15,10,980,0,7,4,0,188,33,8,369,16,36,1,2,433,37,0,230,0,0,2,5,5,816,14,198,1,1,3,0,0,7,0,107,0,0,0,91,0,4,75,36,0,0,11,0,216,2,210,13,294,4,1,40,0,0,0,0
ERR561339,ob_goodrich,OW,2,0,2,54,979,0,0,2,437,0,3,697,127,28,5045,0,7,9,2,240,1207,14,1456,2,747,53,0,662,0,138,1381,0,0,1,0,2,680,3,502,0,0,24,0,0,1,0,894,0,4,0,1,0,50,165,37,0,0,93,7,589,2,1249,764,1210,239,7,150,0,133,2,1
ERR561340,ob_goodrich,H,4,0,0,53,969,0,1,28,265,0,5,2379,633,4,1920,0,40,0,1,176,11,81,525,14,44,0,0,194,0,178,26,0,0,148,134,12,483,112,8,0,0,14,11,0,0,0,705,0,0,0,0,0,130,342,335,0,0,0,0,1,7,1589,141,404,1,0,156,0,2,0,0
ERR561341,ob_goodrich,H,0,98,0,1888,0,0,0,0,448,0,0,4522,0,15,1844,0,0,0,0,5,313,216,812,1,98,0,6,62,0,181,58,0,0,45,0,0,7,13,0,0,0,0,0,0,0,0,205,14,1,0,0,0,0,16,0,0,0,0,0,0,0,364,1,343,0,1,24,0,13,0,0
ERR561342,ob_goodrich,OW,4,2,0,105,781,0,1,16,271,0,1,1117,46,14,895,0,7,9,0,90,89,18,340,12,60,0,0,833,0,7,352,0,1,83,0,2,40,3,107,0,0,7,0,0,0,0,469,0,2,0,26,3,26,739,131,1,0,27,0,0,0,175,118,275,213,3,38,0,17,11,111
ERR561343,ob_goodrich,H,3,0,2,13,1861,0,1,35,131,0,0,17960,916,1,1185,42,50,7,8,183,11,2,2053,46,41,13,0,644,208,0,154,0,0,69,0,0,716,20,175,3,30,12,3,0,5,0,3333,0,9,0,0,13,38,239,464,4004,84,349,0,11920,8,354,400,435,216,6,59,33,1,0,26
ERR561344,ob_goodrich,H,0,0,0,7,131,0,0,1,29,0,0,643,23,2,314,0,7,4,0,36,88,13,87,5,271,0,0,79,4,37,80,0,0,5,0,2,8,2,114,0,2,7,0,0,0,0,160,2,0,0,0,1,10,34,54,0,0,2,0,0,0,454,30,163,17,0,3,0,6,4,0
ERR561345,ob_goodrich,H,0,0,0,114,108,2,2,38,206,0,0,2611,16,5,787,0,3,17,0,220,211,9,475,2,95,0,0,311,0,13,180,0,0,2,0,18,104,2,43,0,0,3,0,1,12,0,257,0,0,0,1,3,8,224,152,0,0,12,0,2,5,495,281,239,49,0,117,0,20,6,0
ERR561346,ob_goodrich,OW,4,0,0,1192,1405,0,3,5,329,0,33,1630,218,373,3141,0,8,55,0,68,255,13,236,40,49,13,0,2114,0,1,907,0,0,1398,314,0,1003,19,332,0,1,32,0,0,13,0,322,0,2,0,1,8,19,12,992,79,1,18,1,8,7,2852,81,370,94,5,89,0,25,2,3
ERR561347,ob_goodrich,H,0,0,0,268,349,0,0,3,112,0,1,551,18,7,340,0,3,5,0,107,134,0,444,0,92,0,0,176,1,64,136,0,0,11,0,1,45,2,119,0,0,4,1,0,1,0,367,0,0,0,13,17,22,114,1,0,0,0,0,8,1,788,103,81,123,0,22,0,2,1,0
ERR561348,ob_goodrich,OB,0,0,0,1,44,0,1,2,19,0,0,101,2,1,390,0,0,1,3,24,67,3,553,2,70,0,0,530,0,0,45,0,183,130,0,0,46,0,472,0,0,0,0,2,0,0,219,0,0,0,17,0,0,38,34,0,0,0,0,0,1,357,126,31,31,0,46,0,4,11,0
ERR561350,ob_goodrich,OB,0,0,0,0,8,0,0,0,607,0,0,36,0,0,676,0,0,0,0,10,0,5,25,31,0,0,0,0,0,271,262,0,0,63,2,4,2,0,0,0,0,0,0,0,0,0,347,0,1,0,0,0,3,2,5,0,0,0,0,1,0,1384,0,50,0,0,10,0,0,0,0
ERR561351,ob_goodrich,OB,0,70,0,1,19,13,0,2,5,0,0,19,0,1,166,0,0,43,1,19,28,1,411,0,4,0,0,1528,52,54,91,0,0,7,0,0,7,2,27,0,0,2,0,0,0,0,518,7,0,0,16,0,0,88,172,76,0,0,0,8337,0,324,198,34,12,0,14,0,1,0,0
ERR561352,ob_goodrich,H,2,0,0,236,12218,0,2,33,462,0,10,8024,3814,230,575,6,50,1,1,269,62,4,486,74,125,0,0,949,206,215,364,0,0,71,0,1,5284,5,117,1,22,2,6,0,3,0,946,0,0,0,0,3,110,445,1683,0,220,0,0,3,27,765,1328,73,487,10,95,74,4,0,0
ERR561353,ob_goodrich,OW,8,0,0,34,800,0,2,3,1036,0,0,4817,1084,183,1337,0,25,25,0,722,1010,32,2414,62,83,0,0,1782,0,235,444,0,0,2,3,27,2249,29,156,1,7,12,0,42,0,0,607,0,0,0,0,2,311,197,89,0,4,0,0,0,5,7145,749,498,128,3,135,0,13,9,29
ERR561354,ob_goodrich,OW,0,0,1,10,37,0,0,36,2409,0,1,3246,1,5,2704,0,1,23,0,267,3850,44,444,12,508,0,0,464,0,0,413,0,0,25,0,1,358,2,428,5,469,17,0,0,0,0,296,8,17,2,0,0,16,26,13,0,0,25,0,0,0,2543,94,859,7,12,59,0,56,298,0
ERR561355,ob_goodrich,H,1,0,0,3,806,0,0,2,143,0,0,636,14,0,207,0,8,6,0,63,67,11,228,3,52,0,0,153,0,51,161,0,0,3,4,8,5,1,76,0,1,0,0,0,0,0,112,0,0,0,0,0,12,117,504,0,1,0,1,3,0,121,2415,57,83,0,11,0,4,0,32
ERR561356,ob_goodrich,OW,7,0,0,4,72,0,0,1,122,0,0,59,2,3,207,0,8,440,0,37,442,1,404,10,318,0,0,1087,11,223,153,0,0,9,0,1,192,0,61,0,17,1,0,0,0,0,526,5,0,0,33,3,16,193,27,8,1,0,1,7330,4,736,227,60,93,0,19,0,14,23,59
ERR561357,ob_goodrich,OB,62,0,1,268,4536,0,3,10,16,0,1,3073,703,123,561,0,100,32,2,2077,45,7,330,17,47,0,0,133,0,1,379,0,1,458,429,0,1194,40,2,0,8,17,11,0,4,0,123,0,3,0,62,0,7,2019,155,0,0,105,3,2,7,294,370,43,574,8,26,0,24,0,2
ERR561358,ob_goodrich,OW,0,0,0,2429,1878,0,4,0,60,0,0,550,157,28,56,0,25,18,6,455,56,27,38,12,153,12,4,167,29,0,152,0,0,223,4398,42,39,24,289,1,0,17,0,0,0,0,83,0,0,0,69,320,4,24,16,10,2,23,0,2,15,104,49,146,66,1,286,0,12,0,1
ERR561359,ob_goodrich,H,5,0,4,98,396,1,0,6,562,0,1,4474,193,1297,7437,0,24,10,0,514,749,59,891,130,365,0,17,1256,89,8,2536,0,0,299,11,578,247,47,4675,4,7,1,0,23,0,0,409,10,0,0,2,0,15,100,300,0,0,23,52,4898,0,612,395,323,61,14,122,0,2,4,0
ERR561360,ob_goodrich,OB,19,0,0,162,313,0,1,3,578,0,2,2050,186,79,4124,0,3,11,0,81,305,42,611,183,396,0,2,233,1,390,776,0,32,24,6,15,293,33,353,2,0,69,1,0,0,0,544,15,0,0,8,0,12,125,138,466,0,4,1,1,7,5989,377,533,8,0,65,0,13,0,0
ERR561361,ob_goodrich,OW,0,1,1,14,4011,0,0,0,305,0,0,37868,13,1,2449,1,0,7,0,27,7,18,1056,208,1186,0,0,6,1,0,178,1,0,27,1,2,756,343,329,0,1,24,16,0,0,0,386,1,0,0,0,0,202,31,8444,0,1,435,0,2,2,2942,8,394,1,2,14,0,1,1,0
ERR561362,ob_goodrich,OB,1,1,0,17,119,0,0,19,408,0,0,1663,16,9,1897,0,0,43,0,53,70,35,806,62,74,0,0,2022,0,4,328,0,3,12,1,3,35,4,228,1,0,19,1,0,1,0,576,1,1,0,11,0,9,142,31,1,0,27,0,6,1,705,392,330,16,1,31,0,2,16,0
ERR561364,ob_goodrich,H,5,0,1,0,4988,0,7,5,352,0,12,14070,1395,87,628,2,114,0,0,106,456,0,815,75,17,7,0,1428,85,85,264,0,0,1,133,3,435,44,201,0,54,7,9,0,11,0,219,0,0,0,1,0,96,245,2323,0,0,530,0,1,17,924,170,141,563,17,56,38,20,30,0
ERR561365,ob_goodrich,OW,4,0,0,21,940,0,0,2,249,0,0,1753,17,59,1165,0,4,4,1,676,241,31,688,111,376,0,8,36,198,1,511,0,0,26,2,109,10,10,388,1,0,11,0,0,3,0,153,0,0,0,0,0,29,254,1005,0,0,50,0,1,2,257,505,165,1012,0,164,1,0,0,9
ERR561366,ob_goodrich,H,2,0,0,1890,782,0,0,0,543,0,0,1059,140,1,1515,0,16,9,0,24,15,3,1429,27,0,0,0,395,0,0,178,0,0,65,0,6,36,5,151,0,0,4,1,0,6,0,92,0,0,0,0,0,45,393,1250,0,0,30,0,2,0,210,503,62,1,1,54,0,0,0,0
ERR561368,ob_goodrich,OB,1,0,0,7,357,0,0,0,3506,0,0,3704,100,77,10236,0,1,2,0,44,153,964,343,7,37,0,1,509,3,226,2657,0,26,1034,53,1,19,2,3,1,0,0,1,0,0,0,2491,0,0,0,2,0,3,5,66,0,1,2,0,0,0,301,26,1646,2,1,40,0,0,1,1
ERR561369,ob_goodrich,OW,14,0,0,37,2581,9,0,0,105,0,0,4702,1375,539,184,11,50,2,0,101,907,4,270,1,154,28,0,770,1,389,151,0,98,1,36,2,1769,9,173,0,21,0,2,0,0,0,494,8,0,0,0,10,56,383,1359,3,40,5,0,14845,13,376,581,54,170,1,42,22,4,108,4
ERR561370,ob_goodrich,OW,11,0,0,0,4478,0,0,3,88,1,8,22915,158,118,630,0,52,0,0,146,71,4,423,103,66,0,0,93,0,339,101,1,0,11,1,1,1356,33,3,3,32,17,4,0,0,0,329,1,0,0,306,0,76,39,1060,0,0,0,0,24,58,2195,909,138,392,38,220,14,0,13,0
ERR561371,ob_goodrich,H,6,0,2,598,7313,0,2,5,484,3,26,4635,48,1068,1651,20,0,4,0,133,742,70,128,1,74,0,0,250,0,956,307,13,0,2,20,185,1324,23,1041,11,9,23,4,0,5,0,832,1,76,2,0,0,29,103,183,0,27,0,0,3,41,4957,717,197,1834,117,79,0,60,17,0
ERR561372,ob_goodrich,OB,1,0,0,163,689,0,2,91,402,0,3,4751,234,26,1499,0,109,6,0,37,2,9,1660,52,42,11,0,1733,10,334,210,0,0,4,2,3,2100,16,572,1,0,12,0,0,3,0,533,0,0,0,0,0,147,334,518,0,0,0,0,1,2,2493,1107,203,92,2,51,0,0,1,0
ERR561374,ob_goodrich,H,17,0,0,5168,384,6,3,2,275,0,0,11896,0,51,634,0,4,26,6,1358,301,20,297,6,183,0,53,6048,6,12,159,0,0,131,8,17,220,21,764,2,0,4,0,0,0,0,307,2,2,0,127,5,1194,720,1590,0,0,245,1,0,5,180,241,98,274,1,198,0,2,1,0
ERR561376,ob_goodrich,H,3,21,0,264,1392,29,0,13,336,0,0,2525,152,553,1523,0,32,3,76,77,2557,14,213,8,854,2,0,857,6,2,1239,0,10,247,2,4,1012,5,570,0,2,11,2,23,0,0,485,1,0,0,122,4,21,217,316,546,0,1,0,4944,7,893,668,695,135,1,82,1,62,9,1
ERR561378,ob_goodrich,H,2,0,0,14,797,0,2,0,47,0,1,845,31,1,424,0,7,2,0,302,274,0,427,5,562,0,1,751,0,66,90,0,0,149,0,6,10,3,89,0,4,2,0,7,0,0,439,0,0,0,16,0,96,152,1,0,0,0,0,1,1,309,99,72,93,0,8,0,98,21,0
ERR561379,ob_goodrich,OW,4,0,1,844,2433,0,7,6,626,0,3,2745,1181,39,1007,0,2,12,0,143,81,47,95,25,29,9,8,687,14,1019,495,0,1,41,18,24,295,23,787,1,1,30,0,1,4,0,305,37,0,0,2,2,32,971,108,4,2,2,28,5,5,388,150,185,54,0,117,0,3,5,7
ERR561380,ob_goodrich,H,0,0,0,0,964,0,0,3,24,0,0,418,8,2,55,0,3,1,0,57,69,5,103,1,29,0,0,63,26,40,55,0,2,29,1,0,5,1,25,0,0,1,0,0,1,0,190,0,0,0,0,4,19,222,582,36,0,47,0,216,1,31,57,225,1,0,24,0,5,3,39
ERR561382,ob_goodrich,OW,2,0,5,64,1478,0,0,48,39,0,1,1364,160,21,1807,0,31,9,2,386,2012,1,671,6,1591,22,0,1286,14,1129,1805,0,3,442,4,5,5712,1,205,6,87,7,0,0,0,0,335,0,0,0,431,1,29,229,63,100,0,0,362,873,1,3490,86,697,86,59,33,0,33,194,2
ERR561383,ob_goodrich,OW,0,0,0,410,96,0,0,3,79,0,1,1671,0,0,77,0,1,0,0,107,5,12,86,1,0,0,0,105,0,0,11,0,0,0,0,2,4,0,16,0,0,1,0,0,0,0,39,0,0,0,0,0,8,20,557,80,0,35,0,0,0,57,4,25,57,0,9,0,0,0,0
ERR561384,ob_goodrich,H,17,0,1,998,2876,0,1,43,659,0,12,8043,0,63,2689,3,0,25,21,101,70,26,227,79,7,0,0,905,0,658,718,8,0,58,1,6,1851,26,627,0,36,2,1,0,0,0,731,0,1,0,0,0,0,36,4,2,3,0,0,0,10,4862,2258,248,677,43,42,0,0,12,0
ERR561385,ob_goodrich,H,30,0,0,0,1349,0,2,32,343,0,3,2515,93,33,2461,0,23,155,0,528,1266,14,564,4,313,3,0,1615,261,2,582,0,0,1447,23,11,379,30,1246,0,0,39,1,0,1,0,962,0,1,0,43,1,26,206,2343,0,0,16,0,838,5,798,519,802,128,0,217,0,35,0,2
ERR561386,ob_goodrich,OW,0,0,0,1327,2592,0,4,1,18,0,0,2655,327,70,667,0,0,5,0,16,55,8,239,3,103,4,0,494,1,691,138,0,10,14,4,1,124,4,348,0,0,998,2,0,0,0,694,0,0,0,0,85,92,438,491,149,0,28,11,6550,5,539,401,335,208,9,15,1,97,73,0
ERR561387,ob_goodrich,OW,0,1,0,11064,278,0,0,1,325,0,0,1500,75,39,1295,0,10,2,0,54,237,98,3685,50,10,0,0,100,77,10,95,0,1,21,0,0,94,102,187,0,0,0,0,0,0,0,77,8,1,0,2,0,27,208,67,0,0,2065,0,4,2,1247,153,213,10,4,39,0,3,2,1
ERR561388,ob_goodrich,OW,36,0,0,611,956,0,6,34,199,0,1,5034,184,3,865,0,0,16,0,71,63,11,1390,6,42,3,0,1682,74,1,149,0,0,236,126,2,421,16,1686,3,2,10,4,0,4,0,1042,0,0,0,51,4,53,444,416,0,1,149,36,54,10,159,7,693,194,1,558,3,12,0,0
ERR561389,ob_goodrich,OB,0,0,4,2,3389,0,0,0,41,1,0,32571,91,83,311,0,0,0,0,283,141,20,260,11,145,0,3,75,0,1,146,1,1,3,4755,19,657,25,34,11,1,5,0,0,11,0,200,2,0,0,0,0,0,91,5554,753,100,83,0,3,2,309,179,390,134,99,92,0,3,24,0
ERR561390,ob_goodrich,OW,57,0,1,53,1945,0,1,6,50,0,1,14124,187,93,403,1,56,8,5,783,16,3,167,11,3,5,0,145,78,15,84,0,0,78,1059,5,783,21,135,0,0,4,1,0,0,0,272,0,0,0,35,1,110,397,1446,677,8,39,0,1,9,899,230,63,74,3,50,20,0,0,3
ERR561392,ob_goodrich,H,284,0,2,922,8873,0,3,1,199,0,8,6408,201,146,194,5,103,0,0,235,921,10,57,1,435,0,0,519,1,2758,67,0,0,65,5,28,523,14,24,2,8,0,6,0,2,0,125,5,0,0,168,7,48,88,1575,93,29,0,0,1,75,80,449,62,53,176,44,0,72,12,2
ERR561393,ob_goodrich,H,3,43,2,99,9468,0,1,113,2,0,0,4114,1,5,941,8,0,29,5,202,21,96,1195,100,1,0,0,235,0,1,132,1,0,647,0,1,7564,25,256,1,8,11,6,7,1,0,1404,8,0,0,0,0,1,1419,1,0,0,158,0,4,18,684,2483,326,143,45,99,110,0,8,0
ERR561394,ob_goodrich,H,12,86,1,666,5082,0,1,9,31,0,1,14008,483,98,227,3,40,3,62,2263,664,23,269,3,285,23,30,566,0,0,86,0,0,23,217,5,829,38,40,0,559,1,3,0,1,0,688,0,0,0,69,0,79,72,1416,1,40,1,0,1793,7,2286,552,53,126,126,14,83,18,31,18
ERR561395,ob_goodrich,H,2,10,0,281,1659,0,2,1079,745,0,0,2636,202,41,1054,0,28,46,67,653,272,16,457,11,135,0,0,2247,39,1,222,0,0,14,0,10,1430,25,834,0,1,8,0,0,0,1,2882,1,3,0,37,7,84,176,1623,0,9,0,0,37,6,778,269,369,144,3,267,2,19,2,27
ERR561396,ob_goodrich,H,2,0,0,470,2701,0,0,0,546,0,2,3,0,0,1867,0,0,34,2,764,35,41,455,75,4,0,0,344,0,73,174,0,0,7,0,32,4,2,1211,1,0,18,0,0,1,0,121,0,0,0,0,0,713,25,2,0,0,0,0,2,5,94,428,190,133,0,31,0,0,1,0
ERR561397,ob_goodrich,OB,34,0,0,576,2152,0,8,1,2017,0,14,1554,414,161,3284,0,0,55,0,378,4931,121,973,10,930,22,1,1775,1189,3,1332,1,0,2,20,64,2928,33,2153,16,2,46,8,0,0,0,541,0,0,0,0,1,41,245,1779,204,0,0,1,13,4,2182,577,1090,203,0,408,0,88,1,0
ERR561398,ob_goodrich,OB,2,0,0,334,1164,0,0,2,2709,0,2,2167,88,298,2991,0,0,31,0,61,355,18,186,63,121,0,5,2034,1,178,940,0,0,95,64,28,143,25,2000,5,0,38,5,0,0,0,670,8,4,0,361,0,18,72,23,0,1,0,0,3,1,3260,251,391,5,0,375,0,12,0,0
ERR561399,ob_goodrich,OW,5,0,0,1058,1826,0,2,14,279,0,0,4330,250,50,1332,0,21,10,0,835,281,3,173,16,201,1,0,335,311,330,340,0,0,378,2,0,817,10,222,0,5,1354,0,0,0,0,831,2,0,0,108,47,30,298,407,0,2,4,0,0,3,533,355,326,573,0,154,0,3,14,2
ERR561401,ob_goodrich,H,27,0,1,534,2753,0,1,0,291,0,2,6201,188,7,827,0,1,12,0,52,399,153,622,2,372,0,1,134,0,186,142,0,0,3,1,12,171,29,187,0,1,4,0,0,5,0,1596,0,0,0,1,11,1,94,98,0,0,0,0,0,4,576,845,312,66,0,30,1,3,8,0
ERR561402,ob_goodrich,OW,14,0,0,115,3989,0,8,34,183,0,1,8275,416,35,1446,0,135,19,0,18,3269,26,549,7,221,9,0,782,1,192,607,0,0,6,7,3,1595,58,609,0,0,15,0,13,0,0,495,0,4,0,12,2,184,874,119,0,1,75,0,1,4,7048,1523,571,174,0,110,0,46,1,63
ERR561403,ob_goodrich,OB,11,0,0,476,2581,0,5,11,20,0,16,1031,177,47,2290,0,37,0,1,1592,8,513,598,89,16,12,0,190,175,1203,149,1,6,112,393,26,732,62,13,1,0,23,2,0,0,0,93,0,0,0,2,0,15,181,65,0,1,0,0,2,46,56,63,33,928,3,71,0,4,5,0
ERR561404,ob_goodrich,H,0,0,0,195,164,0,0,0,155,0,0,2677,53,2,1054,0,1,9,0,83,35,9,1599,6,52,0,0,164,0,57,77,0,0,21,0,3,90,2,128,0,0,7,0,3,0,0,427,0,0,0,18,2,23,328,271,0,0,4,0,43,1,844,437,164,100,0,11,0,1,2,2
ERR561405,ob_goodrich,H,16,46,1,191,1621,0,4,8,374,0,13,5977,444,253,544,17,98,6,0,118,23,1,313,43,19,11,0,352,8,0,177,0,0,175,19,1,1763,6,112,0,45,0,2,0,0,0,232,8,0,0,45,55,54,158,820,369,8,224,0,560,2,203,148,45,662,1,15,90,1,3,65
ERR561406,ob_goodrich,H,2,0,0,260,269,0,1,43,24,0,0,447,48,0,299,0,0,0,0,55,9,0,29,4,17,0,0,223,0,374,47,0,0,1,1,2,64,0,63,0,0,0,0,0,1,0,124,0,0,0,0,0,2,161,81,0,0,0,0,0,0,55,30,17,68,0,21,0,0,0,4
ERR561407,ob_goodrich,OB,0,0,0,22,174,0,0,0,16,0,0,1525,0,0,66,0,0,0,0,5,17,1,46,1,14,0,0,17,1,28,93,0,0,0,0,3,13,0,60,0,1,0,0,0,0,0,117,1,0,0,0,0,0,72,4,0,0,0,0,1,0,625,7,10,0,1,1,0,0,46,0
ERR561408,ob_goodrich,OB,0,0,0,197,20,0,1,6,751,0,6,15,0,13,339,0,0,4,1,188,59,0,10,2,132,0,0,97,37,181,133,0,0,123,0,3,9,2,91,0,0,7,0,0,0,0,77,0,0,0,560,17,0,60,18,2,0,0,2,1,0,489,24,138,58,0,5,0,31,0,0
ERR561409,ob_goodrich,OB,4,67,1,5,661,6,0,0,65,0,14,2776,170,153,267,3,132,218,6,236,20,0,468,51,7,8,0,86,29,0,120,0,0,52,44,0,1511,9,102,0,103,0,1,0,0,0,1300,0,0,0,1,14,53,193,509,93,0,1,0,29067,5,2091,492,112,122,21,20,326,2,7,4
ERR561410,ob_goodrich,OB,0,0,1,1,56,0,0,0,1846,0,0,15348,125,816,3202,0,0,54,0,1,362,60,1714,1,40,0,1,908,0,39,1166,0,0,154,0,121,430,204,2074,1,0,0,2,0,0,0,137,0,1,0,0,0,84,241,176,0,0,0,0,0,0,775,2,2819,0,2,481,0,30,0,0
ERR561411,ob_goodrich,OW,20,0,3,509,2206,1,4,32,342,7,14,4872,928,2908,690,8,150,337,1,574,25,5,687,64,16,77,0,204,39,0,202,0,20,251,94,9,2921,17,564,0,224,9,1,0,1,0,2156,0,12,0,341,0,92,184,2127,0,171,130,0,1996,24,1424,940,119,151,58,116,34,0,7,17
ERR561412,ob_goodrich,OW,1,0,1,872,452,0,3,11,898,0,5,290,290,1,3086,0,0,20,0,80,497,39,510,2,90,9,0,1495,0,0,935,0,166,15,15,131,828,16,86,17,6,24,1,0,1,0,475,0,0,0,0,6,33,403,801,0,0,66,0,1,16,3669,371,416,44,5,143,0,8,1,0
ERR561413,ob_goodrich,OW,8,0,0,618,1315,0,0,11,1680,0,13,314,19,365,1595,0,0,9,3,238,1444,480,251,23,653,14,1,502,2,707,651,0,0,147,3,35,1504,0,541,6,0,15,1,0,1,0,155,0,0,0,10,5,4,258,96,0,0,0,1,2,1,1131,75,246,6,12,55,0,82,5,0
ERR561414,ob_goodrich,OW,4,406,2,38,568,0,0,11,16,0,2,7886,178,328,209,6,49,0,0,530,1433,0,367,11,624,2,0,2260,147,164,93,0,0,50,11,0,4849,10,178,0,132,6,5,6,0,0,608,0,0,0,19,8,59,275,968,526,364,12,2,8227,8,5468,788,37,75,11,8,17,63,115,26
ERR561415,ob_goodrich,OB,9,0,0,472,216,0,0,40,1287,0,1,2252,0,2,4066,0,0,18,0,12,217,13,399,7,130,0,0,178,0,1,756,0,0,147,450,44,472,13,1812,0,0,14,0,0,3,0,626,0,0,0,0,1,19,53,140,0,0,9,0,9,2,4009,57,820,69,2,208,0,0,1,0
ERR561416,ob_goodrich,H,3,0,0,181,958,0,2,11,187,0,3,4682,72,1,560,0,0,1,4,98,11,6,850,181,23,0,2,234,0,1,338,0,401,2,90,1,492,9,18,0,8,5,0,0,6,1,2274,0,0,0,0,14,0,470,251,0,0,109,1,2,3,1360,2003,106,138,0,73,1,1,8,0
ERR561417,ob_goodrich,OB,0,0,0,504,27,0,0,1,67,0,0,73,3,4,434,0,0,2,0,19,41,1,70,31,76,0,0,84,0,169,67,0,0,0,0,0,12,2,81,0,0,1,0,0,1,0,25,0,0,0,0,0,0,44,245,0,0,0,0,0,0,202,267,191,0,0,11,0,0,0,0
ERR561418,ob_goodrich,H,0,0,0,1,113,0,0,13,717,0,0,585,14,18,1015,0,5,9,1,36,6,5,1184,14,122,0,0,1364,1,4,60,0,1,17,0,0,28,3,123,0,1,1,0,4,1,1,738,1,5,0,28,4,27,94,74,117,0,0,0,0,1,399,375,129,69,0,40,0,0,4,1
ERR561419,ob_goodrich,H,0,0,0,1,66,0,0,0,377,0,0,642,4,39,641,0,0,7,0,4,82,0,107,0,96,0,0,619,0,94,62,0,0,0,0,0,16,0,363,0,0,7,0,0,0,0,72,35,0,0,0,0,7,16,584,49,0,0,0,3,0,183,40,46,14,0,30,0,0,0,0
ERR561420,ob_goodrich,H,0,0,0,1028,174,0,0,4,29,0,3,1119,16,0,21,0,2,0,0,85,10,2,31,5,25,0,0,622,1,9,4,0,0,3,1,0,2,2,11,0,0,1,0,1,1,0,19,0,0,0,50,1,18,180,112,0,0,12,0,178,5,1,3,33,136,0,31,0,13,0,0
ERR561421,ob_goodrich,H,3,0,0,183,3209,0,0,11,487,0,3,1528,241,193,605,0,0,3,0,223,33,12,154,11,20,0,0,147,6,34,441,0,0,69,0,17,132,19,202,0,0,17,5,0,0,0,50,0,0,0,51,0,50,95,292,0,2,0,1,1,71,67,400,166,166,0,43,0,0,0,204
ERR561422,ob_goodrich,OB,0,1,0,13,443,0,0,2,455,0,0,795,45,57,841,0,5,7,0,49,30,7,345,24,87,0,0,1340,45,173,120,0,3,53,4,1,35,1,94,0,1,10,0,1,0,0,397,19,4,0,10,0,75,188,80,30,0,1,1,2,0,239,271,110,58,3,30,0,2,4,8
ERR561423,ob_goodrich,OW,5,0,0,470,190,0,0,0,42,0,0,502,69,8,1222,0,4,1,2,317,259,0,332,12,134,0,0,1045,0,169,100,0,0,0,0,6,51,2,63,0,1,8,0,0,1,0,287,0,0,0,97,10,25,322,9,0,0,0,0,0,0,587,170,275,374,0,63,0,2,15,3
ERR561425,ob_goodrich,H,0,0,3,4,261,0,0,2,3074,0,2,767,55,343,3459,0,3,95,0,106,414,108,88,0,148,24,0,650,0,5,458,0,0,1061,2,3,193,3,242,2,0,41,2,0,1,0,264,0,3,0,3,1,8,17,16,3,0,3,0,2,0,2949,873,1445,103,20,168,0,8,6,0
ERR561426,ob_goodrich,H,9,0,1,357,2071,0,0,1,1191,0,1,1094,1058,462,882,0,118,15,0,191,14,27,239,1,2,43,0,278,0,25,171,0,2,90,5,1,260,21,194,1,1,5,2,1,0,0,2439,285,1,0,121,1,96,210,598,0,0,11,0,6,42,79,226,198,224,5,8,0,0,0,381
ERR561427,ob_goodrich,OW,0,0,2,14025,761,0,0,7,1112,0,0,3604,147,723,4351,0,8,0,0,20,225,52,595,42,19,0,0,2,0,0,157,0,0,102,36,14,157,102,206,19,0,59,3,0,0,0,1720,1,0,0,0,1,10,116,189,1,0,46,0,2,2,39,2,181,0,5,107,0,11,0,0
ERR561428,ob_goodrich,OB,0,0,0,355,898,0,0,18,187,0,0,1699,22,2,856,0,0,1,0,271,163,0,122,1,452,0,0,151,0,50,79,0,0,75,0,2,45,1,56,0,0,4,0,0,0,0,568,0,6,0,0,1,179,37,500,0,1,0,0,1,0,700,153,154,85,0,62,0,7,1,0
ERR561431,ob_goodrich,OW,7,7,0,8,171,2,1,3,1128,0,0,916,54,50,5318,0,30,62,7,500,452,79,609,67,78,3,0,1408,0,51,3442,0,0,599,5,7,562,1,1045,0,6,115,0,0,2,0,234,0,2,0,2,0,21,221,563,15,0,0,0,2203,2,2880,390,2006,442,3,328,0,2,5,0
ERR561432,ob_goodrich,OW,0,0,0,12,292,0,0,2,489,0,0,918,12,107,3165,0,0,61,0,108,27,11,262,74,59,0,0,997,0,1,716,0,0,179,0,1,9,0,1420,2,0,35,1,0,2,0,161,0,0,0,0,0,3,19,392,1,0,0,0,3,0,1644,678,1386,157,0,85,0,0,0,2
ERR561433,ob_goodrich,OW,1,0,0,807,5517,0,2,43,70,0,0,1130,108,42,405,0,0,2,0,540,1,3,89,14,23,0,0,323,1,1,178,0,0,86,327,2,368,9,288,0,0,6,0,0,1,0,224,5,0,0,71,6,131,125,840,0,0,113,1,1,4,153,85,164,54,5,38,0,0,3,10
ERR561434,ob_goodrich,OW,25,0,0,1358,1085,0,0,11,2086,0,19,1322,134,84,887,1,16,3,2,769,291,14,300,17,288,5,0,1054,4,1,506,0,0,309,126,0,852,27,847,0,10,34,5,0,11,0,419,0,1,0,104,83,17,505,23,0,0,144,0,0,9,262,252,407,285,2,124,0,31,38,1
ERR561436,ob_goodrich,H,8,0,0,51,1544,0,2,34,1075,0,0,914,159,717,2318,0,17,4,20,154,15,4,1182,54,17,0,0,1330,0,0,542,0,0,127,0,1,1567,10,245,0,0,35,0,0,3,0,403,0,0,0,0,1,66,389,52,0,2,194,0,599,10,3177,849,377,155,0,136,0,1,1,40
ERR561438,ob_goodrich,H,55,30,0,2139,2029,8,3,7,21,0,14,2337,641,36,245,37,78,204,3,373,150,0,105,1,290,12,8,392,166,2,170,0,0,51,8,0,1198,29,605,0,125,175,6,0,0,0,371,0,0,0,43,47,53,4592,1246,1,3,2,1,37,30,287,568,406,687,15,141,3,12,0,14
ERR561439,ob_goodrich,OW,39,0,0,187,3745,0,1,6,267,0,8,697,290,145,2074,0,55,4,2,875,42,58,569,105,46,0,30,603,189,0,349,0,0,34,2,41,922,38,179,1,0,29,2,9,2,0,885,0,0,0,31,1,22,102,46,0,12,40,0,0,6,5255,249,1271,18,1,136,1,0,2,0
ERR561440,ob_goodrich,OW,26,5,0,551,219,14,6,49,179,0,0,1642,58,73,2379,0,7,8,0,79,2139,6,1203,2,2392,0,0,2303,0,1,1170,0,0,296,0,5,1643,19,1160,0,32,17,0,0,0,0,712,4,0,0,0,0,6,35,578,1,0,2,1,6470,2,2756,1178,808,14,2,225,1,48,26,0
ERR561441,ob_goodrich,OW,0,0,0,0,341,0,0,8,727,0,1,2000,55,63,883,0,0,26,0,200,455,18,314,16,4,0,7,3,0,98,272,0,0,17,0,19,3,8,434,0,0,0,0,0,3,0,270,0,0,0,0,0,102,208,1,0,0,0,0,0,1,330,1562,146,0,0,34,0,0,0,0
ERR561443,ob_goodrich,H,7,308,1,0,1829,34,9,6,76,0,8,6092,17,20,2583,4,0,215,2,102,113,2,2585,123,3,0,0,160,6,0,266,0,0,409,11,4,596,10,597,2,132,5,22,0,1,0,2912,0,0,0,0,1,30,113,1868,7,0,11,0,11505,3,614,214,216,57,18,30,43,0,66,0
ERR561444,ob_goodrich,H,1,0,0,1,2513,0,0,0,38,0,2,28258,1,4,373,1,0,3,0,32,3,8,468,48,3,0,0,72,1,4,17,0,0,0,0,0,524,15,49,0,0,1,0,0,0,0,693,1,1,0,0,0,0,15,201,0,1,30,0,4,0,501,125,32,0,10,38,0,0,0,0
ERR561445,ob_goodrich,OB,14,0,1,607,5349,0,2,20,94,0,0,3302,91,45,644,0,0,0,0,130,221,3,203,1,354,6,0,163,1,921,203,0,0,13,2477,2,733,23,3,0,0,1,0,0,0,0,150,1,10,0,1,2,222,1451,1506,0,0,0,0,93,3,737,410,90,538,0,56,1,1,0,0
ERR561446,ob_goodrich,OW,58,0,1,257,861,0,0,13,114,1,15,20453,681,88,436,4,0,0,0,125,522,10,389,19,377,20,0,28,0,676,224,0,0,13,14,37,1289,147,1113,3,0,24,12,0,0,0,1124,2,1,0,0,4,22,119,341,3,294,1,0,1,15,935,1270,164,6,67,28,0,55,41,0
ERR561447,ob_goodrich,OB,16,168,1,3,2064,4,0,44,704,0,2,3736,339,181,1805,0,13,74,0,61,74,33,428,152,64,1,9,535,0,0,988,0,0,5,67,14,769,11,692,0,18,17,3,0,0,0,702,0,0,0,0,0,40,220,35,0,0,0,3,5,4,7224,1338,724,1,26,213,0,0,5,0
ERR561448,ob_goodrich,H,14,0,0,909,1051,0,0,18,690,0,1,2526,143,50,1384,0,8,96,9,79,723,25,204,55,293,5,0,1151,0,290,446,0,109,0,6,0,2218,6,1009,0,17,28,4,0,1,0,344,0,1,0,34,91,12,629,87,0,0,505,0,0,3,1646,158,240,439,0,110,0,0,60,0
ERR561449,ob_goodrich,OB,2,0,1,490,701,0,2,22,179,0,0,10105,363,14,1818,0,1,18,0,617,18,59,613,31,28,0,0,208,0,0,86,0,0,38,1,2,476,41,9,1,1,0,5,0,0,0,531,0,0,0,2,0,40,61,533,3,0,267,0,6,2,817,333,20,11,1,27,0,2,11,3
ERR561451,ob_goodrich,H,0,0,0,17,206,0,0,1,30,0,0,8508,33,3,2604,0,1,10,0,13,66,5,575,52,240,0,0,354,59,0,412,0,0,337,0,0,9,1,771,0,0,8,0,1,0,0,143,0,0,0,0,0,21,45,70,3,0,22,0,39,0,546,6,304,0,0,3,0,0,0,0
ERR561452,ob_goodrich,OB,4,0,0,219,2450,43,0,19,141,0,7,6862,2624,48,816,11,12,2,9,51,315,3,486,9,786,26,0,1122,5,1,88,0,1,347,29,1,2136,0,73,0,299,5,9,26,1,0,630,0,0,0,91,20,18,521,1199,0,308,139,0,0,4,9804,241,120,128,9,33,0,17,3,3
ERR561454,ob_goodrich,H,4,0,0,429,1183,0,3,40,343,0,29,3279,446,1373,592,7,49,20,0,144,3,2,226,74,1,2,0,204,8,525,246,0,0,27,51,1,2139,10,53,0,6,6,1,0,2,0,289,0,0,0,32,78,35,126,395,550,59,0,0,5084,8,363,259,97,258,1,20,14,0,0,4
ERR561456,ob_goodrich,H,0,0,1,0,215,0,0,33,811,0,0,14632,507,54,3909,0,0,5,0,27,29,21,460,46,5,0,0,386,0,2,171,0,0,3,2,3,1888,29,158,0,332,15,5,0,2,0,843,1,0,0,0,0,6,44,222,0,74,20,0,8,9,4170,138,262,106,368,22,0,0,5,0
ERR561457,ob_goodrich,OW,0,0,0,1,239,12,0,163,188,0,0,1312,257,37,857,0,11,208,2,626,67,12,1639,25,593,7,0,1218,2,468,221,0,6,289,5,1,2575,4,90,0,6,6,2,1,0,0,2531,4,3,0,0,3,32,644,161,270,0,0,0,4188,11,4001,294,276,103,141,135,2,1,43,4
ERR561458,ob_goodrich,OW,6,927,1,55,381,26,3,0,103,0,0,3737,123,187,820,9,10,359,2,58,65,9,1324,167,20,39,0,669,178,0,322,0,0,825,1,0,1830,23,220,0,1,10,2,12,1,0,237,13,0,0,0,0,38,237,1079,671,0,26,0,19056,2,1388,158,483,165,114,24,80,0,1,0
ERR561461,ob_goodrich,H,5,0,0,1733,4866,0,7,17,518,0,9,1233,198,121,242,0,77,5,1,584,245,4,70,37,687,0,0,80,33,47,256,0,0,55,94,8,254,27,69,1,3,4,0,0,0,0,367,1,5,0,139,2,28,421,542,3,0,8,1,3,14,40,146,142,30,6,162,0,38,1,11
ERR561462,ob_goodrich,H,0,0,0,0,204,0,0,15,177,0,0,234,6,10,331,0,1,16,0,7,64,8,134,2,49,0,4,558,0,132,39,0,0,218,0,3,8,0,61,0,0,3,0,0,0,0,92,2,0,0,0,0,3,104,400,0,0,2,0,385,0,199,90,120,6,1,72,0,0,5,0
ERR561463,ob_goodrich,H,4,0,1,122,504,0,7,213,114,0,17,1509,26,30,1840,0,1,848,15,369,2513,92,325,8,4570,5,0,1634,30,117,1305,0,46,15,90,7,357,18,1587,0,4,49,0,0,0,0,480,19,2,0,73,13,11,102,948,55,0,7,0,702,1,1673,291,902,303,0,6,0,486,21,3
ERR561464,ob_goodrich,H,2,0,0,521,231,0,2,1,341,0,3,4436,50,73,1065,0,62,37,1,576,20,37,688,43,13,2,1,135,7,165,269,0,0,20,49,1,1628,26,49,0,0,6,0,0,1,0,2331,0,0,0,2,5,9,168,585,0,2,18,0,0,10,341,572,614,168,1,200,0,1,0,2
ERR561465,ob_goodrich,H,0,24,0,26,249,3,1,14,73,0,0,2379,65,1,359,0,6,11,0,29,158,0,649,23,259,0,5,1052,97,1,154,0,0,6,0,1,13,0,134,0,0,6,0,0,0,0,932,0,0,11,0,1,25,185,365,0,0,0,0,2735,0,953,449,225,7,0,3,0,10,10,22
ERR561466,ob_goodrich,H,1,0,1,76,1853,0,0,4,122,0,0,1153,2,0,385,0,0,0,0,86,41,2,156,38,23,0,2,179,0,64,58,0,0,4,6,19,2,5,5,0,0,4,0,0,2,0,463,0,1,0,0,2,65,124,0,4,0,1,0,3,1,56,1979,198,0,0,43,0,4,1,0
ERR561467,ob_goodrich,OB,6,0,5,0,1057,0,0,9,9871,0,0,9464,4,1,1663,0,0,0,0,382,680,377,1248,21,14,0,8,1973,0,47,141,14,7,115,0,1343,8,21,1804,23,0,0,0,0,0,0,828,62,0,1,0,11,22,171,26,184,0,0,11,9,2,213,1443,261,1,31,774,0,6,0,0
ERR561469,ob_goodrich,OW,3,0,0,1166,1262,0,2,0,337,0,33,16917,266,12,821,4,0,18,0,55,1,8,744,180,6,0,0,151,0,1,100,0,0,1,27,6,1170,24,331,3,51,3,2,0,0,0,913,0,0,0,0,0,29,313,1026,0,468,295,2,5,6,156,678,254,18,14,15,0,0,2,0
ERR561471,ob_goodrich,OB,2,24,0,395,678,0,0,9,2578,0,0,1128,138,646,2611,0,6,21,0,521,551,4,48,1,394,0,0,316,71,58,279,0,0,21,233,114,184,10,5418,2,0,0,0,0,2,0,183,0,0,2,1102,0,4,244,229,15,0,5,0,2,1,365,54,92,51,6,37,0,83,0,0
ERR561472,ob_goodrich,H,3,489,0,0,332,0,0,0,199,0,0,1214,72,42,256,0,35,1,1,603,142,21,607,4,29,0,0,494,0,192,343,0,0,69,0,1,6,2,366,0,0,4,0,0,3,0,465,0,0,14,5,0,93,1602,59,0,0,0,0,43,0,158,295,114,55,0,77,0,6,0,5
ERR561473,ob_goodrich,H,0,0,0,468,2132,0,2,18,288,0,0,90,19,3,1012,0,10,37,1,1309,68,29,119,9,13,0,30,341,0,55,363,0,0,23,0,6,4,6,37,0,0,4,2,0,0,0,812,0,0,0,125,9,28,123,275,0,0,2,0,3,7,39,64,133,156,0,17,0,1,0,31
ERR561474,ob_goodrich,H,1,0,0,1472,605,0,0,3,175,0,0,553,16,0,1125,0,0,8,0,20,6,6,399,27,9,0,0,353,0,83,79,0,0,10,0,20,14,0,44,0,0,4,0,0,0,0,95,0,0,0,0,34,24,52,272,0,0,27,8,10,1,74,22,77,82,1,86,0,7,0,0
ERR561475,ob_goodrich,OW,2,0,8,2271,1510,0,0,7,627,0,7,1082,381,335,2963,0,2,53,0,241,1293,5,405,13,272,60,0,524,64,64,1133,0,3,2720,65,0,542,24,856,1,6,29,0,0,9,0,227,0,0,0,6078,15,20,90,168,87,0,37,1,2,1,1260,174,772,225,1,33,0,28,18,0
ERR561476,ob_goodrich,H,1,0,1,0,190,2,0,14,418,0,0,512,1,2,1268,0,0,7,0,12,1751,2,533,2,946,0,0,133,0,0,200,0,0,146,0,4,61,2,591,0,0,8,0,0,1,0,42,2,0,0,0,0,0,43,1,0,1,79,0,0,0,834,216,134,94,0,120,0,106,24,0
ERR561478,ob_goodrich,H,39,46,1,0,3832,0,6,26,69,1,15,16361,1135,4,781,2,305,11,1,51,125,15,668,63,29,0,0,289,166,0,31,0,0,428,190,31,1700,171,177,0,0,21,17,0,1,0,175,1,0,0,0,0,105,170,2572,1908,37,5,0,4,63,99,338,107,68,3,54,390,6,3,13
ERR561479,ob_goodrich,H,2,0,0,268,21,0,2,8,115,0,0,135,0,5,230,0,0,6,1,101,114,1,276,5,31,0,0,418,0,141,57,0,0,6,0,2,14,0,108,0,0,7,0,0,2,0,147,0,0,0,46,0,1,116,164,14,0,0,0,0,0,488,219,101,82,0,22,0,34,14,0
ERR561480,ob_goodrich,H,3,0,0,833,2655,0,2,11,45,0,2,1096,258,11,637,0,21,1,2,115,217,4,320,9,297,12,0,1281,188,408,163,0,2726,53,3,2,593,9,226,6,18,4,1,0,2,0,485,3,1,0,0,1,46,161,153,0,0,118,1,2,2,1576,1309,25,230,0,28,0,18,39,2
ERR561482,ob_goodrich,H,36,0,2,586,1667,22,2,3,228,1,15,13974,330,89,254,41,138,7,2,106,70,17,75,9,72,5,0,131,264,442,68,0,0,21,32,3,1353,17,274,1,3,0,2,0,2,0,734,0,0,0,737,31,17,210,407,0,77,0,0,4,23,345,374,151,282,7,43,0,1,4,2
ERR561483,ob_goodrich,H,0,0,0,260,102,0,2,2,33,0,0,140,5,1,190,0,0,18,0,27,303,2,1721,1,235,0,0,502,26,1832,69,0,0,58,0,3,15,0,171,0,0,2,0,0,0,0,144,0,0,4,0,1,3,300,313,0,0,0,0,2751,0,269,77,27,57,0,18,0,7,24,2
ERR561484,ob_goodrich,OW,0,0,0,1209,34,0,0,4,62,0,0,9,37,4,190,0,0,1,1,63,545,10,107,4,486,0,0,444,6,1050,63,0,0,9,0,3,16,1,97,0,0,3,0,0,0,0,127,0,14,0,264,37,0,143,42,0,0,0,0,76,0,78,128,32,110,0,22,0,96,6,0
ERR561486,ob_goodrich,H,3,0,0,261,481,0,0,2,195,0,0,1035,3494,6,326,0,20,85,0,228,8,3,359,10,6,0,0,311,1,0,101,0,40,7,142,0,257,7,137,0,0,6,0,0,0,0,128,0,0,0,12,6,26,81,118,97,0,53,0,292,6,169,48,123,145,0,7,0,0,2,13
ERR561487,ob_goodrich,H,42,54,1,1,5262,0,1,56,482,0,12,20111,0,0,612,8,0,13,0,439,3,2,1187,714,1,0,0,223,0,0,97,0,0,109,3,0,1739,13,278,0,3,20,4,25,0,1,2291,0,0,0,0,0,154,144,7,0,0,1,0,3,13,269,1,215,64,21,23,0,0,11,0
ERR561488,ob_goodrich,H,2,0,0,473,598,0,3,3,139,0,0,288,4,7,1623,0,10,69,0,227,811,5,408,4,625,0,0,2357,0,406,508,0,2,32,1,1,34,3,85,2,6,8,1,0,0,0,860,5,1,0,165,5,24,87,0,0,3,0,1,1406,2,653,1175,385,135,1,63,0,156,36,1
ERR561489,ob_goodrich,H,0,0,0,51,167,0,1,165,74,0,0,372,23,2,307,0,4,1,1,43,0,3,809,9,3,0,0,457,0,34,65,0,0,2,0,0,91,1,145,0,0,0,0,1,0,0,473,0,0,0,0,0,3,202,100,0,0,0,0,1,0,152,396,133,150,0,22,0,0,0,1
ERR561490,ob_goodrich,H,2,0,0,8,1213,0,5,20,64,0,1,2033,443,2,1304,0,20,6,4,608,500,4,1465,12,2523,0,0,1193,4,1,518,0,0,43,3,7,1251,13,437,1,56,10,2,0,0,0,581,0,0,0,25,6,76,257,1203,0,0,101,0,0,7,5585,929,153,55,0,4,0,9,6,53
ERR561491,ob_goodrich,OW,0,0,4,18,58,0,0,7,1138,0,1,148,1,1494,3970,0,0,52,0,316,2366,23,745,2,202,181,0,84,1,11,301,0,5,185,2,122,22,2,3893,12,0,38,5,0,3,0,115,44,1,63,0,4,3,19,19,3,0,0,0,0,0,1312,55,387,5,5,53,0,220,0,0
ERR561492,ob_goodrich,OW,2,0,0,47,385,4,0,20,68,0,0,437,36,16,734,0,1,22,0,247,302,4,266,18,173,0,22,1540,147,128,586,0,0,209,0,3,175,3,627,0,1,6,0,21,0,0,1824,18,0,0,52,4,41,148,170,78,0,28,0,571,2,341,135,270,97,0,119,0,23,3,141
ERR561493,ob_goodrich,OW,1,0,0,2,1096,0,2,4,475,0,0,23419,2696,1013,1298,1,0,0,0,39,38,0,433,137,16,0,0,149,0,0,311,0,0,744,18,0,5189,28,193,2,13,5,3,0,0,0,531,0,0,0,0,0,39,80,632,0,1,174,0,6,15,1129,972,167,90,1,8,25,25,7,6
ERR561494,ob_goodrich,H,40,0,0,266,791,0,1,49,33,0,0,12142,363,121,292,4,32,5,0,267,89,0,284,17,88,25,0,444,151,96,98,0,0,8,84,1,2498,10,408,0,8,5,5,0,0,1,1795,0,0,0,4,9,91,158,1782,0,8,78,3,1,20,611,431,182,88,2,49,95,5,31,8
ERR561496,ob_goodrich,OW,0,0,0,3,2669,0,4,0,253,0,2,3586,493,27,1343,0,13,8,0,146,289,6,2278,3,345,5,0,1504,0,374,560,0,0,190,0,9,1594,10,73,0,33,2,1,11,0,0,619,0,0,0,0,0,62,270,815,0,0,0,0,8539,12,2668,128,375,241,0,25,0,6,21,22
ERR561497,ob_goodrich,H,0,0,0,0,824,0,0,0,49,0,0,26532,1,0,448,1,0,0,0,11,3,46,580,12,0,0,0,24,0,813,0,0,0,0,9,0,791,93,0,0,1,9,0,0,0,0,121,0,0,0,0,0,0,120,4414,1,0,0,0,9,2,2169,1,145,0,4,37,6,0,27,0
ERR561498,ob_goodrich,H,0,0,0,744,351,0,0,3,113,0,0,807,5,21,124,0,0,6,0,115,43,1,31,17,61,0,0,411,0,1,233,0,0,30,0,4,6,6,45,0,0,6,0,0,2,0,90,7,0,1,31,2,5,89,183,0,0,23,6,4,2,50,16,150,32,1,22,0,1,0,0
ERR561499,ob_goodrich,OW,0,1,0,50,308,0,1,5,98,0,0,1546,34,23,1290,0,2,4,2,33,59,0,1919,4,9,0,1,554,2,170,321,0,0,8,1,4,4,15,58,0,0,21,3,0,0,0,70,0,0,945,19,0,33,145,823,8,0,1,0,3308,1,301,50,100,31,0,16,3,3,0,4
ERR561500,ob_goodrich,H,0,0,0,10,46,0,0,3,457,0,0,791,2,2,616,0,1,1222,0,18,68,4,382,17,150,0,0,78,4,5,140,0,0,88,0,0,72,0,84,0,0,9,0,0,0,0,314,0,0,0,0,0,11,46,482,139,0,0,0,16350,0,426,40,91,13,0,11,0,0,0,0
ERR561501,ob_goodrich,OW,21,0,0,532,309,9,0,29,103,0,0,1971,160,0,1181,0,30,12,11,51,106,5,683,65,23,2,0,2254,96,850,572,0,0,1566,65,2,231,13,292,0,0,26,1,44,4,0,705,1,1,0,78,21,27,678,510,0,0,4,13,253,12,476,1494,605,630,0,75,0,19,0,4
ERR561502,ob_goodrich,H,0,0,1,1,853,4,0,2,340,0,3,8814,122,272,1140,0,3,22,0,41,143,9,797,25,74,0,0,2280,0,98,1476,0,0,0,2,0,1665,4,417,2,71,22,0,0,0,0,417,135,0,0,1,0,27,68,469,0,6,15,0,1691,1,5225,1962,213,16,2,221,0,1,64,0
ERR561503,ob_goodrich,H,3,0,0,232,1539,0,2,17,630,0,0,806,179,56,1276,0,20,23,3,98,335,23,116,3,139,6,14,175,0,61,879,0,0,205,52,8,995,27,3578,5,0,18,0,0,0,0,541,1,0,0,2673,3,13,106,120,0,0,145,4,71,5,891,330,1208,123,0,241,0,22,0,0
ERR561505,ob_goodrich,H,4,0,0,0,1963,0,0,2,82,0,0,356,13,22,348,0,12,6,0,124,110,2,210,3,87,0,0,258,0,107,44,0,0,32,0,8,9,8,115,0,0,1,0,0,1,0,112,0,0,0,0,0,24,530,72,0,0,2,4,2,1,47,26,96,51,0,220,0,13,1,0
ERR561506,ob_goodrich,OB,5,0,0,822,3098,0,0,2,554,0,2,1013,10,286,1839,0,30,231,1,1376,196,6,180,4,220,0,5,152,0,4,91,0,11,57,21,7,198,2,120,0,2,32,2,0,3,0,456,0,1,0,1,1,38,70,16,1,2,83,0,5,24,169,965,191,30,1,104,1,107,0,0
ERR561507,ob_goodrich,OW,17,0,2,2,719,0,0,12,1011,0,0,7208,0,2009,6913,0,0,60,0,853,31,125,941,335,1,0,0,143,0,300,434,0,0,71,6,28,709,81,3162,5,0,37,25,0,0,0,971,15,0,0,0,0,62,137,474,0,0,0,0,3,3,2062,1,245,0,7,1982,0,0,0,0
ERR561508,ob_goodrich,H,15,0,1,514,1176,0,1,2,415,0,5,19935,1478,119,665,21,0,16,2,871,224,6,531,45,102,9,0,806,0,35,158,0,0,5,20,10,4349,10,223,0,8,2,6,0,6,0,1293,7,0,0,37,0,0,67,3207,0,26,50,0,1,4,3373,600,247,30,194,77,76,0,16,0
ERR561509,ob_goodrich,H,30,0,2,2,4270,16,0,0,771,0,14,21293,0,0,1358,2,0,4,0,361,175,18,506,69,10,47,0,169,0,4,317,0,1,12,1,15,2662,191,482,0,2,14,4,0,0,0,688,3,0,0,0,1,232,103,2420,0,9,308,0,1,5,1465,1273,680,12,66,44,21,0,3,0
ERR561511,ob_goodrich,H,5,0,0,1,3680,0,1,2,1771,0,3,1733,0,149,1227,0,0,49,0,939,219,49,92,4,185,0,0,1064,14,386,124,0,1,56,21,2,413,6,377,3,0,0,1,0,8,0,271,23,0,0,0,11,1,119,51,0,0,0,0,0,2,523,1387,405,695,0,92,0,0,2,0
ERR561512,ob_goodrich,H,6,0,0,0,1166,0,0,16,479,0,14,27085,0,8,1591,8,0,24,0,172,1,40,299,50,0,17,0,772,0,2,90,0,0,8,968,0,1970,46,34,2,3,0,20,0,0,0,845,1,0,0,0,0,0,105,4,0,416,611,0,2,21,4019,17,189,7,35,3,1,1,6,1
ERR561513,ob_goodrich,OW,0,0,0,194,1475,0,7,0,279,0,0,4859,565,246,1805,0,21,4,1,41,385,18,253,1,1162,0,3,487,216,1,344,1,0,4,1636,20,586,46,465,2,0,5,0,0,0,0,652,0,4,0,0,83,47,246,750,0,0,0,2,5,2,1822,25,828,118,0,271,0,85,0,0
ERR561515,ob_goodrich,OB,29,0,0,2,840,0,0,19,3587,0,0,3685,0,532,2939,0,0,110,0,209,751,27,160,20,9,3,2,72,1,1,1193,0,0,154,2,280,42,63,382,9,0,22,4,0,0,0,171,1,1,0,0,0,53,245,1372,0,0,57,1,16,14,99,2,832,0,1,518,0,0,0,0
ERR561516,ob_goodrich,OW,3,2,0,131,1845,0,0,40,72,2,6,7460,159,251,470,0,0,252,7,74,59,4,587,92,6,14,0,265,0,1705,202,0,0,154,58,7,2992,27,8,0,0,1,3,0,0,0,586,0,0,0,0,0,185,151,823,0,0,0,1,1828,12,489,503,94,63,4,10,142,0,0,40
ERR561517,ob_goodrich,OW,0,4,0,369,373,0,0,2,1045,0,0,2132,120,98,3982,0,0,83,0,155,51,26,655,106,75,0,0,854,0,2,670,0,0,4,1,6,1573,5,1074,0,1,26,1,14,2,0,924,15,2,0,0,66,13,40,741,751,0,0,0,3726,3,1859,49,956,32,1,111,0,0,2,0
ERR561518,ob_goodrich,H,17,0,3,2,2568,0,2,14,119,0,26,24579,978,882,739,17,176,26,0,101,670,13,681,10,222,66,9,589,0,430,340,1,0,23,268,6,8083,134,586,2,1,10,4,0,0,0,801,1,7,0,7,2,71,163,3152,0,16,0,1,0,51,3083,748,813,82,5,44,132,0,0,1
ERR561520,ob_goodrich,H,0,0,0,471,214,0,0,0,457,0,0,2725,88,3,1324,0,0,10,0,220,1,15,944,87,20,0,1,240,306,51,142,0,0,30,0,3,13,18,146,0,0,18,0,0,5,0,1168,0,0,0,10,0,54,367,19,0,0,0,0,2,3,1236,717,199,1,0,14,0,3,0,0
ERR561521,ob_goodrich,OB,0,0,0,0,1129,0,0,0,63,0,0,28755,242,83,157,2,1,48,0,4,429,2,120,11,4,2,0,21,0,130,96,0,5,0,227,2,1072,34,243,0,578,4,2,0,0,0,104,0,0,0,0,0,2,13,544,0,0,1,0,2,4,1067,129,54,6,8,16,15,1,8,0
ERR561522,ob_goodrich,OW,0,0,0,1,2,0,0,99,983,0,0,28074,1,19,8017,0,0,50,0,110,89,63,2322,29,9,0,0,4,0,175,8,3,0,818,5,0,551,315,35,0,0,0,2,0,0,0,551,0,3,0,0,0,0,252,8,0,0,0,0,4,0,8081,33,308,0,1,250,1,1,1,0
ERR561523,ob_goodrich,H,1,0,2,3,346,0,0,33,1201,0,2,1001,1,44,7496,0,0,35,0,159,671,192,401,1,1531,30,0,876,0,405,543,0,2,26,7,13,1340,7,241,4,99,94,1,0,0,0,597,3,1,0,0,1,2,25,32,0,0,0,3,0,2,225,304,577,12,2,28,0,54,13,0
ERR561524,ob_goodrich,OW,0,0,0,160,264,0,1,0,18,0,0,325,6,0,167,0,0,0,0,55,29,0,205,0,32,0,0,52,28,0,34,0,0,2,0,0,3,0,37,0,0,3,0,0,0,0,31,0,0,0,31,0,3,56,50,0,0,10,0,1,0,88,29,15,80,1,14,0,0,7,0
ERR561525,ob_goodrich,H,1,0,0,0,1078,0,2,4,25,0,0,819,14,1,202,0,6,1,0,19,72,0,51,5,549,0,2,122,63,49,21,0,0,18,0,1,29,0,17,0,0,4,0,0,0,0,59,0,0,0,54,9,7,302,125,112,0,0,1,180,1,29,35,151,115,0,21,0,31,1,10
ERR561526,ob_goodrich,H,13,0,2,62,1308,0,2,8,2642,0,0,2698,128,539,8535,0,1,12,0,136,316,31,188,31,9,0,0,984,0,132,1453,0,0,1830,9,9,515,13,350,1,0,55,1,0,0,0,227,2,0,0,3,0,40,58,203,1,0,1,0,1,3,1476,517,537,11,7,95,0,2,0,1
ERR561527,ob_goodrich,H,0,0,1,3676,18,0,0,1,206,0,3,146,9,61,993,0,0,2,0,43,693,1689,88,1,34,0,0,347,0,12,426,0,1,37,1566,20,214,19,115,3,1,14,2,17,0,0,1524,0,0,0,109,0,0,179,21,0,0,3,3,0,0,823,75,199,2,0,83,0,55,1,0
ERR561528,ob_goodrich,OW,92,0,2,19,2344,0,1,44,99,1,9,18499,338,1,1433,2,0,7,1,11,15,3,604,64,2,51,0,35,547,443,295,0,0,75,27,5,2259,24,419,0,142,0,36,0,0,0,264,13,116,0,0,0,93,156,1875,1884,1366,0,2,0,5,1788,180,926,19,142,27,0,0,22,2
ERR561529,ob_goodrich,OW,3,0,1,44,758,0,1,1,289,1,22,4810,371,1234,558,0,12,3,1,72,219,0,134,15,182,0,0,205,0,964,310,0,33,84,3730,4,1447,17,361,5,12,1,6,0,1,0,371,1,32,0,192,0,48,18,462,0,1,0,1,354,5,272,796,182,29,53,85,9,10,6,0
ERR561530,ob_goodrich,H,0,0,0,3,186,0,1,5,334,0,0,2736,0,23,2210,0,0,33,0,36,1,15,608,52,0,0,0,655,58,161,243,0,0,31,0,0,20,1,23,0,1,15,0,0,0,0,564,0,0,0,0,0,59,85,389,0,0,0,0,11,2,1251,369,157,7,0,10,0,0,1,0
ERR561531,ob_goodrich,OB,77,0,2,2,618,28,0,1,101,0,0,28516,53,128,481,1,0,0,0,31,368,3,117,1,80,0,0,109,0,277,169,0,15,11,1,34,1478,95,17,0,67,0,9,0,0,0,296,2,0,0,0,0,0,117,814,0,0,0,0,5,3,2145,1177,525,15,59,96,23,6,64,0
ERR561533,ob_goodrich,OW,3,0,4,2076,1043,0,2,2,2148,0,0,2177,1,0,2380,0,107,26,0,180,6,22,660,1,2,0,115,552,0,0,604,0,0,28,1,70,35,62,1061,0,0,23,0,37,0,0,91,0,0,0,994,5,0,66,2277,0,0,57,37,44,0,1049,319,596,32,1,277,0,0,0,0
ERR561534,ob_goodrich,H,0,0,0,672,149,0,0,16,65,0,1,1107,56,3,67,0,3,3,0,53,105,25,70,2,1317,0,0,84,12,4,39,0,0,36,0,2,4,0,8,0,0,3,0,0,0,0,131,0,1,0,110,23,30,534,246,0,0,39,1,4,0,8,15,137,60,0,17,0,18,0,0
ERR561535,ob_goodrich,H,3,5,2,252,1155,0,3,14,79,0,0,3440,137,255,600,0,83,2,5,459,1149,2,130,5,1198,0,0,675,278,1,182,0,800,516,201,6,1607,5,723,0,81,16,0,25,0,0,1363,24,9,0,92,16,35,586,525,0,1,1,0,143,12,1419,475,312,256,1,22,0,63,14,7
ERR561536,ob_goodrich,H,28,0,1,34080,2425,0,2,6,417,0,9,4712,636,7,3150,0,53,15,0,801,93,8,1011,21,354,0,0,111,0,0,388,0,0,143,57,11,515,5,155,1,0,23,4,0,0,0,233,2,1,0,936,0,73,40,844,0,0,113,0,1,2,3721,217,537,80,2,180,0,58,1,0
ERR561537,ob_goodrich,H,28,0,0,180,3767,0,2,8,68,1,0,21720,1028,86,303,22,40,2,0,244,212,5,334,4,176,1,0,725,642,408,105,0,0,353,0,0,1664,15,208,1,160,4,5,0,2,0,428,1,0,0,241,1,101,798,2824,1471,73,51,0,0,18,359,454,94,137,12,26,171,0,39,44
ERR561538,ob_goodrich,OW,0,0,0,1747,155,0,1,6,612,0,0,1287,16,10,339,0,19,230,0,152,45,0,324,13,69,0,12,525,161,36,115,0,0,216,2,1,13,3,469,0,0,0,0,8,0,0,423,0,1,0,46,10,9,482,278,8,0,2,2,183,2,242,77,259,139,0,423,0,8,1,11
ERR561540,ob_goodrich,H,0,2,0,94,154,0,0,9,169,0,0,3136,35,5,554,0,22,4,3,1128,1,2,1874,20,332,0,0,3052,79,0,39,0,0,1,0,1,22,1,61,0,2,5,0,0,1,0,353,0,0,0,3,2,21,224,641,0,0,0,0,176,4,400,383,154,26,0,31,2,1,6,11
ERR561541,ob_goodrich,OW,2,0,1,73,5427,0,5,79,447,0,5,2966,323,9,2720,0,55,14,0,231,57,62,851,56,3,0,0,453,0,144,203,0,0,22,1,284,372,50,187,6,0,20,0,0,2,0,1757,0,2,0,0,0,151,197,0,0,1,0,0,2,6,2139,308,34,0,0,172,0,0,0,1
ERR561544,ob_goodrich,H,11,0,1,0,1483,0,2,0,46,0,14,10722,591,119,478,7,6,2,0,105,432,7,280,7,427,35,0,537,161,84,191,0,0,5,14,10,2955,24,263,0,91,0,4,0,0,0,999,0,0,16,0,0,45,73,864,0,0,82,0,0,16,5969,3079,220,10,2,11,58,12,83,0
ERR561545,ob_goodrich,H,2,0,1,251,1007,0,6,44,237,0,3,1301,86,83,2423,0,10,44,0,1267,17,41,844,128,0,0,0,251,236,0,503,0,0,359,0,8,233,43,60,0,1,33,2,0,2,0,1563,0,0,0,1,0,48,838,844,126,1,318,0,5,20,1263,120,240,353,3,227,0,0,0,3
ERR561547,ob_goodrich,OB,29,0,4,532,1620,0,0,1,329,0,0,3006,803,93,565,0,63,6,0,550,40,6,430,74,72,1,0,323,38,0,3,0,0,0,165,11,969,5,61,0,11,7,0,0,0,0,296,0,1,0,13,291,195,173,103,0,0,230,0,140,7,743,588,95,118,2,15,0,3,1,101
ERR561549,ob_goodrich,H,148,1,4,399,5373,0,7,0,610,3,53,10512,1113,1055,389,7,124,6,0,666,299,17,432,1,123,157,65,417,47,41,453,4,1,196,5,47,975,129,633,78,3,21,7,0,0,0,1060,1,1,0,699,0,89,422,1484,152,4,12,4,83,71,443,90,1341,37,47,239,39,45,0,0
ERR561550,ob_goodrich,OB,42,3,1,115,822,0,6,18,324,0,0,3450,155,49,1610,0,0,11,0,753,240,6,363,5,76,6,0,367,0,2,387,0,0,930,25,22,363,47,1802,2,2,13,4,16,0,0,341,0,0,0,19,0,33,145,59,0,0,0,0,0,5,889,1263,886,175,3,96,0,1,5,0
ERR561551,ob_goodrich,OW,0,1,0,0,47,0,0,1,256,0,0,325,0,4,1407,0,1,34,0,169,1,4,103,9,259,0,0,2143,0,1,149,0,0,0,0,0,113,0,192,0,0,3,0,7,0,0,111,0,0,0,0,1,1,1,33,12,0,0,0,200,0,193,127,161,25,1,13,0,0,2,0
ERR561552,ob_goodrich,H,6,0,0,1,377,0,1,2,51,0,0,17155,17,0,796,0,58,23,0,354,32,23,2076,64,3,0,0,23,1,1,151,0,0,26,129,13,284,20,163,0,0,12,6,0,0,3,3302,1,0,0,0,0,81,76,826,1,0,0,0,6,1,1319,950,111,0,1,8,2,0,5,0
ERR561553,ob_goodrich,H,6,0,0,268,2599,0,2,1,106,0,9,13270,1105,7,686,1,38,5,0,669,25,13,441,39,1,0,0,495,0,0,89,0,0,2,2,0,2593,6,424,2,5,7,0,0,2,0,1285,1,0,0,1,4,107,410,1031,0,5,92,0,0,12,871,1067,147,426,8,247,99,1,0,67
ERR561555,ob_goodrich,OB,214,0,2,1,74,0,0,0,265,0,0,13752,1,1322,5612,0,0,0,0,33,352,89,1295,79,4,0,3,1,0,2,1,1,0,1033,180,8,362,237,0,2,0,25,1,0,0,0,1851,2,0,0,0,0,0,157,1813,0,612,253,0,2,12,6919,4,422,0,169,100,0,0,0,0
ERR561556,ob_goodrich,H,7,0,0,32,1129,0,2,15,453,0,11,3232,77,69,3538,0,19,5,0,155,986,7,812,3,915,0,0,1605,641,860,965,0,0,633,1,14,848,6,462,0,2,24,0,5,0,0,265,0,4,0,90,1,9,78,2791,286,0,0,0,674,2,2886,339,420,49,1,47,0,51,13,0
ERR561557,ob_goodrich,OW,8,0,2,152,2603,0,4,1,408,0,0,484,58,47,924,0,32,2,0,299,123,3,144,0,90,0,0,313,181,121,109,0,727,29,183,3,195,12,316,0,0,5,0,0,5,0,231,1,0,0,40,4,19,1050,675,0,1,0,0,61,3,50,43,326,98,0,60,0,5,0,0
ERR561558,ob_goodrich,H,41,0,17,3348,3585,0,4,0,832,17,9,9089,1360,71,1357,6,493,7,4,399,73,113,345,24,2,0,0,2392,281,0,149,0,1,27,106,4,1276,5,2,0,19,919,20,0,11,0,875,2,0,0,0,2,1465,668,3162,0,71,147,0,12,20,740,598,774,391,204,17,0,2,18,6
ERR561559,ob_goodrich,OW,1,723,3,481,2532,0,2,46,116,0,17,13722,1305,366,607,1,35,2,0,66,97,10,431,41,205,20,2,179,216,60,85,2,3231,4,2367,26,3090,55,77,1,5,5,6,0,0,0,645,203,1,0,1,0,53,116,1740,1507,8,252,0,3,25,618,489,159,35,25,91,197,1,12,0
ERR561560,ob_goodrich,OW,3,5,1,19,1423,0,0,0,192,0,0,4927,205,24,2239,0,0,25,1,148,3,26,1024,91,11,2,0,1473,0,4,251,0,1,5,0,2,621,3,1611,0,32,10,3,0,1,0,967,0,0,0,169,41,95,495,637,482,0,0,0,1,1,922,1208,531,33,0,108,0,0,48,1
ERR561561,ob_goodrich,H,0,0,0,21,314,0,1,27,1016,0,2,478,56,0,1138,0,7,12,0,155,9,21,2031,28,34,0,0,3045,0,51,60,0,0,17,0,3,32,6,64,0,0,289,0,0,1,0,1086,0,0,0,0,0,45,118,2,0,2,0,0,4,1,391,548,334,50,0,23,0,0,0,16
ERR561562,ob_goodrich,H,3,12,0,30,238,0,3,254,80,0,0,5090,23,36,792,0,25,85,0,167,348,1,503,2,223,0,0,937,1,125,330,0,0,457,0,0,705,7,64,0,160,3,1,0,0,0,1409,1,0,0,23,2,48,73,37,0,0,3,1,0,2,2445,234,147,50,82,22,0,7,109,4
ERR561563,ob_goodrich,H,0,0,0,250,185,2,0,2,1124,0,0,571,14,192,309,0,9,221,0,551,180,0,153,23,118,0,22,244,1,0,127,0,0,47,2,16,25,4,133,0,0,4,0,0,5,0,184,12,1,0,216,59,20,119,126,45,0,71,0,141,3,50,84,233,133,1,28,0,43,0,10
ERR561564,ob_goodrich,H,0,0,0,0,92,0,5,0,148,0,0,1267,9,26,55,0,0,2,0,6,8,62,147,3,0,0,72,0,127,0,16,0,0,14,0,12,6,4,1,0,0,0,1,11,0,0,94,2,0,0,2,0,2,74,510,0,0,66,0,18,0,131,26,55,1,0,103,0,0,0,2
ERR561566,ob_goodrich,H,25,0,4,119,872,0,1,0,42,2,0,7513,693,63,954,2,67,260,0,57,348,1,310,11,57,0,0,213,2,205,251,0,66,610,604,15,1383,12,147,0,3742,6,1,0,0,0,272,1,0,388,68,1,129,28,1645,1,2,76,0,9670,4,497,87,435,9,1722,63,2,44,290,0
ERR561567,ob_goodrich,OW,0,0,1,75,606,0,0,1,213,0,11,16141,1855,216,493,0,121,3,0,55,213,31,417,8,96,1,0,363,0,262,34,0,0,165,636,6,6794,9,378,0,185,40,9,0,1,0,1198,0,0,0,0,0,0,225,3798,0,17,0,0,12,7,3404,468,82,168,43,89,88,11,89,0
ERR561568,ob_goodrich,OW,9,0,0,2,452,0,1,12,737,0,0,5484,501,6,2524,0,0,0,0,14,44,47,1637,21,3,0,0,332,0,243,68,0,0,3,0,8,1118,62,1250,1,0,31,12,0,0,0,763,0,1,0,0,0,174,120,2161,0,1,0,0,3738,15,1208,5,199,0,0,25,0,1,2,0
ERR561569,ob_goodrich,OW,12,0,0,225,5811,0,0,53,198,0,6,2600,443,151,741,0,26,2,0,138,519,1,140,10,636,0,0,190,0,867,265,0,0,28,34,23,1216,13,468,1,0,1,4,0,0,0,142,1,0,0,92,1,69,395,1568,0,1,3,8,3,1,1555,212,129,481,5,74,0,16,0,0
ERR561570,ob_goodrich,H,39,0,0,47,6433,0,0,0,105,0,11,31988,268,301,401,4,0,8,0,187,344,5,1708,69,51,64,0,71,0,3,260,0,0,82,173,6,2402,717,44,0,24,0,16,0,0,0,543,6,2,0,0,0,65,495,2106,0,856,265,0,5,17,2063,2,78,12,12,96,0,17,14,0
ERR561571,ob_goodrich,OW,5,72,0,23,549,0,0,7,10,0,3,1960,37,158,10292,0,1,2,21,1554,182,28,502,0,77,0,0,710,0,5,953,0,0,55,6,13,70,10,840,4,0,29,0,1,0,0,322,0,2,0,0,2,8,81,295,0,0,80,82,147,1,309,263,734,50,0,47,0,5,4,1
ERR561572,ob_goodrich,H,1,0,0,116,354,0,0,44,75,0,0,2129,48,27,1384,0,19,22,0,32,357,33,864,53,220,0,2,826,0,23,298,0,9,84,3,4,5,4,41,1,0,19,0,0,0,0,686,0,3,0,0,0,30,219,80,0,0,20,0,5,0,443,410,143,5,3,38,0,16,15,23
ERR561573,ob_goodrich,OB,43,0,4,0,343,0,2,0,1604,1,8,11627,496,1052,1705,27,41,13,0,77,173,1,703,40,0,3,0,188,200,553,681,0,0,0,2,0,2947,13,427,1,0,9,6,16,0,0,877,0,0,0,156,13,59,36,2569,1480,0,0,0,1004,5,2777,2119,351,300,14,79,73,0,2,2
ERR561574,ob_goodrich,OB,0,0,0,0,1196,0,0,47,279,0,0,7458,45,299,1040,0,5,6,0,138,34,3,297,257,1,0,0,256,0,105,854,0,0,279,0,1,262,94,0,2,3,11,0,0,0,0,196,6,0,0,0,1,50,100,1595,0,0,0,0,1,3,6594,3,852,0,6,94,0,0,2,0
ERR561575,ob_goodrich,H,66,0,1,406,2044,0,0,8,8,6,20,7922,1447,285,2051,6,29,18,0,788,109,44,109,9,137,41,0,164,30,0,60,0,0,38,2,68,788,10,38,6,3,21,1,0,6,0,496,4,0,0,0,0,31,52,846,0,22,0,0,2,7,416,386,484,42,15,107,2,4,3,0
ERR561576,ob_goodrich,OB,20,0,0,2165,45,0,0,0,1058,0,4,984,217,38,6101,0,0,40,0,50,0,40,413,323,94,0,1,104,0,337,1172,0,157,56,0,71,543,28,0,3,0,80,0,0,0,0,984,12,0,0,0,0,5,100,1,0,0,0,0,1,11,4898,10,40,0,1,90,0,0,1,1
ERR561577,ob_goodrich,H,0,0,2,506,4479,4,0,10,632,0,1,5268,15,112,4395,0,12,34,0,34,162,32,232,33,30,0,1,1627,0,7,824,1,0,1744,7,47,294,22,400,7,0,36,0,0,1,0,189,0,20,1,0,0,0,23,242,0,0,16,0,3,3,8497,2191,824,68,12,137,0,2,5,0
ERR561578,ob_goodrich,OW,1,0,3,3765,1959,1,2,2,394,0,7,1345,548,277,2402,0,30,1,0,396,1642,26,249,2,320,4,0,1348,219,1,211,0,0,244,1,30,1124,27,145,1,1,1,1,0,9,0,175,0,2,0,1,1,43,235,480,0,0,177,0,12,11,2837,509,333,577,0,131,0,192,50,0
ERR561579,ob_goodrich,H,12,24,0,2,6970,0,0,23,127,0,8,12649,1771,50,771,3,72,13,0,481,277,28,363,6,130,0,0,598,11,0,198,0,0,117,4,4,946,25,233,0,24,48,6,0,0,0,339,0,2,0,0,0,96,61,784,0,530,1,14,10,4,2505,387,174,1306,0,24,0,3,3,1
ERR561580,ob_goodrich,H,13,0,2,1065,5509,0,3,3,450,0,6,3260,724,308,2523,0,0,5,6,1345,824,12,872,5,258,20,2,292,28,1349,585,0,0,424,3,10,1799,9,127,0,0,14,2,0,1,0,318,0,0,0,848,11,50,137,1007,0,0,0,0,4,2,500,62,414,97,0,251,0,21,2,0
ERR561581,ob_goodrich,H,0,0,0,170,1949,0,1,39,453,0,0,1082,9,17,615,0,29,10,1,345,23,2,173,33,109,0,0,4978,82,21,111,0,0,186,0,9,125,4,98,3,1,4,0,12,0,0,213,3,0,0,86,9,36,452,386,26,0,0,0,3,1,180,175,114,180,2,7,0,0,5,5
ERR561582,ob_goodrich,OB,0,0,0,6,97,0,3,1,77,0,0,3018,1,1,1589,0,1,1,0,11,3,6,1451,62,12,0,0,226,0,2,265,0,0,3,0,0,5,3,239,1,0,19,2,0,1,0,342,0,0,0,1,0,2,104,17,592,0,83,0,15,0,560,31,154,8,0,15,0,255,0,1
ERR561583,ob_goodrich,OW,8,0,5,0,1434,0,0,7,149,0,11,7097,2541,433,546,6,39,0,0,471,525,3,124,2,402,0,0,873,0,840,168,0,0,6,2,5,2408,11,156,3,418,1,2,0,0,0,542,24,1,0,0,1,44,377,202,0,122,0,0,7683,5,3013,616,142,149,41,13,0,78,103,0
ERR561584,ob_goodrich,H,22,0,1,44,2936,0,5,2,102,0,0,3792,1041,36,1196,0,0,8,1,105,512,4,3323,17,145,0,1,145,1,2,251,0,1,128,9,3,1147,21,477,4,1,9,0,0,0,0,996,2,0,0,0,0,332,280,298,0,0,103,1,2,50,1674,626,160,279,0,42,0,52,3,4
ERR561585,ob_goodrich,OB,0,0,2,1040,419,0,0,3,2002,0,0,3737,84,42,4443,0,6,0,0,10,307,226,2265,61,407,0,0,542,0,269,1201,0,431,92,1,1,419,54,1,6,251,0,0,0,0,0,1083,5,0,0,0,0,6,41,373,0,0,0,0,5,1,12,0,439,1,3,12,0,0,17,0
ERR561586,ob_goodrich,OW,5,0,0,0,165,0,0,0,17,0,0,713,0,0,231,0,1,0,0,67,77,1,52,0,22,0,0,122,0,19,41,0,0,2,0,0,12,0,42,0,0,4,0,6,0,0,20,0,0,0,0,0,0,165,193,40,0,0,0,27,1,87,19,62,190,0,8,0,1,1,0
ERR561588,ob_goodrich,OW,1,0,0,276,113,0,1,4,562,0,0,365,5,6,800,0,5,65,0,267,126,22,433,5,64,0,7,460,6,0,191,0,0,40,1,0,60,15,772,1,0,10,1,0,1,0,434,0,0,0,46,6,30,345,337,0,0,171,2,1512,1,560,79,1020,177,0,54,0,13,3,16
ERR561590,ob_goodrich,H,4,0,0,46,632,0,3,4,97,0,0,2364,0,13,645,0,2,15,8,172,1034,17,764,4,201,0,0,2593,8,1229,388,0,273,59,750,2,304,5,97,1,0,4,1,0,4,0,1748,6,0,0,0,0,34,147,58,0,0,0,0,3040,0,443,117,61,29,3,29,0,30,7,0
ERR561591,ob_goodrich,OB,11,1,0,39,993,0,1,0,241,0,1,3874,179,37,884,0,6,7,0,88,79,3,787,61,81,2,1,87,19,8,115,0,71,308,11,11,547,27,200,1,7,70,1,6,0,0,225,4,1,0,2,1,26,94,913,636,0,169,0,20,2,2561,89,402,26,0,18,0,8,4,0
ERR561593,ob_goodrich,H,0,0,1,0,66,0,0,0,28,0,9,21337,1251,122,65,5,0,0,0,13,96,34,750,32,1,18,0,2,0,168,0,0,0,2,1,0,85,42,0,0,30,0,0,0,0,0,233,0,0,0,0,0,3,14,2716,1719,1,0,0,49,3,15,4,0,1,35,46,16,24,50,0
ERR561594,ob_goodrich,OB,0,0,0,211,799,0,0,3,747,0,16,1830,15,36,3103,0,78,42,0,56,144,23,522,1,124,1,0,1842,0,1048,805,0,0,27,2,2,974,9,1206,1,7,28,2,0,0,0,620,0,1,0,0,57,42,31,793,668,0,0,1,171,0,4229,466,752,259,2,41,0,58,7,0
ERR561595,ob_goodrich,H,3,2,0,2120,558,0,0,3,159,0,0,1953,14,12,207,0,5,65,0,69,99,13,176,5,1230,0,0,151,60,75,37,0,0,69,10,5,12,15,100,3,2,2,0,11,0,0,221,0,1,2,0,6,6,479,365,1,0,5,2,169,0,53,16,77,80,0,263,0,15,0,4
ERR561596,ob_goodrich,OW,11,0,0,177,565,0,9,33,897,0,0,629,369,10,3088,0,0,17,7,168,401,4,1492,39,478,0,0,983,0,2081,323,1,0,42,0,54,1070,8,386,2,0,15,0,0,0,0,117,0,1,0,156,91,32,281,0,0,0,0,0,56,2,3384,2425,378,183,0,346,0,25,5,0
ERR561597,ob_goodrich,OW,5,0,0,378,185,0,3,158,172,0,0,920,4,42,1718,0,2,49,0,66,426,80,343,12,380,0,2,628,0,116,339,0,39,122,0,15,14,10,143,0,0,26,2,0,0,0,267,0,2,0,0,1,5,540,1,0,0,0,0,3,1,50,986,163,7,4,62,0,16,0,0
ERR561598,ob_goodrich,OW,1,7,0,0,162,1,1,0,48,0,0,125,57,2,699,3,6,480,0,655,36,0,206,17,44,0,0,1172,57,242,257,0,0,329,0,0,12,0,126,0,1,5,0,9,1,0,697,2,0,1,96,2,25,87,58,122,0,1,1,2084,1,222,32,108,116,2,5,0,0,13,19
ERR561599,ob_goodrich,OW,0,1,0,75,187,0,1,30,51,0,1,379,8,14,502,0,6,2,0,36,23,18,202,10,100,0,0,2971,139,0,94,0,2,111,3,0,218,2,84,0,0,2,0,0,0,0,532,6,0,0,24,35,12,204,171,84,0,0,0,4,0,660,145,102,330,0,31,0,15,4,16
ERR561600,ob_goodrich,OB,8,0,0,675,168,2,6,0,415,0,0,6315,256,9,2828,0,0,0,0,30,308,139,5442,80,62,0,0,197,1,251,814,0,1,141,1174,0,80,66,15,0,3,38,6,0,0,0,353,1,8,0,0,0,1,45,514,0,0,0,2,6,2,1808,15,320,0,2,294,0,2,0,3
ERR561601,ob_goodrich,H,19,0,0,4,5266,0,3,18,1630,0,2,2720,627,592,2299,0,6,9,2,2036,7,1,101,78,92,0,9,951,0,402,226,0,0,99,90,8,836,21,417,5,2,45,0,42,1,0,170,0,0,0,0,1,96,371,1842,0,4,0,0,36,4,1417,28,478,50,2,63,0,0,1,0
ERR561602,ob_goodrich,OW,30,0,5,187,1559,14,2,4,345,0,1,1377,83,202,2082,0,41,17,0,64,40,46,665,54,103,1,37,1412,79,369,583,0,1,880,39,6,449,12,705,2,31,18,2,4,0,0,740,1,0,7,209,135,33,130,266,288,0,95,1,3718,4,1696,438,445,51,34,401,0,23,13,0
ERR561603,ob_goodrich,H,0,0,0,2,6,0,0,1,57,0,0,18,0,0,240,0,0,239,0,51,87,0,104,18,60,0,0,261,18,704,155,0,0,6,0,2,74,2,57,0,0,1,0,3,0,0,135,0,0,0,415,14,1,209,24,58,0,31,1,40,1,155,86,82,192,0,9,0,3,18,0
ERR561604,ob_goodrich,OB,7,0,0,2,1221,0,0,97,113,0,3,2023,266,233,879,1,78,4,79,1393,1420,3,2240,18,1132,1,1,4198,1,90,241,0,0,202,1,0,1175,12,1513,0,42,3,0,0,0,0,1719,3,1,0,0,2,34,384,255,463,0,23,0,5,2,5213,275,232,56,2,106,2,65,13,0
ERR561605,ob_goodrich,H,13,0,0,52,1090,0,2,34,263,0,0,1965,186,22,592,0,24,14,1,2163,153,16,2068,28,197,1,0,292,237,49,212,0,0,60,52,8,497,18,1838,0,0,8,1,7,2,0,1560,1,0,0,38,14,71,157,230,1,0,55,0,0,7,495,1197,682,253,1,160,0,16,0,15
ERR561606,ob_goodrich,OB,15,0,2,2,57,0,0,0,30,0,5,6616,107,1,952,1,0,214,0,15,14,3,273,18,33,0,1,24,0,3,84,0,0,2,17021,7,208,8,5,0,3,1,1,0,0,0,82,20,0,0,0,0,1,4,159,0,46,314,1,4,2,109,103,99,0,29,15,1,2,177,0
ERR561607,ob_goodrich,H,49,229,0,35,1314,19,2,3,61,0,4,4885,344,127,852,0,42,7,0,371,538,3,1695,1,292,0,0,597,20,212,310,0,0,127,5,5,1394,31,769,0,1,6,2,0,5,0,645,0,0,0,27,1,72,290,219,0,1,8,0,0,1,1871,879,405,138,0,40,0,11,3,44
ERR561608,ob_goodrich,H,10,17,0,167,4019,26,2,1,287,0,0,15251,920,96,308,1,233,1,1,221,27,5,414,8,71,39,113,142,118,2,63,0,0,18,283,1,881,37,82,0,9,1,2,0,3,0,530,0,0,12,127,10,73,232,1763,1,131,2,14,1014,17,339,222,47,124,5,44,22,4,1,8
ERR561609,ob_goodrich,H,70,0,1,617,2844,30,7,173,338,0,5,7625,421,70,2042,0,93,8,1,727,1490,1,3880,17,336,48,0,1738,0,970,1463,0,1,500,155,4,3750,66,789,0,70,19,9,0,10,0,1705,0,0,0,39,20,134,786,945,0,346,0,0,18162,16,6627,4894,1204,500,3,200,0,5,8,671
ERR561611,ob_goodrich,OW,1,1,1,15,65,0,0,0,7807,0,2,2346,4,125,10101,0,0,0,0,77,524,470,420,2,11,0,3,486,0,3,16,0,0,168,3,0,6,62,9,26,0,0,0,0,0,0,4846,29,1,0,0,1,1,52,4,0,0,2,0,9,1,59,6,36,3,14,31,0,2,17,0
ERR561612,ob_goodrich,OB,202,0,5,3,2810,0,4,134,307,1,0,17843,1492,903,1022,3,0,0,0,287,70,37,436,240,0,0,0,808,0,503,463,4,0,429,1,21,4585,262,2,0,1,20,0,0,0,0,345,2,1,0,0,3,81,369,791,0,120,0,56,12,340,775,56,1023,4,109,12,251,0,2,0
ERR561613,ob_goodrich,OW,0,0,2,1107,2234,0,7,1,77,0,4,2258,161,0,334,0,23,16,1,1294,276,3,135,10,224,25,7,226,524,0,176,0,1,10,0,0,229,33,1697,0,0,242,2,0,0,0,914,0,0,0,24,7,43,1694,206,143,0,0,0,8,33,40,633,285,454,2,160,0,47,0,0
ERR561614,ob_goodrich,OB,72,0,3,385,797,0,1,14,76,0,33,5641,3,3,1191,2,1,12,20,624,3254,4,112,0,615,42,3,555,0,334,114,0,6,102,460,19,643,15,67,6,1,3,7,0,1,0,261,1,17,0,0,0,7,54,120,2,0,0,0,1,6,263,2627,426,158,2,102,0,561,5,0
ERR561615,ob_goodrich,OW,8,0,0,17,1906,0,1,0,324,0,26,11371,772,102,763,23,63,6,0,254,1037,9,293,21,1075,35,0,1488,2,115,167,0,6,7,165,0,3520,6,1779,0,313,8,6,0,4,0,1175,2,0,0,19,3,57,407,970,0,16,41,0,2,5,2924,1817,155,125,2,80,54,90,7,13
ERR561616,ob_goodrich,OW,2,0,1,0,1027,0,8,2,702,0,0,5299,392,40,4470,0,7,148,0,95,8,54,235,70,12,0,0,2504,1,1,646,0,0,2,0,7,794,22,1435,6,0,43,0,0,0,0,418,0,0,0,3,0,24,84,508,0,0,168,0,1,0,2025,1627,567,211,0,73,1,0,2,0
ERR561617,ob_goodrich,H,111,0,3,1703,2759,0,5,26,135,1,0,11221,1100,206,877,15,155,559,0,1380,447,5,974,28,22,39,0,632,0,3,496,0,0,270,42,0,2421,22,1566,0,24,11,9,0,7,0,5922,0,6,0,0,0,166,712,1527,3,31,181,6,280,9,220,1593,585,322,9,104,57,2,6,0
ERR561618,ob_goodrich,H,4,10,0,77,1449,0,0,11,311,0,3,3551,474,38,1173,0,123,12,2,645,10,7,2034,29,20,4,0,1005,1,0,338,0,0,348,0,1,708,18,579,1,10,7,2,0,0,0,425,0,3,0,17,0,0,164,1760,0,0,2,0,4744,4,425,268,350,53,15,31,1,1,3,0
ERR561619,ob_goodrich,OW,0,0,0,646,237,0,2,9,425,0,0,244,3,3,3034,0,2,6,1,344,247,159,279,24,983,0,0,1168,2,242,832,0,0,9,0,33,23,6,634,2,0,17,0,0,5,0,419,0,0,0,1,2,6,724,160,26,0,0,0,9,0,219,345,322,0,0,54,0,0,0,0
ERR561620,ob_goodrich,OW,0,2,0,214,495,0,2,8,365,0,0,798,165,8,1376,0,0,13,0,25,483,7,165,5,162,0,0,1322,15,0,258,0,0,2,1,2,23,1,126,0,0,8,0,9,0,0,216,0,0,0,0,0,0,168,487,0,0,0,0,1,3,920,129,261,265,0,39,0,17,3,0
ERR561621,ob_goodrich,OW,10,0,0,46,3339,0,1,9,180,0,1,2502,736,0,1000,0,1,10,1,368,156,9,264,4,291,27,18,399,0,178,293,0,0,70,64,82,1153,11,169,0,0,11,2,0,1,0,745,1,0,0,0,14,50,384,355,0,3,110,1,2,14,166,2521,220,133,9,83,0,19,2,0
ERR561622,ob_goodrich,OB,0,2,0,161,2163,0,1,2,214,0,0,750,43,10,787,0,1,15,0,91,26,7,1505,26,30,0,0,517,154,1,113,0,2,42,0,2,97,8,121,0,0,14,0,0,0,0,548,1,0,0,17,32,71,159,387,0,0,0,0,4324,0,397,42,187,58,0,6,1,3,1,7
ERR561623,ob_goodrich,OW,2,0,0,99,629,0,0,89,201,0,0,2386,7,3,989,0,16,5,0,174,293,2,198,1,155,0,1,287,0,36,218,0,0,45,0,1,42,1,82,0,0,5,0,0,2,0,525,2,0,0,4,0,92,90,332,10,0,9,0,17,0,1398,2083,246,66,1,27,0,8,0,15
ERR561624,ob_goodrich,OB,9,13,0,11,2830,4,2,9,149,0,8,4845,463,36,601,0,8,1,0,948,762,8,2315,15,459,0,0,490,10,3,247,0,1,239,64,0,1553,9,107,22,29,14,0,0,2,0,737,0,0,0,23,3,98,176,1009,0,1,19,0,1,11,1768,807,140,134,0,26,0,17,8,159
ERR561625,ob_goodrich,H,7,0,1,735,391,0,0,26,442,0,29,5184,12,24,1314,0,65,9,0,239,167,50,408,5,126,0,161,23,1,0,68,0,13,120,70,79,161,24,38,11,0,8,2,0,1,0,95,1,4,0,2,0,125,81,143,0,0,41,11,26,11,479,183,336,309,1,127,0,3,0,2
ERR561626,ob_goodrich,OW,0,0,0,2771,1465,0,0,9,325,0,4,42743,2,0,421,0,318,12,0,5,42,2,725,100,0,0,1,219,14,0,58,0,0,4,130,1,239,12,71,0,0,0,6,0,0,0,114,0,0,0,0,0,101,97,2529,3,880,290,0,13,4,1093,320,65,12,8,5,0,0,0,0
ERR561627,ob_goodrich,OW,3,5,1,191,107,0,0,12,570,0,4,130,70,10,2942,0,0,5,0,412,2481,3,354,7,3817,0,0,817,2,2255,776,4,7,1259,27,7,764,5,1261,1,1,46,2,0,0,0,550,1,2,0,1,2,3,32,121,3,0,1,0,116,1,3271,117,1277,100,4,169,0,279,9,0
ERR561628,ob_goodrich,H,0,0,0,8,320,0,0,57,208,0,0,1244,3,0,280,0,1,2,0,2,11,10,429,64,59,0,0,37,0,0,49,0,0,1,0,1,8,2,102,0,0,0,1,0,0,0,281,0,0,0,0,0,5,18,1868,0,0,81,1,1,1,434,0,30,27,0,5,0,5,12,0
ERR561629,ob_goodrich,OW,2,0,0,413,1416,0,0,6,33,0,1,849,93,23,101,0,0,2,0,67,325,77,48,3,385,1,0,374,0,39,10,0,0,34,21,161,4,13,61,0,0,19,0,17,0,0,196,0,0,0,0,0,61,77,2,1,0,0,1,133,3,39,233,306,18,0,127,0,14,1,0
ERR561630,ob_goodrich,OB,0,1724,15,8,500,0,0,0,1472,0,0,3135,89,506,8967,0,4,0,0,6,43,35,7370,13,1,77,0,41,12,1,33,0,0,28,1692,2,102,185,17,0,4,3,3,0,0,0,3759,0,0,0,0,0,17,20,556,1,44,1990,0,62,2,125,7,734,0,519,45,4,1,17,0
ERR561631,ob_goodrich,H,1,0,0,332,343,0,2,0,55,0,0,599,6,2,50,0,1,0,0,274,77,0,60,5,118,0,0,6,78,11,22,0,0,18,1,3,20,1,18,0,0,0,0,13,2,0,199,0,0,0,22,14,3,25,413,0,0,26,1,68,0,1,67,14,20,0,11,0,16,1,3
ERR561632,ob_goodrich,OB,17,0,0,1,2896,0,3,16,126,0,1,1803,68,221,547,0,7,16,0,340,238,2,302,4,247,0,0,437,0,309,434,0,0,123,132,9,544,8,368,3,1,9,3,0,2,0,627,0,0,0,0,93,25,843,495,0,0,0,0,71,3,1264,51,153,2,0,98,0,11,0,2
ERR561633,ob_goodrich,OB,9,0,0,27,864,0,1,9,201,0,0,2076,54,192,2503,0,6,21,9,92,254,7,536,6,1422,27,0,779,8,702,629,0,0,4,1,0,2430,0,30,2,0,6,1,0,1,0,198,0,0,0,0,1,11,31,215,1,0,0,0,3,0,5214,439,75,20,0,9,0,1,3,2
ERR561634,ob_goodrich,OW,35,0,0,7640,1911,0,4,1,69,2,0,17247,794,162,89,2,122,0,1,105,44,51,1583,4,190,20,8,290,0,0,46,0,4,241,1169,9,1182,142,31,0,1,3,7,0,2,0,79,0,0,0,1898,17,49,1110,2489,0,5,248,1,6,8,722,114,479,364,1,218,11,3,0,0
ERR561635,ob_goodrich,OW,1,0,0,63,3264,0,2,2,220,0,0,3738,164,234,1149,0,86,2,0,571,318,7,410,7,34,2,0,979,0,56,141,0,0,165,0,3,1213,6,538,0,0,1,2,0,0,0,119,2,0,0,18,1,237,162,639,0,1,47,0,3,0,1574,261,146,346,0,60,0,1,0,1
ERR561636,ob_goodrich,H,0,0,0,3,472,4,0,4,145,0,0,577,0,7,597,0,0,1,0,36,152,1,42,0,64,0,0,600,0,91,73,0,0,7,0,1,84,2,299,0,0,2,0,0,1,0,53,0,2,0,596,0,0,20,1,0,0,0,0,0,0,543,125,73,11,0,7,0,9,16,0
ERR561637,ob_goodrich,H,12,0,0,37,1492,0,4,1,45,0,2,3954,301,43,1027,0,41,8,0,440,174,7,1446,5,136,1,0,1685,0,56,168,0,0,17,44,3,710,16,236,0,0,8,1,0,3,0,1945,0,0,0,0,15,72,285,313,338,1,48,0,0,2,418,1490,271,114,0,12,2,6,0,7
ERR561638,ob_goodrich,OB,14,0,2,598,4068,0,2,32,190,0,17,6075,306,261,965,3,91,32,10,285,55,3,2659,128,27,19,0,3849,0,1654,344,0,0,340,0,4,3538,13,443,0,2,5,4,0,0,0,1361,0,0,0,0,0,75,795,2783,1285,20,1,0,780,12,3053,1231,195,510,36,132,134,0,5,88
ERR561639,ob_goodrich,H,1,0,0,25,63,0,0,2,644,0,0,155,3,9,1269,0,0,10,1,32,168,10,61,4,144,0,0,131,0,141,137,0,0,232,0,1,16,1,284,0,0,47,0,0,2,0,72,4,0,0,0,3,0,175,104,8,0,0,0,0,0,136,52,192,40,0,84,0,26,3,0
ERR561640,ob_goodrich,OW,0,0,0,467,299,0,2,0,1759,0,4,1240,32,324,834,0,7,15,2,41,17,5,107,30,272,0,0,1253,0,268,229,0,0,22,7,0,143,6,114,0,0,11,0,34,0,0,187,0,0,0,0,0,19,137,336,0,0,8,0,3,0,435,657,139,21,0,43,0,0,0,1
ERR561641,ob_goodrich,OB,42,2954,0,2,854,0,0,3,3,1,0,18103,262,0,2043,2,0,30,0,284,35,17,398,201,3,0,4,57,0,0,494,0,0,4,25,13,1151,540,2,0,0,0,1,0,0,0,528,0,0,0,0,2,33,171,2687,1,208,341,3,9,1,2073,213,142,3,0,37,0,1,0,0
ERR561643,ob_goodrich,H,3,0,2,4519,5038,0,1,0,82,0,14,19571,1280,247,290,2,12,2,0,27,146,4,406,0,43,36,179,135,0,386,83,0,0,6,131,2,981,11,373,0,1,6,3,0,0,0,100,0,0,0,46,0,132,118,37,1,82,0,8,30,4,238,136,132,40,3,332,0,16,11,0
ERR561644,ob_goodrich,OB,5,0,2,1021,597,0,1,24,138,0,0,1067,23,25,5778,0,9,23,0,198,441,10,466,120,121,2,3,758,74,3,854,0,0,768,0,0,589,0,726,0,4,31,0,0,12,0,241,0,0,0,0,3,27,46,391,106,0,13,10,179,1,1440,662,390,25,2,134,0,82,5,3
ERR561645,ob_goodrich,OW,60,0,3,159,2174,0,2,18,254,1,12,11297,308,1,3051,5,38,12,1,691,8,4,1256,10,0,81,69,1363,124,1,527,0,0,15,0,2,1676,16,952,0,0,24,3,0,0,0,404,0,0,0,60,6,48,110,578,91,2,237,21,767,3,1650,987,331,128,8,88,33,0,0,1
ERR561646,ob_goodrich,H,7,0,0,18,156,0,0,14,425,0,0,1349,43,8,577,0,4,17,0,112,52,1,1069,2,33,0,0,930,95,75,112,0,5,3,3,0,7,2,34,0,0,5,0,0,0,0,251,0,0,0,33,2,39,125,163,1,0,0,0,12,1,297,160,256,51,0,2,2,3,5,5
ERR561647,ob_goodrich,OW,19,0,0,45,2383,0,1,2,224,1,23,6316,2361,2,599,193,59,8,4,386,27,7,801,125,38,0,0,202,0,2,174,0,0,308,78,2,1214,34,174,1,1,13,5,0,1,0,362,0,4,0,6,36,63,307,1119,911,1,1240,0,15660,11,603,418,358,263,1,42,41,11,0,5
ERR561648,ob_goodrich,H,32,6,1,209,884,0,1,8,13,1,7,4261,144,77,170,0,197,0,0,336,63,1,70,13,56,27,0,376,12,0,47,0,0,304,499,2,2462,7,31,0,0,1,0,9,3,0,999,63,0,0,42,117,28,479,570,0,111,0,0,2,20,99,203,74,217,3,44,1,5,1,39
ERR561649,ob_goodrich,OB,212,0,3,313,1817,0,2,177,197,1,8,11630,314,156,460,0,63,13,1,207,52,44,601,5,65,0,0,1414,0,9,163,0,0,10,0,2,3259,15,682,0,23,8,11,37,1,0,877,0,2,0,0,0,33,1123,983,0,10,263,2,7,25,584,1283,357,507,49,36,59,0,2,11
ERR561650,ob_goodrich,H,1,1,0,256,1567,0,0,0,38,0,1,2261,958,66,400,2,20,0,0,127,25,1,208,24,24,2,0,265,154,70,17,0,0,6,0,60,608,3,40,1,15,5,2,0,0,0,199,0,0,0,0,28,20,65,1339,0,54,22,0,1,4,93,175,13,137,2,5,78,0,3,39
ERR561651,ob_goodrich,OW,8,0,0,743,198,0,2,11,483,0,4,2217,52,19,796,0,0,2,0,818,233,5,337,15,348,2,3,319,14,55,361,0,0,49,80,26,693,15,0,2,0,14,2,28,0,0,363,1,0,0,135,0,6,908,125,82,0,35,0,0,3,396,82,274,85,0,81,0,23,2,0
ERR561652,ob_goodrich,OB,9,0,0,2911,1361,0,6,5,4,0,0,2418,70,136,2945,0,8,2,0,298,1,1,624,85,0,0,0,130,34,91,107,0,0,692,248,30,54,6,14,4,0,56,0,0,0,0,192,2645,0,0,93,0,12,195,321,18,0,0,0,21,3,841,19,28,38,4,51,0,0,0,0
ERR561653,ob_goodrich,OW,15,0,1,14,1438,0,4,24,2037,0,3,1732,99,515,1897,0,0,34,0,293,183,9,235,27,21,0,0,608,0,958,1177,0,0,26,12,16,545,28,1,2,0,36,8,0,0,0,529,283,0,0,0,1,34,341,2,0,0,1,0,56,1,526,947,541,58,21,62,1,7,0,0
ERR561654,ob_goodrich,H,75,0,2,1782,1888,0,1,6,406,0,35,4840,522,98,1864,6,0,1,0,423,428,41,3946,8,429,0,0,511,0,895,646,1,0,1,0,33,2661,36,443,5,12,0,27,0,1,0,574,0,0,0,1,1,78,60,1829,0,25,0,0,1,24,1218,803,241,280,8,74,7,0,5,0
ERR561655,ob_goodrich,H,0,1,0,10,264,0,0,6,343,0,1,506,5,25,1907,0,12,21,2,1517,377,40,95,8,423,1,3,1863,0,0,350,0,0,10,0,4,38,4,545,0,0,11,0,0,0,0,298,0,0,0,53,0,19,105,432,116,0,0,0,391,0,539,563,1138,200,0,12,0,9,9,0
ERR561656,ob_goodrich,H,1,0,0,1857,4111,0,9,13,5,0,0,9099,1072,5,1047,0,225,37,9,2373,88,33,3718,7,224,0,0,217,0,3,91,0,0,35,8,104,834,66,8,1,4,0,1,0,2,0,676,12,0,0,174,2,85,159,39,0,0,1,102,642,3,852,203,352,16,4,26,0,3,0,0
ERR561657,ob_goodrich,H,0,0,0,1,64,0,1,15,8,0,0,5866,1,8,280,0,31,10,0,96,63,85,275,1,35,0,23,91,0,79,250,0,0,2,0,9,19,4,144,0,5,7,0,0,0,0,1980,0,0,0,4,16,0,456,0,1403,0,0,0,2,1,577,32,168,0,0,4,0,8,0,0
ERR561658,ob_goodrich,OW,0,0,0,1732,1358,0,2,4,668,0,2,1217,98,115,6648,0,23,6,2,700,357,64,1940,88,869,0,0,587,1,128,1385,0,0,13,9,25,568,1,219,5,3,28,0,3,0,0,322,0,1,0,0,28,34,371,402,0,0,158,1,13,1,2761,229,444,50,3,153,0,0,0,0
ERR561659,ob_goodrich,OW,85,0,0,1,979,0,8,31,100,0,11,15278,908,161,448,3,8,7,1,1083,241,80,1450,15,43,31,0,995,36,1,45,0,0,238,368,8,4848,27,581,5,4,9,9,20,1,0,1191,1,0,0,131,3,186,146,1302,0,18,308,0,186,10,205,626,832,111,3,366,27,1,0,0
ERR561660,ob_goodrich,H,4,0,1,62,338,0,2,30,98,0,1,1650,138,4,654,0,30,41,6,778,115,615,457,14,148,2,56,172,20,0,209,0,43,15,1476,47,192,12,506,1,0,10,1,0,2,0,704,251,1,0,358,1,15,250,275,0,0,89,3,2,3,585,68,249,78,12,112,0,1,5,1
ERR561661,ob_goodrich,H,62,0,0,2823,8947,0,3,11,240,3,15,7537,141,43,639,6,140,110,0,385,83,18,129,24,894,13,0,1099,246,3,284,0,1,210,252,8,4382,39,285,1,2,5,5,0,1,0,715,1,0,0,118,0,83,489,2151,0,20,69,9,5,70,246,125,454,105,18,69,7,6,0,29
ERR561662,ob_goodrich,OW,0,0,0,3,175,0,1,6,201,0,0,1193,7,1,411,0,1,6,0,13,0,6,224,7,128,0,0,152,0,0,42,0,0,9,0,4,3,3,46,0,0,3,0,0,0,0,93,4,0,0,0,0,10,51,133,0,0,11,0,0,0,46,24,59,43,0,29,0,0,2,1
ERR561663,ob_goodrich,OB,9,0,0,392,3549,0,5,4,238,0,3,2998,184,51,1162,0,8,9,0,2571,81,34,848,64,4,7,0,224,79,0,100,0,0,35,35,16,551,11,764,0,0,27,2,0,0,0,250,0,0,0,68,76,159,123,1229,0,1,242,0,465,3,960,305,85,184,1,49,0,10,0,2
ERR561664,ob_goodrich,OB,0,0,0,9,177,0,0,4,730,0,0,1840,25,23,1946,0,0,15,0,370,46,15,315,32,3,0,0,1261,0,243,102,0,0,21,2,15,47,6,1109,0,0,8,1,19,3,0,281,9,0,0,1,0,27,657,72,0,0,0,0,0,1,90,222,167,436,0,50,0,3,5,0
ERR561665,ob_goodrich,H,7,0,0,5,2281,0,5,5,502,0,5,1563,0,0,3179,0,1,10,1,204,95,37,806,6,172,5,0,436,0,195,349,0,0,15,0,10,1305,28,683,3,0,24,2,0,1,0,806,0,0,0,4,0,0,169,2088,0,4,1,0,275,14,1924,1093,309,15,0,58,0,0,2,0
ERR561666,ob_goodrich,OW,22,0,2,6,707,0,8,0,787,0,2,5552,234,323,3615,0,10,0,0,130,166,337,172,2,14,26,62,773,0,139,323,0,0,26,243,258,275,112,1427,7,0,9,0,0,0,0,587,7,3,0,3,1,31,233,182,0,5,0,1,18,8,46,138,689,0,29,254,0,6,0,0
ERR561667,ob_goodrich,OB,0,0,1,652,3059,0,0,1,530,0,6,18646,806,245,763,6,1,10,6,404,393,11,590,13,35,0,0,658,0,5,203,0,0,1,5,1,1646,3,708,0,37,10,7,0,0,0,573,0,0,0,0,0,48,20,662,1,1,298,0,2,3,2348,99,90,61,19,4,5,1,14,1
ERR561668,ob_goodrich,H,18,0,2,5,947,0,3,9,278,0,6,4223,137,9,544,0,27,18,0,112,851,4,866,7,566,0,0,208,0,212,400,0,0,32,1,0,1810,8,239,0,5,10,1,0,2,0,717,0,0,0,0,1,103,216,224,2,3,0,0,7,4,6006,188,322,22,0,54,0,56,6,12
ERR561669,ob_goodrich,H,2,15,1,60,1417,0,0,1,216,0,3,7345,681,24,651,0,73,0,0,121,300,12,835,1,920,0,0,1563,3,1,121,0,0,29,1,1,1572,7,397,0,16,5,3,0,0,0,464,0,0,0,0,0,134,193,1030,0,0,117,0,0,2,1750,3132,244,35,0,96,1,13,8,25
A10,ob_escobar,H,0,0,0,7,3,0,0,0,0,0,0,53,0,0,35,0,2,0,0,0,0,56,0,2,0,0,0,0,3,7,3,1,0,0,0,0,394,0,8,1,0,0,0,0,0,0,63,1,0,0,0,0,1,5,1,14,10,0,0,199,0,6,6,5,0,1,0,0,0,0,2
A1,ob_escobar,H,0,0,0,9,49,0,0,0,0,0,0,349,11,0,112,0,2,0,0,0,0,59,0,4,0,0,0,0,3,20,5,1,0,0,3,0,482,1,22,1,0,0,0,0,0,0,95,1,0,0,0,0,2,10,7,14,17,0,0,199,3,7,17,19,0,41,0,0,0,0,2
A2,ob_escobar,H,0,0,2,720,30,0,0,0,0,0,0,236,5,0,0,0,0,201,0,1,1,6,1,0,0,0,5,0,0,0,0,0,0,23,26,0,2,0,0,0,0,0,3,0,0,0,1,0,16,0,0,0,1,2,10,0,0,0,0,0,0,0,0,21,0,15,0,0,0,0,1
A3,ob_escobar,H,0,0,0,19,2,0,0,0,0,0,0,138,0,0,34,0,1,14,0,2,3,4,1,0,0,0,0,3,0,27,0,1,1,92,1,0,384,0,9,0,1,0,1,0,0,0,75,0,2,0,0,0,0,7,4,28,7,0,0,83,0,11,1,21,0,27,0,0,0,0,0
A4,ob_escobar,H,0,0,0,1,8,0,0,0,0,0,0,164,0,0,42,0,2,0,0,0,2,5,0,0,0,0,0,9,0,39,2,0,0,104,2,0,420,0,8,0,0,0,1,0,0,0,119,0,2,0,0,0,0,12,5,25,17,0,0,119,0,21,5,16,0,35,0,0,0,0,1
A5,ob_escobar,H,0,0,0,7,6,0,0,0,0,0,0,64,0,0,33,0,0,34,0,49,1,0,0,2,0,0,0,0,0,22,1,0,1,71,1,0,464,0,15,0,1,0,0,0,0,0,134,0,2,0,0,0,3,8,2,16,0,3,0,138,1,58,9,3,0,40,0,0,0,0,0
A6,ob_escobar,H,0,0,0,0,30,0,0,0,0,0,0,126,3,0,42,0,0,0,0,5,0,3,0,0,0,0,0,3,0,3,1,4,0,36,71,0,214,0,18,0,0,0,1,0,0,0,18,0,0,0,0,0,2,10,8,17,1,0,0,1,1,0,2,17,0,6,0,0,0,0,0
A7,ob_escobar,H,0,0,0,3,30,0,0,0,0,0,0,433,2,0,87,0,0,0,0,0,0,30,0,0,0,0,0,0,0,0,0,0,0,184,0,0,276,1,25,0,0,0,0,1,0,0,446,0,0,0,0,0,0,5,0,11,0,6,0,0,3,5,3,6,0,22,0,0,0,1,0
A8,ob_escobar,H,0,0,0,13,99,0,0,0,0,0,0,1015,4,0,31,1,1,0,0,79,9,1,4,0,0,2,0,0,0,3,1,0,0,0,20,0,10,2,2,0,0,0,0,0,0,0,13,0,0,0,0,0,1,5,42,7,4,0,0,0,0,0,0,0,0,0,0,0,0,0,0
A9,ob_escobar,H,0,0,0,43,17,0,0,0,0,0,0,229,1,0,19,1,0,0,0,0,1,12,0,2,0,0,0,0,0,1,4,0,0,61,1,0,271,1,7,1,0,0,0,0,0,0,109,0,0,0,0,0,0,10,10,19,0,9,0,0,0,1,7,9,0,2,0,0,0,0,0
B10,ob_escobar,OW,0,0,0,0,0,0,0,0,0,0,0,6,0,0,98,0,1,0,0,0,0,0,0,1,0,0,0,4,0,10,2,0,0,25,1,0,193,0,10,0,0,0,0,0,0,0,105,0,0,0,0,0,3,9,3,4,5,0,0,46,1,11,0,7,0,9,0,0,0,0,3
B1,ob_escobar,OW,0,9,0,0,1,0,0,0,0,0,0,157,0,0,164,1,1,0,0,0,0,5,0,1,0,0,2,4,1,10,6,0,0,32,8,0,200,3,103,0,0,0,0,0,0,0,961,0,0,0,0,0,3,14,5,19,36,0,0,120,6,17,3,42,0,22,0,0,0,0,3
B2,ob_escobar,OW,0,0,0,6,79,0,0,0,0,0,0,724,13,0,0,0,2,0,0,0,1,6,13,0,0,0,0,0,0,0,0,0,1,0,4,0,52,6,0,0,0,0,5,0,0,0,12,0,0,0,0,0,0,21,25,0,0,26,0,23,3,0,0,1,0,14,0,3,0,2,1
B3,ob_escobar,OW,0,0,0,4,0,0,0,0,0,0,0,30,0,0,44,6,2,51,0,47,3,0,0,0,0,0,0,1,0,34,2,2,1,12,4,6,322,0,15,0,0,0,0,1,0,0,62,0,2,0,0,0,0,18,0,0,5,0,0,146,0,30,16,3,0,3,0,0,0,0,7
B4,ob_escobar,OW,0,0,0,20,1,0,0,0,0,0,1,22,0,0,18,0,0,0,0,1,1,0,0,0,0,0,0,14,0,2,0,0,0,135,0,0,264,0,1,0,0,0,0,0,0,0,372,1,0,0,0,0,0,4,2,0,0,5,0,96,0,1,34,15,0,0,0,0,0,0,0
B5,ob_escobar,OW,0,10,0,3,26,0,0,0,0,0,0,130,0,0,17,0,0,0,0,1,4,10,3,0,0,4,0,0,0,0,2,0,0,209,0,0,423,0,37,0,0,0,1,0,0,0,304,0,0,0,0,0,1,29,8,11,4,0,0,1,2,3,23,15,0,4,0,0,0,0,2
B6,ob_escobar,OW,0,0,0,0,2,0,0,0,0,0,1,0,0,0,37,0,0,322,0,12,7,1,0,0,0,1,0,0,0,3,1,7,3,37,1,0,83,0,0,0,0,0,0,0,0,0,13,0,0,0,0,0,1,18,0,0,0,0,0,21,0,4,4,1,0,0,0,0,0,0,1
B7,ob_escobar,OW,0,0,0,0,1,0,0,0,0,0,0,2,0,0,24,1,0,157,0,0,0,6,0,0,0,1,0,9,0,0,2,1,2,5,1,0,19,0,3,0,0,0,0,0,0,0,221,0,0,0,0,0,0,1,0,0,1,0,0,7,0,1,5,8,0,11,0,0,0,0,0
B8,ob_escobar,OW,0,0,0,0,7,0,0,0,0,0,0,2,3,0,16,1,0,1023,0,2,0,0,0,0,0,0,0,0,0,0,1,1,0,11,0,0,102,0,2,0,0,0,0,0,0,0,147,0,0,0,0,0,0,6,1,4,1,0,0,41,0,9,0,3,0,4,0,0,0,0,0
B9,ob_escobar,OW,0,0,0,3,21,0,0,0,0,0,0,131,0,0,4,0,3,1,0,2,2,0,0,0,0,0,0,0,0,0,0,0,0,34,0,0,223,0,0,0,0,0,0,0,0,0,15,1,0,0,0,0,1,2,1,5,1,0,0,0,0,0,0,0,0,2,0,0,0,0,0
C10,ob_escobar,OB,0,0,0,1,14,0,0,0,0,0,0,94,0,0,47,7,0,3,0,0,12,54,4,19,0,9,5,0,0,2,3,0,0,1,0,0,14,1,0,0,0,0,3,0,0,0,60,0,5,0,0,0,1,1,0,75,0,0,1,1,0,2,2,10,0,33,0,0,0,0,0
C1,ob_escobar,OB,0,5,0,24,19,0,0,0,0,0,0,146,0,0,65,7,0,3,0,0,12,54,4,19,0,9,6,0,0,2,3,0,0,1,1,0,121,1,12,0,0,0,3,0,0,0,166,0,5,0,0,0,3,3,1,79,0,1,1,1,0,2,5,13,0,42,0,0,0,0,0
C2,ob_escobar,OB,0,2,0,0,0,0,0,0,0,0,0,36,0,0,4,0,0,65,0,0,2,0,0,0,0,2,0,1,0,7,0,0,0,13,1,0,254,0,5,0,0,0,0,1,0,0,18,1,0,0,0,0,0,1,0,2,0,0,0,82,1,9,8,1,0,2,0,0,0,0,0
C3,ob_escobar,OB,0,0,0,0,1,0,0,0,0,0,0,28,1,0,6,0,0,203,0,0,1,0,0,0,0,1,0,0,0,13,0,3,0,32,0,0,112,0,2,0,1,0,0,0,0,0,37,26,0,0,0,0,0,1,1,0,0,0,0,423,0,2,0,0,0,22,0,0,0,0,0
C4,ob_escobar,OB,0,0,0,2,9,0,0,0,0,0,0,31,2,0,35,0,0,0,0,1,0,0,0,0,0,0,0,1,0,0,0,0,0,0,0,0,46,0,0,0,0,0,0,0,0,0,49,0,0,0,0,0,0,8,4,10,2,0,0,0,0,0,6,5,0,0,0,0,0,0,0
C5,ob_escobar,OB,0,0,0,0,0,0,0,0,0,0,0,74,0,0,13,0,1,104,0,0,15,0,0,0,2,0,0,0,0,0,4,1,0,16,1,0,214,1,11,0,1,0,1,0,0,0,29,0,0,0,0,0,0,3,3,2,0,0,0,351,1,5,2,2,0,31,0,0,0,2,0
C6,ob_escobar,OB,0,0,0,0,22,0,0,0,0,0,0,286,0,0,22,1,2,0,0,0,0,1,0,0,0,0,0,0,0,0,1,0,0,0,0,0,221,0,23,0,0,0,0,0,0,0,71,0,0,0,0,0,0,0,0,0,7,15,0,0,0,6,1,6,0,0,0,0,0,0,0
C7,ob_escobar,OB,0,0,0,0,0,0,0,0,0,0,1,14,0,0,45,0,0,4,0,1,1,5,0,0,0,0,0,0,0,0,0,1,0,6,1,0,94,0,4,0,0,0,0,0,0,0,23,0,0,0,0,0,0,3,0,1,0,0,0,108,0,0,2,11,0,1,0,2,0,0,0
C8,ob_escobar,OB,0,0,0,0,0,0,0,0,0,0,0,1,0,0,32,0,0,0,0,4,1,0,0,0,0,0,0,5,0,8,2,1,1,20,1,0,165,0,4,0,0,0,0,0,0,0,157,0,2,0,0,0,0,7,0,0,0,0,0,286,1,1,2,2,0,37,0,0,0,2,0
C9,ob_escobar,OB,0,0,0,0,0,0,0,0,0,0,0,4,0,0,30,0,1,426,0,0,0,0,0,0,0,0,0,5,0,18,0,0,0,37,0,0,73,0,8,0,0,0,0,0,0,0,44,0,0,0,0,0,0,1,1,0,0,0,0,63,2,12,1,4,0,4,0,0,0,0,0
